# Сырой лог кольца Vuelo Ring, 2026-09-21 18:56:11–19:55:35 (время телефона), 2994 пакета (лимит лога 3000, начало вытеснено).
# '->' команда приложения, '<-' ответ кольца. После '|' расшифровка (время кольца локальное).
# Служебные пакеты 03/13/06 без запроса идут каждые 1–5 секунд и занимают большую часть лога.

18:56:11.680 <- 03 ca 7d b1 6a f8 12 00 00 99 10 00 00 df 00 00 00 48 3f 00  | 2026-09-21 18:56:10
18:56:11.740 <- 13 ca 7d b1 6a e8 02 00 00 f8 07 00 00 d0 11 00 00 00 00 00  | 2026-09-21 18:56:10
18:56:12.430 <- 06 02 00 00 00 00 00 00 00 00 00 00 00 00 00 00 00 00 00 00
18:56:13.451 <- 06 02 00 00 00 00 00 00 00 00 00 00 00 00 00 00 00 00 00 00
18:56:14.801 <- 06 02 00 00 00 00 00 00 00 00 00 00 00 00 00 00 00 00 00 00
18:56:16.511 <- 06 02 00 00 00 00 00 00 00 00 00 00 00 00 00 00 00 00 00 00
18:56:17.531 <- 06 02 00 00 00 00 00 00 00 00 00 00 00 00 00 00 00 00 00 00
18:56:18.221 <- 06 02 00 00 00 00 00 00 00 00 00 00 00 00 00 00 00 00 00 00
18:56:19.571 <- 06 02 00 00 00 00 00 00 00 00 00 00 00 00 00 00 00 00 00 00
18:56:20.261 <- 06 02 00 00 00 00 00 00 00 00 00 00 00 00 00 00 00 00 00 00
18:56:21.281 <- 06 02 00 00 00 00 00 00 00 00 00 00 00 00 00 00 00 00 00 00
18:56:22.691 <- 06 02 00 00 00 00 00 00 00 00 00 00 00 00 00 00 00 00 00 00
18:56:24.041 <- 06 02 00 00 00 00 00 00 00 00 00 00 00 00 00 00 00 00 00 00
18:56:28.691 <- 06 02 00 00 00 00 00 00 00 00 00 00 00 00 00 00 00 00 00 00
18:56:31.421 <- 06 02 00 00 00 00 00 00 00 00 00 00 00 00 00 00 00 00 00 00
18:56:32.174 <- 06 02 00 00 00 00 00 00 00 00 00 00 00 00 00 00 00 00 00 00
18:56:33.401 <- 06 02 00 00 00 00 00 00 00 00 00 00 00 00 00 00 00 00 00 00
18:56:34.421 <- 06 02 00 00 00 00 00 00 00 00 00 00 00 00 00 00 00 00 00 00
18:56:35.441 <- 06 02 00 00 00 00 00 00 00 00 00 00 00 00 00 00 00 00 00 00
18:56:37.661 <- 06 02 00 00 00 00 00 00 00 00 00 00 00 00 00 00 00 00 00 00
18:56:38.681 <- 06 02 00 00 00 00 00 00 00 00 00 00 00 00 00 00 00 00 00 00
18:56:41.233 <- 06 02 00 00 00 00 00 00 00 00 00 00 00 00 00 00 00 00 00 00
18:56:42.254 <- 06 02 00 00 00 00 00 00 00 00 00 00 00 00 00 00 00 00 00 00
18:56:43.931 <- 06 02 00 00 00 00 00 00 00 00 00 00 00 00 00 00 00 00 00 00
18:56:44.621 <- 06 02 00 00 00 00 00 00 00 00 00 00 00 00 00 00 00 00 00 00
18:56:45.972 <- 06 02 00 00 00 00 00 00 00 00 00 00 00 00 00 00 00 00 00 00
18:56:46.662 <- 06 02 00 00 00 00 00 00 00 00 00 00 00 00 00 00 00 00 00 00
18:56:47.682 <- 06 02 00 00 00 00 00 00 00 00 00 00 00 00 00 00 00 00 00 00
18:56:49.032 <- 06 02 00 00 00 00 00 00 00 00 00 00 00 00 00 00 00 00 00 00
18:56:49.932 <- 06 02 00 00 00 00 00 00 00 00 00 00 00 00 00 00 00 00 00 00
18:56:52.752 <- 06 02 00 00 00 00 00 00 00 00 00 00 00 00 00 00 00 00 00 00
18:56:54.102 <- 06 02 00 00 00 00 00 00 00 00 00 00 00 00 00 00 00 00 00 00
18:56:55.122 <- 06 02 00 00 00 00 00 00 00 00 00 00 00 00 00 00 00 00 00 00
18:56:56.473 <- 06 02 00 00 00 00 00 00 00 00 00 00 00 00 00 00 00 00 00 00
18:56:57.494 <- 06 02 00 00 00 00 00 00 00 00 00 00 00 00 00 00 00 00 00 00
18:56:58.182 <- 06 02 00 00 00 00 00 00 00 00 00 00 00 00 00 00 00 00 00 00
18:56:59.205 <- 06 02 00 00 00 00 00 00 00 00 00 00 00 00 00 00 00 00 00 00
18:57:00.732 <- 06 02 00 00 00 00 00 00 00 00 00 00 00 00 00 00 00 00 00 00
18:57:01.752 <- 06 02 00 00 00 00 00 00 00 00 00 00 00 00 00 00 00 00 00 00
18:57:02.442 <- 06 02 00 00 00 00 00 00 00 00 00 00 00 00 00 00 00 00 00 00
18:57:03.462 <- 06 02 00 00 00 00 00 00 00 00 00 00 00 00 00 00 00 00 00 00
18:57:04.692 <- 06 02 00 00 00 00 00 00 00 00 00 00 00 00 00 00 00 00 00 00
18:57:05.712 <- 06 02 00 00 00 00 00 00 00 00 00 00 00 00 00 00 00 00 00 00
18:57:07.062 <- 06 02 00 00 00 00 00 00 00 00 00 00 00 00 00 00 00 00 00 00
18:57:08.082 <- 06 02 00 00 00 00 00 00 00 00 00 00 00 00 00 00 00 00 00 00
18:57:09.102 <- 06 02 00 00 00 00 00 00 00 00 00 00 00 00 00 00 00 00 00 00
18:57:09.792 <- 06 02 00 00 00 00 00 00 00 00 00 00 00 00 00 00 00 00 00 00
18:57:10.812 <- 06 02 00 00 00 00 00 00 00 00 00 00 00 00 00 00 00 00 00 00
18:57:12.162 <- 06 02 00 00 00 00 00 00 00 00 00 00 00 00 00 00 00 00 00 00
18:57:13.182 <- 06 02 00 00 00 00 00 00 00 00 00 00 00 00 00 00 00 00 00 00
18:57:14.052 <- 06 02 00 00 00 00 00 00 00 00 00 00 00 00 00 00 00 00 00 00
18:57:14.744 <- 03 09 7e b1 6a 0a 13 00 00 a8 10 00 00 df 00 00 00 48 3f 00  | 2026-09-21 18:57:13
18:57:14.744 <- 13 09 7e b1 6a e8 02 00 00 f8 07 00 00 d0 11 00 00 00 00 00  | 2026-09-21 18:57:13
18:57:15.432 <- 06 02 00 00 00 00 00 00 00 00 00 00 00 00 00 00 00 00 00 00
18:57:15.434 <- 03 0a 7e b1 6a 0b 13 00 00 a9 10 00 00 df 00 00 00 48 3f 00  | 2026-09-21 18:57:14
18:57:15.434 <- 13 0a 7e b1 6a e8 02 00 00 f8 07 00 00 d0 11 00 00 00 00 00  | 2026-09-21 18:57:14
18:57:16.152 <- 06 02 00 00 00 00 00 00 00 00 00 00 00 00 00 00 00 00 00 00
18:57:16.842 <- 03 0b 7e b1 6a 0c 13 00 00 aa 10 00 00 df 00 00 00 48 3f 00  | 2026-09-21 18:57:15
18:57:16.844 <- 13 0b 7e b1 6a e9 02 00 00 f8 07 00 00 d0 11 00 00 00 00 00  | 2026-09-21 18:57:15
18:57:16.872 <- 03 0b 7e b1 6a 0d 13 00 00 ab 10 00 00 e0 00 00 00 48 3f 00  | 2026-09-21 18:57:15
18:57:16.873 <- 13 0b 7e b1 6a ea 02 00 00 f8 07 00 00 d0 11 00 00 00 00 00  | 2026-09-21 18:57:15
18:57:17.562 <- 06 02 00 00 00 00 00 00 00 00 00 00 00 00 00 00 00 00 00 00
18:57:17.564 <- 03 0c 7e b1 6a 0e 13 00 00 ac 10 00 00 e0 00 00 00 48 3f 00  | 2026-09-21 18:57:16
18:57:17.564 <- 13 0c 7e b1 6a eb 02 00 00 f8 07 00 00 d0 11 00 00 00 00 00  | 2026-09-21 18:57:16
18:57:17.622 <- 03 0c 7e b1 6a 0f 13 00 00 ad 10 00 00 e0 00 00 00 48 3f 00  | 2026-09-21 18:57:16
18:57:17.625 <- 13 0c 7e b1 6a eb 02 00 00 f8 07 00 00 d0 11 00 00 00 00 00  | 2026-09-21 18:57:16
18:57:18.642 <- 06 02 00 00 00 00 00 00 00 00 00 00 00 00 00 00 00 00 00 00
18:57:18.644 <- 03 0d 7e b1 6a 10 13 00 00 ae 10 00 00 e0 00 00 00 48 3f 00  | 2026-09-21 18:57:17
18:57:18.644 <- 13 0d 7e b1 6a eb 02 00 00 f8 07 00 00 d0 11 00 00 00 00 00  | 2026-09-21 18:57:17
18:57:18.702 <- 03 0d 7e b1 6a 12 13 00 00 af 10 00 00 e0 00 00 00 48 3f 00  | 2026-09-21 18:57:17
18:57:18.705 <- 13 0d 7e b1 6a eb 02 00 00 f8 07 00 00 d0 11 00 00 00 00 00  | 2026-09-21 18:57:17
18:57:19.392 <- 06 02 00 00 00 00 00 00 00 00 00 00 00 00 00 00 00 00 00 00
18:57:19.394 <- 03 0e 7e b1 6a 13 13 00 00 b0 10 00 00 e0 00 00 00 48 3f 00  | 2026-09-21 18:57:18
18:57:19.394 <- 13 0e 7e b1 6a eb 02 00 00 f8 07 00 00 d0 11 00 00 00 00 00  | 2026-09-21 18:57:18
18:57:20.172 <- 03 0f 7e b1 6a 14 13 00 00 b1 10 00 00 e0 00 00 00 48 3f 00  | 2026-09-21 18:57:19
18:57:20.174 <- 13 0f 7e b1 6a eb 02 00 00 f8 07 00 00 d0 11 00 00 00 00 00  | 2026-09-21 18:57:19
18:57:20.532 <- 06 02 00 00 00 00 00 00 00 00 00 00 00 00 00 00 00 00 00 00
18:57:20.564 <- 03 0f 7e b1 6a 15 13 00 00 b2 10 00 00 e0 00 00 00 48 3f 00  | 2026-09-21 18:57:19
18:57:20.564 <- 13 0f 7e b1 6a eb 02 00 00 f8 07 00 00 d0 11 00 00 00 00 00  | 2026-09-21 18:57:19
18:57:21.252 <- 03 10 7e b1 6a 16 13 00 00 b3 10 00 00 e0 00 00 00 48 3f 00  | 2026-09-21 18:57:20
18:57:21.254 <- 13 10 7e b1 6a eb 02 00 00 f8 07 00 00 d0 11 00 00 00 00 00  | 2026-09-21 18:57:20
18:57:21.942 <- 03 10 7e b1 6a 17 13 00 00 b4 10 00 00 e0 00 00 00 48 3f 00  | 2026-09-21 18:57:20
18:57:21.945 <- 13 10 7e b1 6a eb 02 00 00 f8 07 00 00 d0 11 00 00 00 00 00  | 2026-09-21 18:57:20
18:57:21.945 <- 06 02 00 00 00 00 00 00 00 00 00 00 00 00 00 00 00 00 00 00
18:57:21.974 <- 03 10 7e b1 6a 18 13 00 00 b5 10 00 00 e0 00 00 00 48 3f 00  | 2026-09-21 18:57:20
18:57:21.974 <- 13 10 7e b1 6a eb 02 00 00 f8 07 00 00 d0 11 00 00 00 00 00  | 2026-09-21 18:57:20
18:57:22.663 <- 06 02 00 00 00 00 00 00 00 00 00 00 00 00 00 00 00 00 00 00
18:57:22.664 <- 03 11 7e b1 6a 19 13 00 00 b5 10 00 00 e0 00 00 00 48 3f 00  | 2026-09-21 18:57:21
18:57:22.664 <- 13 11 7e b1 6a eb 02 00 00 f8 07 00 00 d0 11 00 00 00 00 00  | 2026-09-21 18:57:21
18:57:22.694 <- 03 11 7e b1 6a 1a 13 00 00 b6 10 00 00 e0 00 00 00 48 3f 00  | 2026-09-21 18:57:21
18:57:22.695 <- 13 11 7e b1 6a eb 02 00 00 f8 07 00 00 d0 11 00 00 00 00 00  | 2026-09-21 18:57:21
18:57:23.382 <- 03 12 7e b1 6a 1b 13 00 00 b7 10 00 00 e0 00 00 00 48 3f 00  | 2026-09-21 18:57:22
18:57:23.384 <- 13 12 7e b1 6a eb 02 00 00 f8 07 00 00 d0 11 00 00 00 00 00  | 2026-09-21 18:57:22
18:57:24.073 <- 06 02 00 00 00 00 00 00 00 00 00 00 00 00 00 00 00 00 00 00
18:57:24.074 <- 03 13 7e b1 6a 1c 13 00 00 b8 10 00 00 e0 00 00 00 48 3f 00  | 2026-09-21 18:57:23
18:57:24.074 <- 13 13 7e b1 6a eb 02 00 00 f8 07 00 00 d0 11 00 00 00 00 00  | 2026-09-21 18:57:23
18:57:24.104 <- 03 13 7e b1 6a 1d 13 00 00 b9 10 00 00 e0 00 00 00 48 3f 00  | 2026-09-21 18:57:23
18:57:24.104 <- 13 13 7e b1 6a ec 02 00 00 f8 07 00 00 d0 11 00 00 00 00 00  | 2026-09-21 18:57:23
18:57:24.131 <- 03 13 7e b1 6a 1e 13 00 00 ba 10 00 00 e0 00 00 00 48 3f 00  | 2026-09-21 18:57:23
18:57:24.134 <- 13 13 7e b1 6a ed 02 00 00 f8 07 00 00 d0 11 00 00 00 00 00  | 2026-09-21 18:57:23
18:57:24.823 <- 03 13 7e b1 6a 1f 13 00 00 bb 10 00 00 e0 00 00 00 48 3f 00  | 2026-09-21 18:57:23
18:57:24.825 <- 13 13 7e b1 6a ee 02 00 00 f8 07 00 00 d0 11 00 00 00 00 00  | 2026-09-21 18:57:23
18:57:24.854 <- 06 02 00 00 00 00 00 00 00 00 00 00 00 00 00 00 00 00 00 00
18:57:24.854 <- 03 13 7e b1 6a 20 13 00 00 bc 10 00 00 e0 00 00 00 48 3f 00  | 2026-09-21 18:57:23
18:57:24.854 <- 13 13 7e b1 6a ef 02 00 00 f8 07 00 00 d0 11 00 00 00 00 00  | 2026-09-21 18:57:23
18:57:25.273 <- 03 14 7e b1 6a 21 13 00 00 bc 10 00 00 e0 00 00 00 48 3f 00  | 2026-09-21 18:57:24
18:57:25.275 <- 13 14 7e b1 6a f0 02 00 00 f8 07 00 00 d0 11 00 00 00 00 00  | 2026-09-21 18:57:24
18:57:25.633 <- 03 14 7e b1 6a 22 13 00 00 bd 10 00 00 e1 00 00 00 48 3f 00  | 2026-09-21 18:57:24
18:57:25.635 <- 13 14 7e b1 6a f1 02 00 00 f8 07 00 00 d0 11 00 00 00 00 00  | 2026-09-21 18:57:24
18:57:25.664 <- 03 14 7e b1 6a 23 13 00 00 be 10 00 00 e1 00 00 00 48 3f 00  | 2026-09-21 18:57:24
18:57:25.664 <- 13 14 7e b1 6a f1 02 00 00 f8 07 00 00 d0 11 00 00 00 00 00  | 2026-09-21 18:57:24
18:57:26.451 <- 03 15 7e b1 6a 24 13 00 00 bf 10 00 00 e1 00 00 00 48 3f 00  | 2026-09-21 18:57:25
18:57:26.451 <- 13 15 7e b1 6a f1 02 00 00 f8 07 00 00 d0 11 00 00 00 00 00  | 2026-09-21 18:57:25
18:57:26.451 <- 06 02 00 00 00 00 00 00 00 00 00 00 00 00 00 00 00 00 00 00
18:57:27.493 <- 03 16 7e b1 6a 25 13 00 00 c0 10 00 00 e1 00 00 00 48 3f 00  | 2026-09-21 18:57:26
18:57:27.495 <- 13 16 7e b1 6a f1 02 00 00 f8 07 00 00 d0 11 00 00 00 00 00  | 2026-09-21 18:57:26
18:57:28.512 <- 03 17 7e b1 6a 26 13 00 00 c1 10 00 00 e1 00 00 00 48 3f 00  | 2026-09-21 18:57:27
18:57:28.514 <- 13 17 7e b1 6a f1 02 00 00 f8 07 00 00 d0 11 00 00 00 00 00  | 2026-09-21 18:57:27
18:57:28.514 <- 03 17 7e b1 6a 27 13 00 00 c2 10 00 00 e1 00 00 00 48 3f 00  | 2026-09-21 18:57:27
18:57:28.542 <- 13 17 7e b1 6a f1 02 00 00 f8 07 00 00 d0 11 00 00 00 00 00  | 2026-09-21 18:57:27
18:57:28.902 <- 03 17 7e b1 6a 28 13 00 00 c3 10 00 00 e1 00 00 00 48 3f 00  | 2026-09-21 18:57:27
18:57:28.904 <- 13 17 7e b1 6a f1 02 00 00 f8 07 00 00 d0 11 00 00 00 00 00  | 2026-09-21 18:57:27
18:57:28.904 <- 06 02 00 00 00 00 00 00 00 00 00 00 00 00 00 00 00 00 00 00
18:57:28.962 <- 03 17 7e b1 6a 29 13 00 00 c3 10 00 00 e1 00 00 00 48 3f 00  | 2026-09-21 18:57:27
18:57:28.963 <- 13 17 7e b1 6a f1 02 00 00 f8 07 00 00 d0 11 00 00 00 00 00  | 2026-09-21 18:57:27
18:57:28.994 <- 03 17 7e b1 6a 2a 13 00 00 c4 10 00 00 e1 00 00 00 48 3f 00  | 2026-09-21 18:57:27
18:57:28.994 <- 13 17 7e b1 6a f1 02 00 00 f8 07 00 00 d0 11 00 00 00 00 00  | 2026-09-21 18:57:27
18:57:30.012 <- 03 18 7e b1 6a 2b 13 00 00 c5 10 00 00 e1 00 00 00 48 3f 00  | 2026-09-21 18:57:28
18:57:30.014 <- 13 18 7e b1 6a f1 02 00 00 f8 07 00 00 d0 11 00 00 00 00 00  | 2026-09-21 18:57:28
18:57:30.042 <- 06 02 00 00 00 00 00 00 00 00 00 00 00 00 00 00 00 00 00 00
18:57:30.044 <- 03 18 7e b1 6a 2c 13 00 00 c6 10 00 00 e1 00 00 00 48 3f 00  | 2026-09-21 18:57:28
18:57:30.044 <- 13 18 7e b1 6a f1 02 00 00 f8 07 00 00 d0 11 00 00 00 00 00  | 2026-09-21 18:57:28
18:57:31.092 <- 03 19 7e b1 6a 2d 13 00 00 c7 10 00 00 e1 00 00 00 48 3f 00  | 2026-09-21 18:57:29
18:57:31.094 <- 13 19 7e b1 6a f1 02 00 00 f8 07 00 00 d0 11 00 00 00 00 00  | 2026-09-21 18:57:29
18:57:31.124 <- 06 02 00 00 00 00 00 00 00 00 00 00 00 00 00 00 00 00 00 00
18:57:31.124 <- 03 1a 7e b1 6a 2e 13 00 00 c8 10 00 00 e1 00 00 00 48 3f 00  | 2026-09-21 18:57:30
18:57:31.124 <- 13 1a 7e b1 6a f1 02 00 00 f8 07 00 00 d0 11 00 00 00 00 00  | 2026-09-21 18:57:30
18:57:31.843 <- 03 1b 7e b1 6a 2f 13 00 00 c9 10 00 00 e1 00 00 00 48 3f 00  | 2026-09-21 18:57:31
18:57:31.844 <- 13 1b 7e b1 6a f1 02 00 00 f8 07 00 00 d0 11 00 00 00 00 00  | 2026-09-21 18:57:31
18:57:32.532 <- 03 1b 7e b1 6a 30 13 00 00 ca 10 00 00 e1 00 00 00 48 3f 00  | 2026-09-21 18:57:31
18:57:32.534 <- 13 1b 7e b1 6a f1 02 00 00 f8 07 00 00 d0 11 00 00 00 00 00  | 2026-09-21 18:57:31
18:57:32.534 <- 06 02 00 00 00 00 00 00 00 00 00 00 00 00 00 00 00 00 00 00
18:57:32.592 <- 03 1b 7e b1 6a 31 13 00 00 ca 10 00 00 e1 00 00 00 48 3f 00  | 2026-09-21 18:57:31
18:57:32.594 <- 13 1b 7e b1 6a f1 02 00 00 f8 07 00 00 d0 11 00 00 00 00 00  | 2026-09-21 18:57:31
18:57:33.282 <- 06 02 00 00 00 00 00 00 00 00 00 00 00 00 00 00 00 00 00 00
18:57:33.283 <- 03 1c 7e b1 6a 32 13 00 00 cb 10 00 00 e1 00 00 00 48 3f 00  | 2026-09-21 18:57:32
18:57:33.284 <- 13 1c 7e b1 6a f1 02 00 00 f8 07 00 00 d0 11 00 00 00 00 00  | 2026-09-21 18:57:32
18:57:34.995 <- 06 02 00 00 00 00 00 00 00 00 00 00 00 00 00 00 00 00 00 00
18:57:34.995 <- 03 1d 7e b1 6a 33 13 00 00 cc 10 00 00 e1 00 00 00 48 3f 00  | 2026-09-21 18:57:33
18:57:34.995 <- 13 1d 7e b1 6a f1 02 00 00 f8 07 00 00 d0 11 00 00 00 00 00  | 2026-09-21 18:57:33
18:57:35.052 <- 03 1d 7e b1 6a 34 13 00 00 cd 10 00 00 e1 00 00 00 48 3f 00  | 2026-09-21 18:57:33
18:57:35.054 <- 13 1d 7e b1 6a f1 02 00 00 f8 07 00 00 d0 11 00 00 00 00 00  | 2026-09-21 18:57:33
18:57:35.742 <- 06 02 00 00 00 00 00 00 00 00 00 00 00 00 00 00 00 00 00 00
18:57:35.744 <- 03 1e 7e b1 6a 35 13 00 00 ce 10 00 00 e1 00 00 00 48 3f 00  | 2026-09-21 18:57:34
18:57:35.744 <- 13 1e 7e b1 6a f1 02 00 00 f8 07 00 00 d0 11 00 00 00 00 00  | 2026-09-21 18:57:34
18:57:35.802 <- 03 1e 7e b1 6a 36 13 00 00 cf 10 00 00 e1 00 00 00 48 3f 00  | 2026-09-21 18:57:34
18:57:35.804 <- 13 1e 7e b1 6a f1 02 00 00 f8 07 00 00 d0 11 00 00 00 00 00  | 2026-09-21 18:57:34
18:57:36.942 <- 03 1f 7e b1 6a 37 13 00 00 d0 10 00 00 e1 00 00 00 48 3f 00  | 2026-09-21 18:57:35
18:57:36.944 <- 13 1f 7e b1 6a f1 02 00 00 f8 07 00 00 d0 11 00 00 00 00 00  | 2026-09-21 18:57:35
18:57:36.972 <- 06 02 00 00 00 00 00 00 00 00 00 00 00 00 00 00 00 00 00 00
18:57:36.974 <- 03 20 7e b1 6a 38 13 00 00 d1 10 00 00 e2 00 00 00 48 3f 00  | 2026-09-21 18:57:36
18:57:36.974 <- 13 20 7e b1 6a f1 02 00 00 f8 07 00 00 d0 11 00 00 00 00 00  | 2026-09-21 18:57:36
18:57:37.693 <- 03 20 7e b1 6a 39 13 00 00 d1 10 00 00 e2 00 00 00 48 3f 00  | 2026-09-21 18:57:36
18:57:37.694 <- 13 20 7e b1 6a f1 02 00 00 f8 07 00 00 d0 11 00 00 00 00 00  | 2026-09-21 18:57:36
18:57:37.725 <- 03 20 7e b1 6a 3a 13 00 00 d2 10 00 00 e2 00 00 00 48 3f 00  | 2026-09-21 18:57:36
18:57:37.725 <- 13 20 7e b1 6a f1 02 00 00 f8 07 00 00 d0 11 00 00 00 00 00  | 2026-09-21 18:57:36
18:57:37.725 <- 03 20 7e b1 6a 3b 13 00 00 d3 10 00 00 e2 00 00 00 48 3f 00  | 2026-09-21 18:57:36
18:57:37.755 <- 13 20 7e b1 6a f1 02 00 00 f8 07 00 00 d0 11 00 00 00 00 00  | 2026-09-21 18:57:36
18:57:37.783 <- 03 20 7e b1 6a 3c 13 00 00 d4 10 00 00 e2 00 00 00 48 3f 00  | 2026-09-21 18:57:36
18:57:37.783 <- 13 20 7e b1 6a f1 02 00 00 f8 07 00 00 d0 11 00 00 00 00 00  | 2026-09-21 18:57:36
18:57:38.142 <- 06 02 00 00 00 00 00 00 00 00 00 00 00 00 00 00 00 00 00 00
18:57:38.502 <- 03 20 7e b1 6a 3d 13 00 00 d5 10 00 00 e2 00 00 00 48 3f 00  | 2026-09-21 18:57:36
18:57:38.504 <- 13 20 7e b1 6a f1 02 00 00 f8 07 00 00 d0 11 00 00 00 00 00  | 2026-09-21 18:57:36
18:57:38.504 <- 03 21 7e b1 6a 3e 13 00 00 d6 10 00 00 e2 00 00 00 48 3f 00  | 2026-09-21 18:57:37
18:57:38.534 <- 13 21 7e b1 6a f1 02 00 00 f8 07 00 00 d0 11 00 00 00 00 00  | 2026-09-21 18:57:37
18:57:39.222 <- 06 02 00 00 00 00 00 00 00 00 00 00 00 00 00 00 00 00 00 00
18:57:39.912 <- 03 22 7e b1 6a 3f 13 00 00 d7 10 00 00 e2 00 00 00 48 3f 00  | 2026-09-21 18:57:38
18:57:39.914 <- 13 22 7e b1 6a f1 02 00 00 f8 07 00 00 d0 11 00 00 00 00 00  | 2026-09-21 18:57:38
18:57:40.932 <- 06 02 00 00 00 00 00 00 00 00 00 00 00 00 00 00 00 00 00 00
18:57:41.622 <- 06 02 00 00 00 00 00 00 00 00 00 00 00 00 00 00 00 00 00 00
18:57:42.643 <- 06 02 00 00 00 00 00 00 00 00 00 00 00 00 00 00 00 00 00 00
18:57:43.993 <- 06 02 00 00 00 00 00 00 00 00 00 00 00 00 00 00 00 00 00 00
18:57:45.013 <- 06 02 00 00 00 00 00 00 00 00 00 00 00 00 00 00 00 00 00 00
18:57:45.703 <- 06 02 00 00 00 00 00 00 00 00 00 00 00 00 00 00 00 00 00 00
18:57:46.903 <- 06 02 00 00 00 00 00 00 00 00 00 00 00 00 00 00 00 00 00 00
18:57:47.923 <- 06 02 00 00 00 00 00 00 00 00 00 00 00 00 00 00 00 00 00 00
18:57:49.483 <- 06 02 00 00 00 00 00 00 00 00 00 00 00 00 00 00 00 00 00 00
18:57:50.503 <- 06 02 00 00 00 00 00 00 00 00 00 00 00 00 00 00 00 00 00 00
18:57:51.523 <- 06 02 00 00 00 00 00 00 00 00 00 00 00 00 00 00 00 00 00 00
18:57:52.213 <- 03 2f 7e b1 6a 51 13 00 00 e6 10 00 00 e3 00 00 00 48 3f 00  | 2026-09-21 18:57:51
18:57:52.216 <- 13 2f 7e b1 6a 03 03 00 00 f8 07 00 00 d0 11 00 00 00 00 00  | 2026-09-21 18:57:51
18:57:52.903 <- 06 02 00 00 00 00 00 00 00 00 00 00 00 00 00 00 00 00 00 00
18:57:52.905 <- 03 2f 7e b1 6a 52 13 00 00 e7 10 00 00 e3 00 00 00 48 3f 00  | 2026-09-21 18:57:51
18:57:52.905 <- 13 2f 7e b1 6a 04 03 00 00 f8 07 00 00 d0 11 00 00 00 00 00  | 2026-09-21 18:57:51
18:57:52.963 <- 03 2f 7e b1 6a 54 13 00 00 e9 10 00 00 e3 00 00 00 48 3f 00  | 2026-09-21 18:57:51
18:57:52.965 <- 13 2f 7e b1 6a 06 03 00 00 f8 07 00 00 d0 11 00 00 00 00 00  | 2026-09-21 18:57:51
18:57:52.995 <- 03 2f 7e b1 6a 55 13 00 00 ea 10 00 00 e3 00 00 00 48 3f 00  | 2026-09-21 18:57:51
18:57:52.995 <- 13 2f 7e b1 6a 07 03 00 00 f8 07 00 00 d0 11 00 00 00 00 00  | 2026-09-21 18:57:51
18:57:53.683 <- 03 30 7e b1 6a 57 13 00 00 ec 10 00 00 e3 00 00 00 48 3f 00  | 2026-09-21 18:57:52
18:57:53.685 <- 13 30 7e b1 6a 09 03 00 00 f8 07 00 00 d0 11 00 00 00 00 00  | 2026-09-21 18:57:52
18:57:53.715 <- 03 30 7e b1 6a 58 13 00 00 ed 10 00 00 e3 00 00 00 48 3f 00  | 2026-09-21 18:57:52
18:57:53.715 <- 13 30 7e b1 6a 0a 03 00 00 f8 07 00 00 d0 11 00 00 00 00 00  | 2026-09-21 18:57:52
18:57:54.403 <- 06 02 00 00 00 00 00 00 00 00 00 00 00 00 00 00 00 00 00 00
18:57:54.404 <- 03 31 7e b1 6a 5a 13 00 00 ee 10 00 00 e3 00 00 00 48 3f 00  | 2026-09-21 18:57:53
18:57:54.404 <- 13 31 7e b1 6a 0c 03 00 00 f8 07 00 00 d0 11 00 00 00 00 00  | 2026-09-21 18:57:53
18:57:54.462 <- 03 31 7e b1 6a 5c 13 00 00 f0 10 00 00 e3 00 00 00 48 3f 00  | 2026-09-21 18:57:53
18:57:54.465 <- 13 31 7e b1 6a 0e 03 00 00 f8 07 00 00 d0 11 00 00 00 00 00  | 2026-09-21 18:57:53
18:57:54.465 <- 03 31 7e b1 6a 5d 13 00 00 f1 10 00 00 e3 00 00 00 48 3f 00  | 2026-09-21 18:57:53
18:57:54.495 <- 13 31 7e b1 6a 0f 03 00 00 f8 07 00 00 d0 11 00 00 00 00 00  | 2026-09-21 18:57:53
18:57:55.182 <- 03 32 7e b1 6a 5e 13 00 00 f2 10 00 00 e3 00 00 00 48 3f 00  | 2026-09-21 18:57:54
18:57:55.183 <- 13 32 7e b1 6a 10 03 00 00 f8 07 00 00 d0 11 00 00 00 00 00  | 2026-09-21 18:57:54
18:57:55.186 <- 06 02 00 00 00 00 00 00 00 00 00 00 00 00 00 00 00 00 00 00
18:57:55.214 <- 03 32 7e b1 6a 5f 13 00 00 f3 10 00 00 e3 00 00 00 48 3f 00  | 2026-09-21 18:57:54
18:57:55.214 <- 13 32 7e b1 6a 11 03 00 00 f8 07 00 00 d0 11 00 00 00 00 00  | 2026-09-21 18:57:54
18:57:55.242 <- 03 32 7e b1 6a 60 13 00 00 f4 10 00 00 e3 00 00 00 48 3f 00  | 2026-09-21 18:57:54
18:57:55.275 <- 13 32 7e b1 6a 12 03 00 00 f8 07 00 00 d0 11 00 00 00 00 00  | 2026-09-21 18:57:54
18:57:55.963 <- 03 32 7e b1 6a 61 13 00 00 f4 10 00 00 e3 00 00 00 48 3f 00  | 2026-09-21 18:57:54
18:57:55.966 <- 13 32 7e b1 6a 13 03 00 00 f8 07 00 00 d0 11 00 00 00 00 00  | 2026-09-21 18:57:54
18:57:56.322 <- 03 32 7e b1 6a 62 13 00 00 f5 10 00 00 e3 00 00 00 48 3f 00  | 2026-09-21 18:57:54
18:57:56.326 <- 13 32 7e b1 6a 14 03 00 00 f8 07 00 00 d0 11 00 00 00 00 00  | 2026-09-21 18:57:54
18:57:56.326 <- 06 02 00 00 00 00 00 00 00 00 00 00 00 00 00 00 00 00 00 00
18:57:56.355 <- 03 32 7e b1 6a 63 13 00 00 f6 10 00 00 e3 00 00 00 48 3f 00  | 2026-09-21 18:57:54
18:57:56.355 <- 13 32 7e b1 6a 15 03 00 00 f8 07 00 00 d0 11 00 00 00 00 00  | 2026-09-21 18:57:54
18:57:56.385 <- 03 33 7e b1 6a 64 13 00 00 f7 10 00 00 e4 00 00 00 48 3f 00  | 2026-09-21 18:57:55
18:57:56.385 <- 13 33 7e b1 6a 16 03 00 00 f8 07 00 00 d0 11 00 00 00 00 00  | 2026-09-21 18:57:55
18:57:57.072 <- 03 33 7e b1 6a 65 13 00 00 f8 10 00 00 e4 00 00 00 48 3f 00  | 2026-09-21 18:57:55
18:57:57.074 <- 13 33 7e b1 6a 17 03 00 00 f8 07 00 00 d0 11 00 00 00 00 00  | 2026-09-21 18:57:55
18:57:57.102 <- 03 34 7e b1 6a 66 13 00 00 f9 10 00 00 e4 00 00 00 48 3f 00  | 2026-09-21 18:57:56
18:57:57.105 <- 13 34 7e b1 6a 18 03 00 00 f8 07 00 00 d0 11 00 00 00 00 00  | 2026-09-21 18:57:56
18:57:57.793 <- 06 02 00 00 00 00 00 00 00 00 00 00 00 00 00 00 00 00 00 00
18:57:57.795 <- 03 34 7e b1 6a 67 13 00 00 fa 10 00 00 e4 00 00 00 48 3f 00  | 2026-09-21 18:57:56
18:57:57.795 <- 13 34 7e b1 6a 19 03 00 00 f8 07 00 00 d0 11 00 00 00 00 00  | 2026-09-21 18:57:56
18:57:57.852 <- 03 35 7e b1 6a 68 13 00 00 fb 10 00 00 e4 00 00 00 48 3f 00  | 2026-09-21 18:57:57
18:57:57.854 <- 13 35 7e b1 6a 1a 03 00 00 f8 07 00 00 d0 11 00 00 00 00 00  | 2026-09-21 18:57:57
18:57:58.543 <- 03 35 7e b1 6a 69 13 00 00 fb 10 00 00 e4 00 00 00 48 3f 00  | 2026-09-21 18:57:57
18:57:58.544 <- 13 35 7e b1 6a 1b 03 00 00 f8 07 00 00 d0 11 00 00 00 00 00  | 2026-09-21 18:57:57
18:57:58.544 <- 06 02 00 00 00 00 00 00 00 00 00 00 00 00 00 00 00 00 00 00
18:57:59.263 <- 03 35 7e b1 6a 6a 13 00 00 fc 10 00 00 e4 00 00 00 48 3f 00  | 2026-09-21 18:57:57
18:57:59.264 <- 13 35 7e b1 6a 1c 03 00 00 f8 07 00 00 d0 11 00 00 00 00 00  | 2026-09-21 18:57:57
18:57:59.953 <- 06 02 00 00 00 00 00 00 00 00 00 00 00 00 00 00 00 00 00 00
18:57:59.954 <- 03 37 7e b1 6a 6b 13 00 00 fd 10 00 00 e4 00 00 00 48 3f 00  | 2026-09-21 18:57:59
18:57:59.954 <- 13 37 7e b1 6a 1d 03 00 00 f8 07 00 00 d0 11 00 00 00 00 00  | 2026-09-21 18:57:59
18:58:00.673 <- 03 37 7e b1 6a 6c 13 00 00 fe 10 00 00 e4 00 00 00 48 3f 00  | 2026-09-21 18:57:59
18:58:00.674 <- 13 37 7e b1 6a 1e 03 00 00 f8 07 00 00 d0 11 00 00 00 00 00  | 2026-09-21 18:57:59
18:58:00.702 <- 06 02 00 00 00 00 00 00 00 00 00 00 00 00 00 00 00 00 00 00
18:58:01.395 <- 03 37 7e b1 6a 6d 13 00 00 ff 10 00 00 e4 00 00 00 48 3f 00  | 2026-09-21 18:57:59
18:58:01.395 <- 13 37 7e b1 6a 1e 03 00 00 f8 07 00 00 d0 11 00 00 00 00 00  | 2026-09-21 18:57:59
18:58:01.425 <- 03 38 7e b1 6a 6e 13 00 00 00 11 00 00 e4 00 00 00 48 3f 00  | 2026-09-21 18:58:00
18:58:01.425 <- 13 38 7e b1 6a 1e 03 00 00 f8 07 00 00 d0 11 00 00 00 00 00  | 2026-09-21 18:58:00
18:58:02.113 <- 06 02 00 00 00 00 00 00 00 00 00 00 00 00 00 00 00 00 00 00
18:58:02.142 <- 03 39 7e b1 6a 6f 13 00 00 01 11 00 00 e4 00 00 00 48 3f 00  | 2026-09-21 18:58:01
18:58:02.144 <- 13 39 7e b1 6a 1e 03 00 00 f8 07 00 00 d0 11 00 00 00 00 00  | 2026-09-21 18:58:01
18:58:02.144 <- 03 39 7e b1 6a 70 13 00 00 02 11 00 00 e4 00 00 00 48 3f 00  | 2026-09-21 18:58:01
18:58:02.172 <- 13 39 7e b1 6a 1e 03 00 00 f8 07 00 00 d0 11 00 00 00 00 00  | 2026-09-21 18:58:01
18:58:02.202 <- 03 39 7e b1 6a 71 13 00 00 02 11 00 00 e4 00 00 00 48 3f 00  | 2026-09-21 18:58:01
18:58:02.205 <- 13 39 7e b1 6a 1e 03 00 00 f8 07 00 00 d0 11 00 00 00 00 00  | 2026-09-21 18:58:01
18:58:02.893 <- 06 02 00 00 00 00 00 00 00 00 00 00 00 00 00 00 00 00 00 00
18:58:02.894 <- 03 3a 7e b1 6a 72 13 00 00 03 11 00 00 e4 00 00 00 48 3f 00  | 2026-09-21 18:58:02
18:58:02.894 <- 13 3a 7e b1 6a 1e 03 00 00 f8 07 00 00 d0 11 00 00 00 00 00  | 2026-09-21 18:58:02
18:58:03.613 <- 03 3a 7e b1 6a 73 13 00 00 04 11 00 00 e4 00 00 00 48 3f 00  | 2026-09-21 18:58:02
18:58:03.614 <- 13 3a 7e b1 6a 1e 03 00 00 f8 07 00 00 d0 11 00 00 00 00 00  | 2026-09-21 18:58:02
18:58:03.642 <- 03 3a 7e b1 6a 74 13 00 00 05 11 00 00 e4 00 00 00 48 3f 00  | 2026-09-21 18:58:02
18:58:03.644 <- 13 3a 7e b1 6a 1e 03 00 00 f8 07 00 00 d0 11 00 00 00 00 00  | 2026-09-21 18:58:02
18:58:04.333 <- 06 02 00 00 00 00 00 00 00 00 00 00 00 00 00 00 00 00 00 00
18:58:04.362 <- 03 3b 7e b1 6a 75 13 00 00 06 11 00 00 e4 00 00 00 48 3f 00  | 2026-09-21 18:58:03
18:58:04.365 <- 13 3b 7e b1 6a 1e 03 00 00 f8 07 00 00 d0 11 00 00 00 00 00  | 2026-09-21 18:58:03
18:58:05.053 <- 03 3b 7e b1 6a 76 13 00 00 07 11 00 00 e4 00 00 00 48 3f 00  | 2026-09-21 18:58:03
18:58:05.054 <- 13 3b 7e b1 6a 1e 03 00 00 f8 07 00 00 d0 11 00 00 00 00 00  | 2026-09-21 18:58:03
18:58:05.055 <- 06 02 00 00 00 00 00 00 00 00 00 00 00 00 00 00 00 00 00 00
18:58:05.085 <- 03 3c 7e b1 6a 77 13 00 00 08 11 00 00 e4 00 00 00 48 3f 00  | 2026-09-21 18:58:04
18:58:05.085 <- 13 3c 7e b1 6a 1e 03 00 00 f8 07 00 00 d0 11 00 00 00 00 00  | 2026-09-21 18:58:04
18:58:05.773 <- 03 3c 7e b1 6a 79 13 00 00 09 11 00 00 e4 00 00 00 48 3f 00  | 2026-09-21 18:58:04
18:58:05.774 <- 13 3c 7e b1 6a 1e 03 00 00 f8 07 00 00 d0 11 00 00 00 00 00  | 2026-09-21 18:58:04
18:58:06.463 <- 06 02 00 00 00 00 00 00 00 00 00 00 00 00 00 00 00 00 00 00
18:58:07.153 <- 06 02 00 00 00 00 00 00 00 00 00 00 00 00 00 00 00 00 00 00
18:58:08.503 <- 06 02 00 00 00 00 00 00 00 00 00 00 00 00 00 00 00 00 00 00
18:58:09.193 <- 06 02 00 00 00 00 00 00 00 00 00 00 00 00 00 00 00 00 00 00
18:58:10.543 <- 06 02 00 00 00 00 00 00 00 00 00 00 00 00 00 00 00 00 00 00
18:58:11.893 <- 06 02 00 00 00 00 00 00 00 00 00 00 00 00 00 00 00 00 00 00
18:58:13.093 <- 06 02 00 00 00 00 00 00 00 00 00 00 00 00 00 00 00 00 00 00
18:58:14.113 <- 06 02 00 00 00 00 00 00 00 00 00 00 00 00 00 00 00 00 00 00
18:58:15.463 <- 06 02 00 00 00 00 00 00 00 00 00 00 00 00 00 00 00 00 00 00
18:58:16.813 <- 06 02 00 00 00 00 00 00 00 00 00 00 00 00 00 00 00 00 00 00
18:58:17.503 <- 06 02 00 00 00 00 00 00 00 00 00 00 00 00 00 00 00 00 00 00
18:58:18.913 <- 06 02 00 00 00 00 00 00 00 00 00 00 00 00 00 00 00 00 00 00
18:58:19.603 <- 06 02 00 00 00 00 00 00 00 00 00 00 00 00 00 00 00 00 00 00
18:58:20.623 <- 06 02 00 00 00 00 00 00 00 00 00 00 00 00 00 00 00 00 00 00
18:58:21.643 <- 06 02 00 00 00 00 00 00 00 00 00 00 00 00 00 00 00 00 00 00
18:58:22.993 <- 06 02 00 00 00 00 00 00 00 00 00 00 00 00 00 00 00 00 00 00
18:58:24.013 <- 06 02 00 00 00 00 00 00 00 00 00 00 00 00 00 00 00 00 00 00
18:58:25.033 <- 06 02 00 00 00 00 00 00 00 00 00 00 00 00 00 00 00 00 00 00
18:58:26.383 <- 06 02 00 00 00 00 00 00 00 00 00 00 00 00 00 00 00 00 00 00
18:58:27.253 <- 06 02 00 00 00 00 00 00 00 00 00 00 00 00 00 00 00 00 00 00
18:58:28.603 <- 06 02 00 00 00 00 00 00 00 00 00 00 00 00 00 00 00 00 00 00
18:58:29.833 <- 06 02 00 00 00 00 00 00 00 00 00 00 00 00 00 00 00 00 00 00
18:58:31.183 <- 06 02 00 00 00 00 00 00 00 00 00 00 00 00 00 00 00 00 00 00
18:58:31.873 <- 06 02 00 00 00 00 00 00 00 00 00 00 00 00 00 00 00 00 00 00
18:58:32.893 <- 06 02 00 00 00 00 00 00 00 00 00 00 00 00 00 00 00 00 00 00
18:58:33.914 <- 06 02 00 00 00 00 00 00 00 00 00 00 00 00 00 00 00 00 00 00
18:58:35.264 <- 06 02 00 00 00 00 00 00 00 00 00 00 00 00 00 00 00 00 00 00
18:58:36.283 <- 06 02 00 00 00 00 00 00 00 00 00 00 00 00 00 00 00 00 00 00
18:58:37.304 <- 06 02 00 00 00 00 00 00 00 00 00 00 00 00 00 00 00 00 00 00
18:58:38.323 <- 06 02 00 00 00 00 00 00 00 00 00 00 00 00 00 00 00 00 00 00
18:58:39.344 <- 06 02 00 00 00 00 00 00 00 00 00 00 00 00 00 00 00 00 00 00
18:58:40.364 <- 06 02 00 00 00 00 00 00 00 00 00 00 00 00 00 00 00 00 00 00
18:58:41.714 <- 06 02 00 00 00 00 00 00 00 00 00 00 00 00 00 00 00 00 00 00
18:58:42.404 <- 06 02 00 00 00 00 00 00 00 00 00 00 00 00 00 00 00 00 00 00
18:58:43.424 <- 06 02 00 00 00 00 00 00 00 00 00 00 00 00 00 00 00 00 00 00
18:58:44.443 <- 06 02 00 00 00 00 00 00 00 00 00 00 00 00 00 00 00 00 00 00
18:58:45.466 <- 06 02 00 00 00 00 00 00 00 00 00 00 00 00 00 00 00 00 00 00
18:58:46.694 <- 06 02 00 00 00 00 00 00 00 00 00 00 00 00 00 00 00 00 00 00
18:58:47.714 <- 06 02 00 00 00 00 00 00 00 00 00 00 00 00 00 00 00 00 00 00
18:58:48.734 <- 06 02 00 00 00 00 00 00 00 00 00 00 00 00 00 00 00 00 00 00
18:58:49.754 <- 06 02 00 00 00 00 00 00 00 00 00 00 00 00 00 00 00 00 00 00
18:58:50.774 <- 06 02 00 00 00 00 00 00 00 00 00 00 00 00 00 00 00 00 00 00
18:58:51.793 <- 06 02 00 00 00 00 00 00 00 00 00 00 00 00 00 00 00 00 00 00
18:58:52.814 <- 06 02 00 00 00 00 00 00 00 00 00 00 00 00 00 00 00 00 00 00
18:58:54.044 <- 06 02 00 00 00 00 00 00 00 00 00 00 00 00 00 00 00 00 00 00
18:58:55.064 <- 06 02 00 00 00 00 00 00 00 00 00 00 00 00 00 00 00 00 00 00
18:58:56.083 <- 06 02 00 00 00 00 00 00 00 00 00 00 00 00 00 00 00 00 00 00
18:58:57.104 <- 06 02 00 00 00 00 00 00 00 00 00 00 00 00 00 00 00 00 00 00
18:58:58.124 <- 06 02 00 00 00 00 00 00 00 00 00 00 00 00 00 00 00 00 00 00
18:58:59.504 <- 06 02 00 00 00 00 00 00 00 00 00 00 00 00 00 00 00 00 00 00
18:59:00.195 <- 06 02 00 00 00 00 00 00 00 00 00 00 00 00 00 00 00 00 00 00
18:59:01.243 <- 06 02 00 00 00 00 00 00 00 00 00 00 00 00 00 00 00 00 00 00
18:59:02.294 <- 06 02 00 00 00 00 00 00 00 00 00 00 00 00 00 00 00 00 00 00
18:59:03.344 <- 06 02 00 00 00 00 00 00 00 00 00 00 00 00 00 00 00 00 00 00
18:59:04.394 <- 06 02 00 00 00 00 00 00 00 00 00 00 00 00 00 00 00 00 00 00
18:59:05.444 <- 24 00 00 00 00 00 00 00 00 00 00 00 00 00 00 00 00 00 00 00
18:59:05.445 <- 06 02 00 00 00 00 00 00 00 00 00 00 00 00 00 00 00 00 00 00
18:59:06.464 <- 06 02 00 00 00 00 00 00 00 00 00 00 00 00 00 00 00 00 00 00
18:59:06.466 <- 24 00 00 00 00 00 00 00 00 00 00 00 00 00 00 00 00 00 00 00
18:59:07.484 <- 06 02 00 00 00 00 00 00 00 00 00 00 00 00 00 00 00 00 00 00
18:59:08.894 <- 06 02 00 00 00 00 00 00 00 00 00 00 00 00 00 00 00 00 00 00
18:59:09.914 <- 06 02 00 00 00 00 00 00 00 00 00 00 00 00 00 00 00 00 00 00
18:59:10.694 <- 28 00 00 00 00 00 00 00 00 00 00 00 00 00 00 00 00 00 00 00
18:59:11.384 <- 06 02 00 00 00 00 00 00 00 00 00 00 00 00 00 00 00 00 00 00
18:59:12.406 <- 06 02 00 00 00 00 00 00 00 00 00 00 00 00 00 00 00 00 00 00
18:59:13.426 <- 06 02 00 00 00 00 00 00 00 00 00 00 00 00 00 00 00 00 00 00
18:59:14.444 <- 06 02 00 00 00 00 00 00 00 00 00 00 00 00 00 00 00 00 00 00
18:59:15.134 <- 06 02 00 00 00 00 00 00 00 00 00 00 00 00 00 00 00 00 00 00
18:59:16.814 <- 06 02 00 00 00 00 00 00 00 00 00 00 00 00 00 00 00 00 00 00
18:59:17.504 <- 06 02 00 00 00 00 00 00 00 00 00 00 00 00 00 00 00 00 00 00
18:59:18.854 <- 06 02 00 00 00 00 00 00 00 00 00 00 00 00 00 00 00 00 00 00
18:59:19.874 <- 06 02 00 00 00 00 00 00 00 00 00 00 00 00 00 00 00 00 00 00
18:59:20.564 <- 06 02 00 00 00 00 00 00 00 00 00 00 00 00 00 00 00 00 00 00
18:59:21.914 <- 06 02 00 00 00 00 00 00 00 00 00 00 00 00 00 00 00 00 00 00
18:59:23.234 <- 06 02 00 00 00 00 00 00 00 00 00 00 00 00 00 00 00 00 00 00
18:59:24.584 <- 06 02 00 00 00 00 00 00 00 00 00 00 00 00 00 00 00 00 00 00
18:59:25.604 <- 06 02 00 00 00 00 00 00 00 00 00 00 00 00 00 00 00 00 00 00
18:59:26.474 <- 06 02 00 00 00 00 00 00 00 00 00 00 00 00 00 00 00 00 00 00
18:59:27.494 <- 06 02 00 00 00 00 00 00 00 00 00 00 00 00 00 00 00 00 00 00
18:59:28.514 <- 06 02 00 00 00 00 00 00 00 00 00 00 00 00 00 00 00 00 00 00
18:59:29.534 <- 06 02 00 00 00 00 00 00 00 00 00 00 00 00 00 00 00 00 00 00
18:59:30.554 <- 06 02 00 00 00 00 00 00 00 00 00 00 00 00 00 00 00 00 00 00
18:59:30.586 <- 03 91 7e b1 6a 8b 13 00 00 19 11 00 00 e5 00 00 00 48 3f 00  | 2026-09-21 18:59:29
18:59:30.586 <- 13 91 7e b1 6a 1e 03 00 00 f8 07 00 00 d0 11 00 00 00 00 00  | 2026-09-21 18:59:29
18:59:31.605 <- 03 92 7e b1 6a 8c 13 00 00 1a 11 00 00 e5 00 00 00 48 3f 00  | 2026-09-21 18:59:30
18:59:31.606 <- 13 92 7e b1 6a 1f 03 00 00 f8 07 00 00 d0 11 00 00 00 00 00  | 2026-09-21 18:59:30
18:59:31.606 <- 06 02 00 00 00 00 00 00 00 00 00 00 00 00 00 00 00 00 00 00
18:59:32.984 <- 06 02 00 00 00 00 00 00 00 00 00 00 00 00 00 00 00 00 00 00
18:59:34.004 <- 06 02 00 00 00 00 00 00 00 00 00 00 00 00 00 00 00 00 00 00
18:59:35.024 <- 06 02 00 00 00 00 00 00 00 00 00 00 00 00 00 00 00 00 00 00
18:59:36.044 <- 06 02 00 00 00 00 00 00 00 00 00 00 00 00 00 00 00 00 00 00
18:59:37.637 <- 06 02 00 00 00 00 00 00 00 00 00 00 00 00 00 00 00 00 00 00
18:59:38.654 <- 06 02 00 00 00 00 00 00 00 00 00 00 00 00 00 00 00 00 00 00
18:59:40.665 <- 06 02 00 00 00 00 00 00 00 00 00 00 00 00 00 00 00 00 00 00
18:59:41.354 <- 06 02 00 00 00 00 00 00 00 00 00 00 00 00 00 00 00 00 00 00
18:59:42.705 <- 06 02 00 00 00 00 00 00 00 00 00 00 00 00 00 00 00 00 00 00
18:59:43.394 <- 06 02 00 00 00 00 00 00 00 00 00 00 00 00 00 00 00 00 00 00
18:59:44.414 <- 06 02 00 00 00 00 00 00 00 00 00 00 00 00 00 00 00 00 00 00
18:59:45.765 <- 06 02 00 00 00 00 00 00 00 00 00 00 00 00 00 00 00 00 00 00
18:59:46.785 <- 06 02 00 00 00 00 00 00 00 00 00 00 00 00 00 00 00 00 00 00
18:59:48.135 <- 06 02 00 00 00 00 00 00 00 00 00 00 00 00 00 00 00 00 00 00
18:59:48.824 <- 06 02 00 00 00 00 00 00 00 00 00 00 00 00 00 00 00 00 00 00
18:59:49.845 <- 06 02 00 00 00 00 00 00 00 00 00 00 00 00 00 00 00 00 00 00
18:59:51.195 <- 06 02 00 00 00 00 00 00 00 00 00 00 00 00 00 00 00 00 00 00
18:59:51.885 <- 06 02 00 00 00 00 00 00 00 00 00 00 00 00 00 00 00 00 00 00
18:59:52.905 <- 06 02 00 00 00 00 00 00 00 00 00 00 00 00 00 00 00 00 00 00
18:59:54.465 <- 06 02 00 00 00 00 00 00 00 00 00 00 00 00 00 00 00 00 00 00
18:59:54.494 <- 03 a9 7e b1 6a 9e 13 00 00 2a 11 00 00 e6 00 00 00 48 3f 00  | 2026-09-21 18:59:53
18:59:54.497 <- 13 a9 7e b1 6a 1f 03 00 00 f8 07 00 00 d0 11 00 00 00 00 00  | 2026-09-21 18:59:53
18:59:55.185 <- 06 02 00 00 00 00 00 00 00 00 00 00 00 00 00 00 00 00 00 00
18:59:55.214 <- 03 aa 7e b1 6a 9f 13 00 00 2b 11 00 00 e6 00 00 00 48 3f 00  | 2026-09-21 18:59:54
18:59:55.217 <- 13 aa 7e b1 6a 1f 03 00 00 f8 07 00 00 d0 11 00 00 00 00 00  | 2026-09-21 18:59:54
18:59:56.235 <- 03 ab 7e b1 6a a0 13 00 00 2c 11 00 00 e6 00 00 00 48 3f 00  | 2026-09-21 18:59:55
18:59:56.237 <- 13 ab 7e b1 6a 1f 03 00 00 f8 07 00 00 d0 11 00 00 00 00 00  | 2026-09-21 18:59:55
18:59:56.237 <- 06 02 00 00 00 00 00 00 00 00 00 00 00 00 00 00 00 00 00 00
18:59:56.295 <- 03 ab 7e b1 6a a1 13 00 00 2c 11 00 00 e6 00 00 00 48 3f 00  | 2026-09-21 18:59:55
18:59:56.296 <- 13 ab 7e b1 6a 1f 03 00 00 f8 07 00 00 d0 11 00 00 00 00 00  | 2026-09-21 18:59:55
18:59:56.985 <- 03 ab 7e b1 6a a2 13 00 00 2d 11 00 00 e6 00 00 00 48 3f 00  | 2026-09-21 18:59:55
18:59:56.987 <- 13 ab 7e b1 6a 1f 03 00 00 f8 07 00 00 d0 11 00 00 00 00 00  | 2026-09-21 18:59:55
18:59:57.675 <- 06 02 00 00 00 00 00 00 00 00 00 00 00 00 00 00 00 00 00 00
18:59:57.677 <- 03 ac 7e b1 6a a3 13 00 00 2e 11 00 00 e6 00 00 00 48 3f 00  | 2026-09-21 18:59:56
18:59:57.677 <- 13 ac 7e b1 6a 1f 03 00 00 f8 07 00 00 d0 11 00 00 00 00 00  | 2026-09-21 18:59:56
18:59:57.707 <- 03 ac 7e b1 6a a4 13 00 00 2f 11 00 00 e6 00 00 00 48 3f 00  | 2026-09-21 18:59:56
18:59:57.707 <- 13 ac 7e b1 6a 1f 03 00 00 f8 07 00 00 d0 11 00 00 00 00 00  | 2026-09-21 18:59:56
18:59:58.064 <- 03 ac 7e b1 6a a5 13 00 00 30 11 00 00 e7 00 00 00 48 3f 00  | 2026-09-21 18:59:56
18:59:58.066 <- 13 ac 7e b1 6a 1f 03 00 00 f8 07 00 00 d0 11 00 00 00 00 00  | 2026-09-21 18:59:56
18:59:58.097 <- 03 ad 7e b1 6a a6 13 00 00 31 11 00 00 e7 00 00 00 48 3f 00  | 2026-09-21 18:59:57
18:59:58.097 <- 13 ad 7e b1 6a 1f 03 00 00 f8 07 00 00 d0 11 00 00 00 00 00  | 2026-09-21 18:59:57
18:59:58.786 <- 06 02 00 00 00 00 00 00 00 00 00 00 00 00 00 00 00 00 00 00
18:59:58.786 <- 03 ad 7e b1 6a a7 13 00 00 32 11 00 00 e7 00 00 00 48 3f 00  | 2026-09-21 18:59:57
18:59:58.787 <- 13 ad 7e b1 6a 1f 03 00 00 f8 07 00 00 d0 11 00 00 00 00 00  | 2026-09-21 18:59:57
18:59:58.845 <- 03 ae 7e b1 6a a8 13 00 00 33 11 00 00 e7 00 00 00 48 3f 00  | 2026-09-21 18:59:58
18:59:58.847 <- 13 ae 7e b1 6a 1f 03 00 00 f8 07 00 00 d0 11 00 00 00 00 00  | 2026-09-21 18:59:58
18:59:58.847 <- 03 ae 7e b1 6a a9 13 00 00 33 11 00 00 e7 00 00 00 48 3f 00  | 2026-09-21 18:59:58
18:59:58.877 <- 13 ae 7e b1 6a 1f 03 00 00 f8 07 00 00 d0 11 00 00 00 00 00  | 2026-09-21 18:59:58
18:59:59.565 <- 03 ae 7e b1 6a aa 13 00 00 34 11 00 00 e7 00 00 00 48 3f 00  | 2026-09-21 18:59:58
18:59:59.566 <- 13 ae 7e b1 6a 1f 03 00 00 f8 07 00 00 d0 11 00 00 00 00 00  | 2026-09-21 18:59:58
18:59:59.566 <- 06 02 00 00 00 00 00 00 00 00 00 00 00 00 00 00 00 00 00 00
18:59:59.625 <- 03 ae 7e b1 6a ac 13 00 00 36 11 00 00 e7 00 00 00 48 3f 00  | 2026-09-21 18:59:58
18:59:59.628 <- 13 ae 7e b1 6a 1f 03 00 00 f8 07 00 00 d0 11 00 00 00 00 00  | 2026-09-21 18:59:58
19:00:00.315 <- 03 ae 7e b1 6a ad 13 00 00 37 11 00 00 e7 00 00 00 48 3f 00  | 2026-09-21 18:59:58
19:00:00.317 <- 13 ae 7e b1 6a 1f 03 00 00 f8 07 00 00 d0 11 00 00 00 00 00  | 2026-09-21 18:59:58
19:00:00.374 <- 03 af 7e b1 6a ae 13 00 00 38 11 00 00 e7 00 00 00 48 3f 00  | 2026-09-21 18:59:59
19:00:00.407 <- 13 af 7e b1 6a 1f 03 00 00 f8 07 00 00 d0 11 00 00 00 00 00  | 2026-09-21 18:59:59
19:00:00.437 <- 03 af 7e b1 6a af 13 00 00 39 11 00 00 e7 00 00 00 48 3f 00  | 2026-09-21 18:59:59
19:00:00.437 <- 13 af 7e b1 6a 1f 03 00 00 50 0a 00 00 18 15 00 00 00 00 00  | 2026-09-21 18:59:59
19:00:01.125 <- 06 02 00 00 00 00 00 00 00 00 00 00 00 00 00 00 00 00 00 00
19:00:01.154 <- 03 b0 7e b1 6a b0 13 00 00 3a 11 00 00 e7 00 00 00 48 3f 00  | 2026-09-21 19:00:00
19:00:01.157 <- 13 b0 7e b1 6a 1f 03 00 00 50 0a 00 00 18 15 00 00 00 00 00  | 2026-09-21 19:00:00
19:00:01.845 <- 03 b0 7e b1 6a b1 13 00 00 3a 11 00 00 e7 00 00 00 48 3f 00  | 2026-09-21 19:00:00
19:00:01.847 <- 13 b0 7e b1 6a 1f 03 00 00 50 0a 00 00 18 15 00 00 00 00 00  | 2026-09-21 19:00:00
19:00:01.847 <- 06 02 00 00 00 00 00 00 00 00 00 00 00 00 00 00 00 00 00 00
19:00:02.235 <- 03 b1 7e b1 6a b2 13 00 00 3b 11 00 00 e7 00 00 00 48 3f 00  | 2026-09-21 19:00:01
19:00:02.237 <- 13 b1 7e b1 6a 1f 03 00 00 50 0a 00 00 18 15 00 00 00 00 00  | 2026-09-21 19:00:01
19:00:02.925 <- 06 02 00 00 00 00 00 00 00 00 00 00 00 00 00 00 00 00 00 00
19:00:02.955 <- 03 b1 7e b1 6a b3 13 00 00 3c 11 00 00 e7 00 00 00 48 3f 00  | 2026-09-21 19:00:01
19:00:02.956 <- 13 b1 7e b1 6a 1f 03 00 00 50 0a 00 00 18 15 00 00 00 00 00  | 2026-09-21 19:00:01
19:00:03.856 <- 03 b2 7e b1 6a b4 13 00 00 3d 11 00 00 e7 00 00 00 48 3f 00  | 2026-09-21 19:00:02
19:00:03.857 <- 13 b2 7e b1 6a 1f 03 00 00 50 0a 00 00 18 15 00 00 00 00 00  | 2026-09-21 19:00:02
19:00:04.545 <- 03 b3 7e b1 6a b5 13 00 00 3e 11 00 00 e7 00 00 00 48 3f 00  | 2026-09-21 19:00:03
19:00:04.547 <- 13 b3 7e b1 6a 1f 03 00 00 50 0a 00 00 18 15 00 00 00 00 00  | 2026-09-21 19:00:03
19:00:04.548 <- 06 02 00 00 00 00 00 00 00 00 00 00 00 00 00 00 00 00 00 00
19:00:05.265 <- 03 b3 7e b1 6a b6 13 00 00 3f 11 00 00 e7 00 00 00 48 3f 00  | 2026-09-21 19:00:03
19:00:05.266 <- 13 b3 7e b1 6a 1f 03 00 00 50 0a 00 00 18 15 00 00 00 00 00  | 2026-09-21 19:00:03
19:00:05.295 <- 06 02 00 00 00 00 00 00 00 00 00 00 00 00 00 00 00 00 00 00
19:00:05.296 <- 03 b4 7e b1 6a b7 13 00 00 40 11 00 00 e7 00 00 00 48 3f 00  | 2026-09-21 19:00:04
19:00:05.296 <- 13 b4 7e b1 6a 1f 03 00 00 50 0a 00 00 18 15 00 00 00 00 00  | 2026-09-21 19:00:04
19:00:06.015 <- 03 b4 7e b1 6a b8 13 00 00 41 11 00 00 e7 00 00 00 48 3f 00  | 2026-09-21 19:00:04
19:00:06.016 <- 13 b4 7e b1 6a 1f 03 00 00 50 0a 00 00 18 15 00 00 00 00 00  | 2026-09-21 19:00:04
19:00:06.047 <- 03 b5 7e b1 6a b9 13 00 00 41 11 00 00 e7 00 00 00 48 3f 00  | 2026-09-21 19:00:05
19:00:06.047 <- 13 b5 7e b1 6a 1f 03 00 00 50 0a 00 00 18 15 00 00 00 00 00  | 2026-09-21 19:00:05
19:00:06.077 <- 03 b5 7e b1 6a ba 13 00 00 42 11 00 00 e7 00 00 00 48 3f 00  | 2026-09-21 19:00:05
19:00:06.077 <- 13 b5 7e b1 6a 1f 03 00 00 50 0a 00 00 18 15 00 00 00 00 00  | 2026-09-21 19:00:05
19:00:06.765 <- 06 02 00 00 00 00 00 00 00 00 00 00 00 00 00 00 00 00 00 00
19:00:06.767 <- 03 b5 7e b1 6a bb 13 00 00 43 11 00 00 e8 00 00 00 48 3f 00  | 2026-09-21 19:00:05
19:00:06.767 <- 13 b5 7e b1 6a 1f 03 00 00 50 0a 00 00 18 15 00 00 00 00 00  | 2026-09-21 19:00:05
19:00:06.797 <- 03 b6 7e b1 6a bc 13 00 00 44 11 00 00 e8 00 00 00 48 3f 00  | 2026-09-21 19:00:06
19:00:06.797 <- 13 b6 7e b1 6a 1f 03 00 00 50 0a 00 00 18 15 00 00 00 00 00  | 2026-09-21 19:00:06
19:00:06.827 <- 03 b6 7e b1 6a bd 13 00 00 45 11 00 00 e8 00 00 00 48 3f 00  | 2026-09-21 19:00:06
19:00:06.827 <- 13 b6 7e b1 6a 1f 03 00 00 50 0a 00 00 18 15 00 00 00 00 00  | 2026-09-21 19:00:06
19:00:07.275 <- 03 b6 7e b1 6a be 13 00 00 46 11 00 00 e8 00 00 00 48 3f 00  | 2026-09-21 19:00:06
19:00:07.276 <- 13 b6 7e b1 6a 1f 03 00 00 50 0a 00 00 18 15 00 00 00 00 00  | 2026-09-21 19:00:06
19:00:07.635 <- 06 02 00 00 00 00 00 00 00 00 00 00 00 00 00 00 00 00 00 00
19:00:07.664 <- 03 b6 7e b1 6a bf 13 00 00 47 11 00 00 e8 00 00 00 48 3f 00  | 2026-09-21 19:00:06
19:00:07.667 <- 13 b6 7e b1 6a 1f 03 00 00 50 0a 00 00 18 15 00 00 00 00 00  | 2026-09-21 19:00:06
19:00:07.667 <- 03 b6 7e b1 6a c0 13 00 00 48 11 00 00 e8 00 00 00 48 3f 00  | 2026-09-21 19:00:06
19:00:07.697 <- 13 b6 7e b1 6a 1f 03 00 00 50 0a 00 00 18 15 00 00 00 00 00  | 2026-09-21 19:00:06
19:00:08.715 <- 06 02 00 00 00 00 00 00 00 00 00 00 00 00 00 00 00 00 00 00
19:00:08.716 <- 03 b7 7e b1 6a c1 13 00 00 48 11 00 00 e8 00 00 00 48 3f 00  | 2026-09-21 19:00:07
19:00:08.717 <- 13 b7 7e b1 6a 1f 03 00 00 50 0a 00 00 18 15 00 00 00 00 00  | 2026-09-21 19:00:07
19:00:08.775 <- 03 b8 7e b1 6a c2 13 00 00 49 11 00 00 e8 00 00 00 48 3f 00  | 2026-09-21 19:00:08
19:00:08.777 <- 13 b8 7e b1 6a 1f 03 00 00 50 0a 00 00 18 15 00 00 00 00 00  | 2026-09-21 19:00:08
19:00:09.465 <- 03 b8 7e b1 6a c3 13 00 00 4a 11 00 00 e8 00 00 00 48 3f 00  | 2026-09-21 19:00:08
19:00:09.466 <- 13 b8 7e b1 6a 1f 03 00 00 50 0a 00 00 18 15 00 00 00 00 00  | 2026-09-21 19:00:08
19:00:10.155 <- 06 02 00 00 00 00 00 00 00 00 00 00 00 00 00 00 00 00 00 00
19:00:10.845 <- 06 02 00 00 00 00 00 00 00 00 00 00 00 00 00 00 00 00 00 00
19:00:11.865 <- 06 02 00 00 00 00 00 00 00 00 00 00 00 00 00 00 00 00 00 00
19:00:12.885 <- 06 02 00 00 00 00 00 00 00 00 00 00 00 00 00 00 00 00 00 00
19:00:14.235 <- 06 02 00 00 00 00 00 00 00 00 00 00 00 00 00 00 00 00 00 00
19:00:14.925 <- 06 02 00 00 00 00 00 00 00 00 00 00 00 00 00 00 00 00 00 00
19:00:15.946 <- 06 02 00 00 00 00 00 00 00 00 00 00 00 00 00 00 00 00 00 00
19:00:16.965 <- 06 02 00 00 00 00 00 00 00 00 00 00 00 00 00 00 00 00 00 00
19:00:17.985 <- 06 02 00 00 00 00 00 00 00 00 00 00 00 00 00 00 00 00 00 00
19:00:19.335 <- 06 02 00 00 00 00 00 00 00 00 00 00 00 00 00 00 00 00 00 00
19:00:20.685 <- 06 02 00 00 00 00 00 00 00 00 00 00 00 00 00 00 00 00 00 00
19:00:21.375 <- 06 02 00 00 00 00 00 00 00 00 00 00 00 00 00 00 00 00 00 00
19:00:22.395 <- 06 02 00 00 00 00 00 00 00 00 00 00 00 00 00 00 00 00 00 00
19:00:23.745 <- 06 02 00 00 00 00 00 00 00 00 00 00 00 00 00 00 00 00 00 00
19:00:24.435 <- 06 02 00 00 00 00 00 00 00 00 00 00 00 00 00 00 00 00 00 00
19:00:25.456 <- 06 02 00 00 00 00 00 00 00 00 00 00 00 00 00 00 00 00 00 00
19:00:26.836 <- 06 02 00 00 00 00 00 00 00 00 00 00 00 00 00 00 00 00 00 00
19:00:27.855 <- 06 02 00 00 00 00 00 00 00 00 00 00 00 00 00 00 00 00 00 00
19:00:30.886 <- 06 02 00 00 00 00 00 00 00 00 00 00 00 00 00 00 00 00 00 00
19:00:32.266 <- 06 02 00 00 00 00 00 00 00 00 00 00 00 00 00 00 00 00 00 00
19:00:34.006 <- 06 02 00 00 00 00 00 00 00 00 00 00 00 00 00 00 00 00 00 00
19:00:35.836 <- 06 02 00 00 00 00 00 00 00 00 00 00 00 00 00 00 00 00 00 00
19:00:37.188 <- 06 02 00 00 00 00 00 00 00 00 00 00 00 00 00 00 00 00 00 00
19:00:39.196 <- 06 02 00 00 00 00 00 00 00 00 00 00 00 00 00 00 00 00 00 00
19:00:40.216 <- 06 02 00 00 00 00 00 00 00 00 00 00 00 00 00 00 00 00 00 00
19:00:41.238 <- 06 02 00 00 00 00 00 00 00 00 00 00 00 00 00 00 00 00 00 00
19:00:42.256 <- 06 02 00 00 00 00 00 00 00 00 00 00 00 00 00 00 00 00 00 00
19:00:43.276 <- 06 02 00 00 00 00 00 00 00 00 00 00 00 00 00 00 00 00 00 00
19:00:43.966 <- 06 02 00 00 00 00 00 00 00 00 00 00 00 00 00 00 00 00 00 00
19:00:44.986 <- 06 02 00 00 00 00 00 00 00 00 00 00 00 00 00 00 00 00 00 00
19:00:46.006 <- 06 02 00 00 00 00 00 00 00 00 00 00 00 00 00 00 00 00 00 00
19:00:48.076 <- 06 02 00 00 00 00 00 00 00 00 00 00 00 00 00 00 00 00 00 00
19:00:49.096 <- 06 02 00 00 00 00 00 00 00 00 00 00 00 00 00 00 00 00 00 00
19:00:51.436 <- 06 02 00 00 00 00 00 00 00 00 00 00 00 00 00 00 00 00 00 00
19:00:52.456 <- 06 02 00 00 00 00 00 00 00 00 00 00 00 00 00 00 00 00 00 00
19:00:54.466 <- 06 02 00 00 00 00 00 00 00 00 00 00 00 00 00 00 00 00 00 00
19:00:55.156 <- 06 02 00 00 00 00 00 00 00 00 00 00 00 00 00 00 00 00 00 00
19:00:56.508 <- 06 02 00 00 00 00 00 00 00 00 00 00 00 00 00 00 00 00 00 00
19:00:57.196 <- 06 02 00 00 00 00 00 00 00 00 00 00 00 00 00 00 00 00 00 00
19:00:58.216 <- 06 02 00 00 00 00 00 00 00 00 00 00 00 00 00 00 00 00 00 00
19:00:59.236 <- 06 02 00 00 00 00 00 00 00 00 00 00 00 00 00 00 00 00 00 00
19:01:00.256 <- 06 02 00 00 00 00 00 00 00 00 00 00 00 00 00 00 00 00 00 00
19:01:01.276 <- 06 02 00 00 00 00 00 00 00 00 00 00 00 00 00 00 00 00 00 00
19:01:02.626 <- 06 02 00 00 00 00 00 00 00 00 00 00 00 00 00 00 00 00 00 00
19:01:09.046 <- 06 02 00 00 00 00 00 00 00 00 00 00 00 00 00 00 00 00 00 00
19:01:09.736 <- 06 02 00 00 00 00 00 00 00 00 00 00 00 00 00 00 00 00 00 00
19:01:11.747 <- 06 02 00 00 00 00 00 00 00 00 00 00 00 00 00 00 00 00 00 00
19:01:12.767 <- 06 02 00 00 00 00 00 00 00 00 00 00 00 00 00 00 00 00 00 00
19:01:14.174 <- 06 02 00 00 00 00 00 00 00 00 00 00 00 00 00 00 00 00 00 00
19:01:17.478 <- 06 02 00 00 00 00 00 00 00 00 00 00 00 00 00 00 00 00 00 00
19:01:29.730 <- 06 02 00 00 00 00 00 00 00 00 00 00 00 00 00 00 00 00 00 00
19:01:30.767 <- 06 02 00 00 00 00 00 00 00 00 00 00 00 00 00 00 00 00 00 00
19:01:32.117 <- 06 02 00 00 00 00 00 00 00 00 00 00 00 00 00 00 00 00 00 00
19:01:33.497 <- 06 02 00 00 00 00 00 00 00 00 00 00 00 00 00 00 00 00 00 00
19:01:47.393 <- 06 02 00 00 00 00 00 00 00 00 00 00 00 00 00 00 00 00 00 00
19:01:48.977 <- 06 02 00 00 00 00 00 00 00 00 00 00 00 00 00 00 00 00 00 00
19:01:50.339 <- 06 02 00 00 00 00 00 00 00 00 00 00 00 00 00 00 00 00 00 00
19:01:51.017 <- 06 02 00 00 00 00 00 00 00 00 00 00 00 00 00 00 00 00 00 00
19:01:53.039 <- 06 02 00 00 00 00 00 00 00 00 00 00 00 00 00 00 00 00 00 00
19:01:55.367 <- 06 02 00 00 00 00 00 00 00 00 00 00 00 00 00 00 00 00 00 00
19:01:56.387 <- 06 02 00 00 00 00 00 00 00 00 00 00 00 00 00 00 00 00 00 00
19:01:59.059 <- 06 02 00 00 00 00 00 00 00 00 00 00 00 00 00 00 00 00 00 00
19:02:00.077 <- 03 26 7f b1 6a d5 13 00 00 5a 11 00 00 e9 00 00 00 48 3f 00  | 2026-09-21 19:01:58
19:02:00.078 <- 13 26 7f b1 6a 1f 03 00 00 50 0a 00 00 18 15 00 00 00 00 00  | 2026-09-21 19:01:58
19:02:00.106 <- 06 02 00 00 00 00 00 00 00 00 00 00 00 00 00 00 00 00 00 00
19:02:00.797 <- 03 27 7f b1 6a d6 13 00 00 5b 11 00 00 e9 00 00 00 48 3f 00  | 2026-09-21 19:01:59
19:02:00.798 <- 13 27 7f b1 6a 1f 03 00 00 50 0a 00 00 18 15 00 00 00 00 00  | 2026-09-21 19:01:59
19:02:01.487 <- 03 28 7f b1 6a d7 13 00 00 5c 11 00 00 e9 00 00 00 48 3f 00  | 2026-09-21 19:02:00
19:02:01.489 <- 13 28 7f b1 6a 1f 03 00 00 50 0a 00 00 18 15 00 00 00 00 00  | 2026-09-21 19:02:00
19:02:01.489 <- 06 02 00 00 00 00 00 00 00 00 00 00 00 00 00 00 00 00 00 00
19:02:01.516 <- 03 28 7f b1 6a d8 13 00 00 5d 11 00 00 e9 00 00 00 48 3f 00  | 2026-09-21 19:02:00
19:02:01.518 <- 13 28 7f b1 6a 1f 03 00 00 50 0a 00 00 18 15 00 00 00 00 00  | 2026-09-21 19:02:00
19:02:02.537 <- 06 02 00 00 00 00 00 00 00 00 00 00 00 00 00 00 00 00 00 00
19:02:02.539 <- 03 29 7f b1 6a d9 13 00 00 5d 11 00 00 e9 00 00 00 48 3f 00  | 2026-09-21 19:02:01
19:02:02.539 <- 13 29 7f b1 6a 20 03 00 00 50 0a 00 00 18 15 00 00 00 00 00  | 2026-09-21 19:02:01
19:02:03.257 <- 03 2a 7f b1 6a da 13 00 00 5e 11 00 00 e9 00 00 00 48 3f 00  | 2026-09-21 19:02:02
19:02:03.257 <- 13 2a 7f b1 6a 21 03 00 00 50 0a 00 00 18 15 00 00 00 00 00  | 2026-09-21 19:02:02
19:02:03.947 <- 06 02 00 00 00 00 00 00 00 00 00 00 00 00 00 00 00 00 00 00
19:02:03.976 <- 03 2a 7f b1 6a db 13 00 00 5f 11 00 00 e9 00 00 00 48 3f 00  | 2026-09-21 19:02:02
19:02:03.978 <- 13 2a 7f b1 6a 22 03 00 00 50 0a 00 00 18 15 00 00 00 00 00  | 2026-09-21 19:02:02
19:02:04.997 <- 03 2b 7f b1 6a dc 13 00 00 60 11 00 00 e9 00 00 00 48 3f 00  | 2026-09-21 19:02:03
19:02:04.998 <- 13 2b 7f b1 6a 23 03 00 00 50 0a 00 00 18 15 00 00 00 00 00  | 2026-09-21 19:02:03
19:02:05.028 <- 03 2c 7f b1 6a dd 13 00 00 61 11 00 00 e9 00 00 00 48 3f 00  | 2026-09-21 19:02:04
19:02:05.028 <- 13 2c 7f b1 6a 24 03 00 00 50 0a 00 00 18 15 00 00 00 00 00  | 2026-09-21 19:02:04
19:02:05.387 <- 06 02 00 00 00 00 00 00 00 00 00 00 00 00 00 00 00 00 00 00
19:02:05.418 <- 03 2c 7f b1 6a de 13 00 00 62 11 00 00 e9 00 00 00 48 3f 00  | 2026-09-21 19:02:04
19:02:05.418 <- 13 2c 7f b1 6a 25 03 00 00 50 0a 00 00 18 15 00 00 00 00 00  | 2026-09-21 19:02:04
19:02:06.106 <- 03 2d 7f b1 6a df 13 00 00 63 11 00 00 e9 00 00 00 48 3f 00  | 2026-09-21 19:02:05
19:02:06.107 <- 13 2d 7f b1 6a 26 03 00 00 50 0a 00 00 18 15 00 00 00 00 00  | 2026-09-21 19:02:05
19:02:06.107 <- 06 02 00 00 00 00 00 00 00 00 00 00 00 00 00 00 00 00 00 00
19:02:06.136 <- 03 2d 7f b1 6a e0 13 00 00 64 11 00 00 e9 00 00 00 48 3f 00  | 2026-09-21 19:02:05
19:02:06.137 <- 13 2d 7f b1 6a 27 03 00 00 50 0a 00 00 18 15 00 00 00 00 00  | 2026-09-21 19:02:05
19:02:06.856 <- 03 2d 7f b1 6a e1 13 00 00 64 11 00 00 e9 00 00 00 48 3f 00  | 2026-09-21 19:02:05
19:02:06.858 <- 13 2d 7f b1 6a 28 03 00 00 50 0a 00 00 18 15 00 00 00 00 00  | 2026-09-21 19:02:05
19:02:07.547 <- 03 2e 7f b1 6a e3 13 00 00 66 11 00 00 e9 00 00 00 48 3f 00  | 2026-09-21 19:02:06
19:02:07.549 <- 13 2e 7f b1 6a 2a 03 00 00 50 0a 00 00 18 15 00 00 00 00 00  | 2026-09-21 19:02:06
19:02:07.549 <- 06 02 00 00 00 00 00 00 00 00 00 00 00 00 00 00 00 00 00 00
19:02:07.606 <- 03 2e 7f b1 6a e4 13 00 00 67 11 00 00 e9 00 00 00 48 3f 00  | 2026-09-21 19:02:06
19:02:07.607 <- 13 2e 7f b1 6a 2b 03 00 00 50 0a 00 00 18 15 00 00 00 00 00  | 2026-09-21 19:02:06
19:02:08.687 <- 03 2f 7f b1 6a e5 13 00 00 68 11 00 00 e9 00 00 00 48 3f 00  | 2026-09-21 19:02:07
19:02:08.695 <- 13 2f 7f b1 6a 2b 03 00 00 50 0a 00 00 18 15 00 00 00 00 00  | 2026-09-21 19:02:07
19:02:09.047 <- 03 2f 7f b1 6a e6 13 00 00 69 11 00 00 ea 00 00 00 48 3f 00  | 2026-09-21 19:02:07
19:02:09.048 <- 13 2f 7f b1 6a 2b 03 00 00 50 0a 00 00 18 15 00 00 00 00 00  | 2026-09-21 19:02:07
19:02:09.076 <- 06 02 00 00 00 00 00 00 00 00 00 00 00 00 00 00 00 00 00 00
19:02:09.767 <- 03 30 7f b1 6a e7 13 00 00 6a 11 00 00 ea 00 00 00 48 3f 00  | 2026-09-21 19:02:08
19:02:09.768 <- 13 30 7f b1 6a 2b 03 00 00 50 0a 00 00 18 15 00 00 00 00 00  | 2026-09-21 19:02:08
19:02:09.796 <- 03 30 7f b1 6a e8 13 00 00 6b 11 00 00 ea 00 00 00 48 3f 00  | 2026-09-21 19:02:08
19:02:09.798 <- 13 30 7f b1 6a 2b 03 00 00 50 0a 00 00 18 15 00 00 00 00 00  | 2026-09-21 19:02:08
19:02:10.486 <- 03 31 7f b1 6a ea 13 00 00 6c 11 00 00 ea 00 00 00 48 3f 00  | 2026-09-21 19:02:09
19:02:10.487 <- 13 31 7f b1 6a 2b 03 00 00 50 0a 00 00 18 15 00 00 00 00 00  | 2026-09-21 19:02:09
19:02:10.490 <- 06 02 00 00 00 00 00 00 00 00 00 00 00 00 00 00 00 00 00 00
19:02:10.546 <- 03 31 7f b1 6a eb 13 00 00 6d 11 00 00 ea 00 00 00 48 3f 00  | 2026-09-21 19:02:09
19:02:10.548 <- 13 31 7f b1 6a 2c 03 00 00 50 0a 00 00 18 15 00 00 00 00 00  | 2026-09-21 19:02:09
19:02:11.237 <- 03 32 7f b1 6a ec 13 00 00 6e 11 00 00 ea 00 00 00 48 3f 00  | 2026-09-21 19:02:10
19:02:11.238 <- 13 32 7f b1 6a 2d 03 00 00 50 0a 00 00 18 15 00 00 00 00 00  | 2026-09-21 19:02:10
19:02:56.572 <- 06 02 00 00 00 00 00 00 00 00 00 00 00 00 00 00 00 00 00 00
19:02:57.917 <- 06 02 00 00 00 00 00 00 00 00 00 00 00 00 00 00 00 00 00 00
19:02:59.267 <- 06 02 00 00 00 00 00 00 00 00 00 00 00 00 00 00 00 00 00 00
19:03:04.460 <- 06 02 00 00 00 00 00 00 00 00 00 00 00 00 00 00 00 00 00 00
19:03:05.807 <- 06 02 00 00 00 00 00 00 00 00 00 00 00 00 00 00 00 00 00 00
19:03:06.827 <- 06 02 00 00 00 00 00 00 00 00 00 00 00 00 00 00 00 00 00 00
19:03:07.517 <- 06 02 00 00 00 00 00 00 00 00 00 00 00 00 00 00 00 00 00 00
19:03:10.187 <- 06 02 00 00 00 00 00 00 00 00 00 00 00 00 00 00 00 00 00 00
19:03:12.528 <- 06 02 00 00 00 00 00 00 00 00 00 00 00 00 00 00 00 00 00 00
19:03:14.057 <- 06 02 00 00 00 00 00 00 00 00 00 00 00 00 00 00 00 00 00 00
19:03:16.727 <- 06 02 00 00 00 00 00 00 00 00 00 00 00 00 00 00 00 00 00 00
19:03:18.918 <- 06 02 00 00 00 00 00 00 00 00 00 00 00 00 00 00 00 00 00 00
19:03:19.967 <- 06 02 00 00 00 00 00 00 00 00 00 00 00 00 00 00 00 00 00 00
19:03:24.529 <- 06 02 00 00 00 00 00 00 00 00 00 00 00 00 00 00 00 00 00 00
19:03:30.227 <- 06 02 00 00 00 00 00 00 00 00 00 00 00 00 00 00 00 00 00 00
19:03:33.229 <- 06 02 00 00 00 00 00 00 00 00 00 00 00 00 00 00 00 00 00 00
19:03:57.298 <- 06 02 00 00 00 00 00 00 00 00 00 00 00 00 00 00 00 00 00 00
19:04:03.587 -> 13 00 00 00 00 00 00 00 00 00 00 00 00 00 00 00 00 00 00 00
19:04:03.587 <- 13 00 00 00 00 00 00 00 00 00 00 00 00 00 00 00 00 00 00 00
19:04:04.277 -> 10 00 00 00 00 00 00 00 00 00 00 00 00 00 00 00 00 00 00 00  | запрос дня 0
19:04:04.307 <- 11 2c 9a b0 6a 28 28 28 28 28 28 28 28 28 28 28 28 28 28 28  | 2026-09-21 02:45:00
19:04:04.309 <- 11 b0 9d b0 6a 28 28 28 28 28 28 28 28 28 28 28 28 28 28 28  | 2026-09-21 03:00:00
19:04:04.670 <- 11 34 a1 b0 6a 28 28 28 28 28 28 28 28 28 28 28 28 28 28 28  | 2026-09-21 03:15:00
19:04:04.670 <- 11 b8 a4 b0 6a 28 28 28 28 28 28 28 28 28 28 28 28 28 28 28  | 2026-09-21 03:30:00
19:04:04.700 <- 11 3c a8 b0 6a 63 63 63 63 63 63 63 63 63 63 63 63 63 63 63  | 2026-09-21 03:45:00
19:04:04.729 <- 11 c0 ab b0 6a 63 63 63 63 63 63 63 63 63 63 63 63 63 63 63  | 2026-09-21 04:00:00
19:04:04.729 <- 11 44 af b0 6a 63 63 63 63 63 63 63 63 63 63 63 63 63 63 63  | 2026-09-21 04:15:00
19:04:04.757 <- 11 c8 b2 b0 6a 63 63 63 63 63 63 63 63 63 63 63 63 63 63 63  | 2026-09-21 04:30:00
19:04:04.758 <- 11 4c b6 b0 6a 28 28 28 28 28 28 28 28 28 28 28 28 28 28 28  | 2026-09-21 04:45:00
19:04:04.787 <- 11 d0 b9 b0 6a 28 28 28 28 28 28 28 28 28 28 28 28 28 28 28  | 2026-09-21 05:00:00
19:04:04.789 <- 11 5c c4 b0 6a 28 28 28 28 28 28 28 28 28 28 28 28 28 28 28  | 2026-09-21 05:45:00
19:04:05.147 <- 11 e0 c7 b0 6a 28 28 28 28 28 28 28 28 28 28 28 28 28 28 28  | 2026-09-21 06:00:00
19:04:05.148 <- 11 64 cb b0 6a 63 63 63 63 63 63 63 63 63 63 63 63 63 63 63  | 2026-09-21 06:15:00
19:04:05.177 <- 11 e8 ce b0 6a 63 63 63 63 63 63 63 63 63 63 63 63 63 63 63  | 2026-09-21 06:30:00
19:04:05.206 <- 11 6c d2 b0 6a 63 63 63 63 63 63 63 63 63 63 63 63 63 63 63  | 2026-09-21 06:45:00
19:04:05.209 <- 11 f0 d5 b0 6a 28 28 28 28 28 28 28 28 28 28 28 28 28 28 28  | 2026-09-21 07:00:00
19:04:05.239 <- 11 74 d9 b0 6a 28 28 28 28 28 28 28 28 28 28 28 28 28 28 28  | 2026-09-21 07:15:00
19:04:05.239 <- 11 f8 dc b0 6a 28 28 28 28 28 28 28 28 28 28 28 28 28 28 28  | 2026-09-21 07:30:00
19:04:05.598 <- 10 00 e4 b0 6a 00 00 00 00 00 19 17 59 10 00 3f 00 00 00 00  | 2026-09-21 08:00:00
19:04:05.599 <- 10 08 eb b0 6a 00 32 4c 56 5e 64 22 57 00 23 17 12 7a 70 71  | 2026-09-21 08:30:00
19:04:05.957 <- 10 8c ee b0 6a 43 62 75 58 00 00 00 00 00 68 00 1d 00 00 00  | 2026-09-21 08:45:00
19:04:05.959 <- 10 28 07 b1 6a 16 48 2b 00 00 00 48 5b 00 00 00 00 00 00 00  | 2026-09-21 10:30:00
19:04:06.317 <- 10 ac 0a b1 6a 00 00 00 00 00 00 00 00 00 00 00 00 00 19 00  | 2026-09-21 10:45:00
19:04:06.320 <- 10 30 0e b1 6a 00 00 00 00 00 00 00 16 1b 00 00 00 00 19 00  | 2026-09-21 11:00:00
19:04:06.679 <- 10 38 15 b1 6a 00 00 00 00 00 00 1a 12 36 00 00 00 00 00 00  | 2026-09-21 11:30:00
19:04:06.679 <- 10 40 1c b1 6a 00 00 00 29 00 00 23 00 00 00 00 00 00 00 00  | 2026-09-21 12:00:00
19:04:07.037 <- 10 c4 1f b1 6a 00 00 00 00 00 00 00 00 25 04 00 00 1b 00 00  | 2026-09-21 12:15:00
19:04:07.038 <- 10 48 23 b1 6a 00 00 00 00 00 00 00 00 00 00 18 00 00 00 00  | 2026-09-21 12:30:00
19:04:07.397 <- 10 cc 26 b1 6a 30 19 49 00 00 00 00 00 00 00 00 00 22 00 00  | 2026-09-21 12:45:00
19:04:07.398 <- 10 58 31 b1 6a 00 00 00 00 00 00 00 00 00 00 00 00 18 22 00  | 2026-09-21 13:30:00
19:04:07.758 <- 10 f4 49 b1 6a 00 00 00 00 00 00 00 00 00 00 00 18 19 05 00  | 2026-09-21 15:15:00
19:04:07.760 <- 10 78 4d b1 6a 00 00 00 00 00 00 00 00 00 00 00 34 00 00 00  | 2026-09-21 15:30:00
19:04:08.117 <- 10 fc 50 b1 6a 00 54 06 00 53 00 00 00 00 00 22 00 4e 00 00  | 2026-09-21 15:45:00
19:04:08.118 <- 10 80 54 b1 6a 15 00 00 00 00 00 00 00 00 00 00 00 00 00 00  | 2026-09-21 16:00:00
19:04:08.477 <- 10 04 58 b1 6a 00 00 19 00 1b 35 00 00 1e 1b 00 00 00 00 00  | 2026-09-21 16:15:00
19:04:08.479 <- 10 24 74 b1 6a 00 00 00 00 00 00 00 00 00 38 1b 42 24 00 42  | 2026-09-21 18:15:00
19:04:08.837 <- 10 a8 77 b1 6a 44 78 70 2c 03 39 00 00 00 75 58 00 00 00 00  | 2026-09-21 18:30:00
19:04:08.838 <- 10 2c 7b b1 6a 3a 00 5c 55 37 2e 2d 66 60 4f a7 19 73 0e 35  | 2026-09-21 18:45:00
19:04:09.197 <- 10 b0 7e b1 6a 15 12 17 00 00 00 00 00 00 00 00 00 00 00 00  | 2026-09-21 19:00:00
19:04:09.199 <- 10 7c c1 b1 6a 00 00 00 00 00 00 00 00 00 00 00 00 00 00 00  | 2026-09-21 23:45:00
19:04:09.557 -> 16 00 00 00 00 00 00 00 00 00 00 00 00 00 00 00 00 00 00 00  | запрос дня 0
19:04:09.917 <- 16 f0 80 73 b0 6a 34 00 00 00 00 00 00 00 00 00 00 00 00 00  | f0 2026-09-21 00:00:00
19:04:09.919 <- 16 aa 01 80 73 b0 6a 01 00 00 00 00 00 00 00 00 00 00 00 00  | aa 
19:04:10.277 <- 16 a0 80 73 b0 6a 00 00 4d 4d 4d 4d 4d 4d 4d 4d 4d 4d 4d 4d  | a0 2026-09-21 00:00:00
19:04:10.278 <- 16 aa 02 c8 76 b0 6a 01 00 00 00 00 00 00 00 00 00 00 00 00  | aa 
19:04:10.637 <- 16 a0 c8 76 b0 6a 00 00 46 46 46 46 46 46 46 46 46 46 46 46  | a0 2026-09-21 00:14:00
19:04:10.639 <- 16 aa 03 10 7a b0 6a 02 00 00 00 00 00 00 00 00 00 00 00 00  | aa 
19:04:10.669 <- 16 a0 10 7a b0 6a 00 00 58 58 58 58 58 58 58 58 58 58 58 58  | a0 2026-09-21 00:28:00
19:04:10.699 <- 16 a0 88 7a b0 6a 01 00 4a 4a 4a 4a 4a 4a 4a 4a 4a 4a 4a 4a  | a0 2026-09-21 00:30:00
19:04:10.699 <- 16 aa 04 d0 7d b0 6a 01 00 00 00 00 00 00 00 00 00 00 00 00  | aa 
19:04:10.729 <- 16 a0 d0 7d b0 6a 00 00 4c 4c 4c 4c 4c 4c 4c 4c 4c 4c 4c 4c  | a0 2026-09-21 00:44:00
19:04:10.729 <- 16 aa 05 18 81 b0 6a 02 00 00 00 00 00 00 00 00 00 00 00 00  | aa 
19:04:10.759 <- 16 a0 18 81 b0 6a 00 00 51 51 51 51 51 51 51 51 51 51 51 51  | a0 2026-09-21 00:58:00
19:04:10.759 <- 16 a0 90 81 b0 6a 01 00 46 46 46 46 46 46 46 46 46 46 46 46  | a0 2026-09-21 01:00:00
19:04:10.789 <- 16 aa 06 d8 84 b0 6a 01 00 00 00 00 00 00 00 00 00 00 00 00  | aa 
19:04:10.789 <- 16 a0 d8 84 b0 6a 00 00 60 60 60 60 60 60 60 60 60 60 60 60  | a0 2026-09-21 01:14:00
19:04:10.821 <- 16 aa 07 20 88 b0 6a 02 00 00 00 00 00 00 00 00 00 00 00 00  | aa 
19:04:10.821 <- 16 a0 20 88 b0 6a 00 00 45 45 45 45 45 45 45 45 45 45 45 45  | a0 2026-09-21 01:28:00
19:04:10.849 <- 16 a0 98 88 b0 6a 01 00 44 44 44 44 44 44 44 44 44 44 44 44  | a0 2026-09-21 01:30:00
19:04:10.849 <- 16 aa 08 e0 8b b0 6a 01 00 00 00 00 00 00 00 00 00 00 00 00  | aa 
19:04:10.850 <- 16 a0 e0 8b b0 6a 00 00 47 47 47 47 47 47 47 47 47 47 47 47  | a0 2026-09-21 01:44:00
19:04:10.879 <- 16 aa 09 28 8f b0 6a 02 00 00 00 00 00 00 00 00 00 00 00 00  | aa 
19:04:10.909 <- 16 a0 28 8f b0 6a 00 00 41 41 41 41 41 41 41 41 41 41 41 41  | a0 2026-09-21 01:58:00
19:04:10.909 <- 16 a0 a0 8f b0 6a 01 00 46 46 46 46 46 46 46 46 46 46 46 46  | a0 2026-09-21 02:00:00
19:04:10.909 <- 16 aa 0a e8 92 b0 6a 01 00 00 00 00 00 00 00 00 00 00 00 00  | aa 
19:04:10.938 <- 16 a0 e8 92 b0 6a 00 00 3c 3c 3c 3c 3c 3c 3c 3c 3c 3c 3c 3c  | a0 2026-09-21 02:14:00
19:04:10.967 <- 16 aa 0b 30 96 b0 6a 02 00 00 00 00 00 00 00 00 00 00 00 00  | aa 
19:04:10.969 <- 16 a0 30 96 b0 6a 00 00 46 46 46 46 46 46 46 46 4f 46 46 46  | a0 2026-09-21 02:28:00
19:04:10.999 <- 16 a0 a8 96 b0 6a 01 00 4f 4f 4d 4f 4f 4f 4f 4f 4f 4f 4f 4f  | a0 2026-09-21 02:30:00
19:04:10.999 <- 16 aa 0c f0 99 b0 6a 01 00 00 00 00 00 00 00 00 00 00 00 00  | aa 
19:04:11.029 <- 16 a0 f0 99 b0 6a 00 00 3e 3e 3e 3e 3e 3e 3e 3e 3e 3e 3e 3e  | a0 2026-09-21 02:44:00
19:04:11.059 <- 16 aa 0d 38 9d b0 6a 02 00 00 00 00 00 00 00 00 00 00 00 00  | aa 
19:04:11.059 <- 16 a0 38 9d b0 6a 00 00 3f 3f 3f 3f 3f 3f 3f 43 3f 3f 3f 3f  | a0 2026-09-21 02:58:00
19:04:11.089 <- 16 a0 b0 9d b0 6a 01 00 40 40 40 40 40 40 40 40 40 40 40 40  | a0 2026-09-21 03:00:00
19:04:11.089 <- 16 aa 0e f8 a0 b0 6a 01 00 00 00 00 00 00 00 00 00 00 00 00  | aa 
19:04:11.119 <- 16 a0 f8 a0 b0 6a 00 00 44 44 44 44 44 44 44 44 44 44 44 44  | a0 2026-09-21 03:14:00
19:04:11.119 <- 16 aa 0f 40 a4 b0 6a 02 00 00 00 00 00 00 00 00 00 00 00 00  | aa 
19:04:11.477 <- 16 a0 40 a4 b0 6a 00 00 43 43 43 43 43 43 43 43 43 43 43 43  | a0 2026-09-21 03:28:00
19:04:11.480 <- 16 a0 b8 a4 b0 6a 01 00 4f 4f 4f 4f 4f 4f 4f 4f 4f 4f 4f 4f  | a0 2026-09-21 03:30:00
19:04:11.509 <- 16 aa 10 00 a8 b0 6a 01 00 00 00 00 00 00 00 00 00 00 00 00  | aa 
19:04:11.509 <- 16 a0 00 a8 b0 6a 00 00 3d 3d 3d 3d 3d 3d 3d 3d 3d 3d 3d 3d  | a0 2026-09-21 03:44:00
19:04:11.869 <- 16 aa 11 48 ab b0 6a 02 00 00 00 00 00 00 00 00 00 00 00 00  | aa 
19:04:11.869 <- 16 a0 48 ab b0 6a 00 00 3f 3f 3f 3f 3f 3f 3f 3f 3f 3f 3f 3f  | a0 2026-09-21 03:58:00
19:04:11.897 <- 16 a0 c0 ab b0 6a 01 00 3e 3e 3e 3e 3e 3e 3e 3e 3e 3e 3e 3e  | a0 2026-09-21 04:00:00
19:04:11.927 <- 16 aa 12 08 af b0 6a 01 00 00 00 00 00 00 00 00 00 00 00 00  | aa 
19:04:11.928 <- 16 a0 08 af b0 6a 00 00 3a 3a 3a 3a 3a 3a 3a 3a 3a 3a 3a 3a  | a0 2026-09-21 04:14:00
19:04:12.287 <- 16 aa 13 50 b2 b0 6a 02 00 00 00 00 00 00 00 00 00 00 00 00  | aa 
19:04:12.288 <- 16 a0 50 b2 b0 6a 00 00 3f 3f 3f 3f 3f 3f 3f 3f 3f 3f 3f 3f  | a0 2026-09-21 04:28:00
19:04:12.317 <- 16 a0 c8 b2 b0 6a 01 00 3e 3e 3e 3e 3e 3e 3e 3e 3e 3e 3e 3e  | a0 2026-09-21 04:30:00
19:04:12.347 <- 16 aa 14 10 b6 b0 6a 01 00 00 00 00 00 00 00 00 00 00 00 00  | aa 
19:04:12.377 <- 16 a0 10 b6 b0 6a 00 00 40 40 40 40 40 40 40 40 40 40 40 40  | a0 2026-09-21 04:44:00
19:04:12.378 <- 16 aa 15 58 b9 b0 6a 02 00 00 00 00 00 00 00 00 00 00 00 00  | aa 
19:04:12.407 <- 16 a0 58 b9 b0 6a 00 00 3c 3c 3c 3c 3c 3c 3c 3c 3c 3c 3c 3c  | a0 2026-09-21 04:58:00
19:04:12.436 <- 16 a0 d0 b9 b0 6a 01 00 39 39 39 39 39 39 39 39 39 39 39 39  | a0 2026-09-21 05:00:00
19:04:12.439 <- 16 aa 16 18 bd b0 6a 01 00 00 00 00 00 00 00 00 00 00 00 00  | aa 
19:04:12.469 <- 16 a0 18 bd b0 6a 00 00 3d 3d 3d 3d 3d 3d 3d 3d 3d 3d 3d 3d  | a0 2026-09-21 05:14:00
19:04:12.469 <- 16 aa 17 d8 c0 b0 6a 01 00 00 00 00 00 00 00 00 00 00 00 00  | aa 
19:04:12.469 <- 16 a0 d8 c0 b0 6a 00 00 4f 4f 4f 4f 4f 4f 4f 4f 4f 4f 4f 4f  | a0 2026-09-21 05:30:00
19:04:12.499 <- 16 aa 18 20 c4 b0 6a 01 00 00 00 00 00 00 00 00 00 00 00 00  | aa 
19:04:12.529 <- 16 a0 20 c4 b0 6a 00 00 49 49 49 49 49 49 49 49 49 49 49 49  | a0 2026-09-21 05:44:00
19:04:12.529 <- 16 aa 19 68 c7 b0 6a 02 00 00 00 00 00 00 00 00 00 00 00 00  | aa 
19:04:12.529 <- 16 a0 68 c7 b0 6a 00 00 40 40 40 40 40 40 40 40 44 40 40 40  | a0 2026-09-21 05:58:00
19:04:12.557 <- 16 a0 e0 c7 b0 6a 01 00 41 41 41 41 41 41 41 41 41 41 41 41  | a0 2026-09-21 06:00:00
19:04:12.586 <- 16 aa 1a 70 ce b0 6a 02 00 00 00 00 00 00 00 00 00 00 00 00  | aa 
19:04:12.589 <- 16 a0 70 ce b0 6a 00 00 39 39 39 39 39 39 39 39 39 39 39 39  | a0 2026-09-21 06:28:00
19:04:12.619 <- 16 a0 e8 ce b0 6a 01 00 37 37 37 37 37 37 37 37 37 37 37 37  | a0 2026-09-21 06:30:00
19:04:12.619 <- 16 aa 1b 30 d2 b0 6a 01 00 00 00 00 00 00 00 00 00 00 00 00  | aa 
19:04:12.650 <- 16 a0 30 d2 b0 6a 00 00 3d 3d 3d 3d 3d 3d 3d 3d 3d 3d 3d 3d  | a0 2026-09-21 06:44:00
19:04:12.679 <- 16 aa 1c 78 d5 b0 6a 02 00 00 00 00 00 00 00 00 00 00 00 00  | aa 
19:04:12.679 <- 16 a0 78 d5 b0 6a 00 00 3d 3d 3d 3d 3d 3d 3d 3d 3d 3d 3d 3d  | a0 2026-09-21 06:58:00
19:04:12.709 <- 16 a0 f0 d5 b0 6a 01 00 3c 3c 3c 3c 3c 3c 3c 3c 3c 3c 3c 3c  | a0 2026-09-21 07:00:00
19:04:12.709 <- 16 aa 1d 38 d9 b0 6a 01 00 00 00 00 00 00 00 00 00 00 00 00  | aa 
19:04:12.709 <- 16 a0 38 d9 b0 6a 00 00 49 49 49 49 49 49 49 49 49 49 49 49  | a0 2026-09-21 07:14:00
19:04:12.740 <- 16 aa 1e 80 dc b0 6a 02 00 00 00 00 00 00 00 00 00 00 00 00  | aa 
19:04:12.769 <- 16 a0 80 dc b0 6a 00 00 49 49 49 49 49 49 49 49 49 49 49 49  | a0 2026-09-21 07:28:00
19:04:12.769 <- 16 a0 f8 dc b0 6a 01 00 37 37 37 37 37 37 37 37 37 37 37 37  | a0 2026-09-21 07:30:00
19:04:12.801 <- 16 aa 1f 40 e0 b0 6a 01 00 00 00 00 00 00 00 00 00 00 00 00  | aa 
19:04:12.801 <- 16 a0 40 e0 b0 6a 00 00 3a 3a 3a 3a 3a 3a 3a 3a 3a 3a 3a 3a  | a0 2026-09-21 07:44:00
19:04:12.829 <- 16 aa 20 00 e4 b0 6a 01 00 00 00 00 00 00 00 00 00 00 00 00  | aa 
19:04:12.829 <- 16 a0 00 e4 b0 6a 00 00 4c 4c 4c 4c 4c 4c 4c 4c 4c 4c 4c 4c  | a0 2026-09-21 08:00:00
19:04:12.859 <- 16 aa 21 50 ee b0 6a 01 00 00 00 00 00 00 00 00 00 00 00 00  | aa 
19:04:12.859 <- 16 a0 50 ee b0 6a 00 00 61 61 61 61 61 61 61 61 61 61 61 61  | a0 2026-09-21 08:44:00
19:04:12.889 <- 16 aa 22 98 f1 b0 6a 02 00 00 00 00 00 00 00 00 00 00 00 00  | aa 
19:04:12.889 <- 16 a0 98 f1 b0 6a 00 00 4c 4c 4c 4c 4c 4c 4c 4c 4c 4c 4c 4c  | a0 2026-09-21 08:58:00
19:04:12.918 <- 16 a0 10 f2 b0 6a 01 00 4d 4d 4d 4d 4d 4d 4d 4d 4d 4d 4d 4d  | a0 2026-09-21 09:00:00
19:04:12.919 <- 16 aa 23 58 f5 b0 6a 01 00 00 00 00 00 00 00 00 00 00 00 00  | aa 
19:04:12.919 <- 16 a0 58 f5 b0 6a 00 00 48 48 48 48 48 48 48 48 48 48 48 48  | a0 2026-09-21 09:14:00
19:04:12.947 <- 16 aa 24 a0 f8 b0 6a 02 00 00 00 00 00 00 00 00 00 00 00 00  | aa 
19:04:12.977 <- 16 a0 a0 f8 b0 6a 00 00 43 43 43 43 43 43 43 43 43 43 43 43  | a0 2026-09-21 09:28:00
19:04:12.980 <- 16 a0 18 f9 b0 6a 01 00 4b 4b 4b 4b 4b 4b 4b 4b 4b 4b 4b 4b  | a0 2026-09-21 09:30:00
19:04:12.980 <- 16 aa 25 60 fc b0 6a 01 00 00 00 00 00 00 00 00 00 00 00 00  | aa 
19:04:13.009 <- 16 a0 60 fc b0 6a 00 00 4f 4f 4f 4f 4f 4f 4f 4f 4f 4f 4f 4f  | a0 2026-09-21 09:44:00
19:04:13.039 <- 16 aa 26 a8 ff b0 6a 02 00 00 00 00 00 00 00 00 00 00 00 00  | aa 
19:04:13.039 <- 16 a0 a8 ff b0 6a 00 00 53 53 53 53 53 53 53 53 53 53 53 53  | a0 2026-09-21 09:58:00
19:04:13.039 <- 16 a0 20 00 b1 6a 01 00 46 46 46 46 46 46 46 46 46 46 46 46  | a0 2026-09-21 10:00:00
19:04:13.069 <- 16 aa 27 b0 06 b1 6a 01 00 00 00 00 00 00 00 00 00 00 00 00  | aa 
19:04:13.098 <- 16 a0 b0 06 b1 6a 00 00 55 55 55 55 55 55 55 55 55 55 55 55  | a0 2026-09-21 10:28:00
19:04:13.099 <- 16 aa 28 b8 0d b1 6a 01 00 00 00 00 00 00 00 00 00 00 00 00  | aa 
19:04:13.099 <- 16 a0 b8 0d b1 6a 00 00 49 49 49 49 49 49 49 49 49 49 49 49  | a0 2026-09-21 10:58:00
19:04:13.127 <- 16 aa 29 c0 14 b1 6a 01 00 00 00 00 00 00 00 00 00 00 00 00  | aa 
19:04:13.156 <- 16 a0 c0 14 b1 6a 00 00 35 35 35 35 35 35 35 35 35 35 35 35  | a0 2026-09-21 11:28:00
19:04:13.158 <- 16 aa 2a c8 1b b1 6a 01 00 00 00 00 00 00 00 00 00 00 00 00  | aa 
19:04:13.158 <- 16 a0 c8 1b b1 6a 00 00 3e 3e 3e 3e 3e 3e 3e 3e 3e 3e 3e 3e  | a0 2026-09-21 11:58:00
19:04:13.186 <- 16 aa 2b d0 22 b1 6a 01 00 00 00 00 00 00 00 00 00 00 00 00  | aa 
19:04:13.218 <- 16 a0 d0 22 b1 6a 00 00 4a 4a 4a 4a 4a 4a 4a 4a 4a 4a 4a 4a  | a0 2026-09-21 12:28:00
19:04:13.220 <- 16 aa 2c d8 29 b1 6a 01 00 00 00 00 00 00 00 00 00 00 00 00  | aa 
19:04:13.220 <- 16 a0 d8 29 b1 6a 00 00 3b 3b 3b 3b 3b 3b 3b 3b 3b 3b 3b 3b  | a0 2026-09-21 12:58:00
19:04:13.277 <- 16 aa 2d e0 30 b1 6a 01 00 00 00 00 00 00 00 00 00 00 00 00  | aa 
19:04:13.279 <- 16 a0 e0 30 b1 6a 00 00 52 52 52 52 52 52 52 52 52 52 52 52  | a0 2026-09-21 13:28:00
19:04:13.279 <- 16 aa 2e f0 3e b1 6a 01 00 00 00 00 00 00 00 00 00 00 00 00  | aa 
19:04:13.310 <- 16 a0 f0 3e b1 6a 00 00 49 49 49 49 49 49 49 49 49 49 49 49  | a0 2026-09-21 14:28:00
19:04:13.339 <- 16 aa 2f f8 45 b1 6a 01 00 00 00 00 00 00 00 00 00 00 00 00  | aa 
19:04:13.369 <- 16 a0 f8 45 b1 6a 00 00 50 50 50 50 50 50 50 50 50 50 50 50  | a0 2026-09-21 14:58:00
19:04:13.369 <- 16 aa 30 10 5b b1 6a 02 00 00 00 00 00 00 00 00 00 00 00 00  | aa 
19:04:13.400 <- 16 a0 10 5b b1 6a 00 00 4f 4f 4f 4f 4f 4f 4f 4f 4f 4f 4f 4f  | a0 2026-09-21 16:28:00
19:04:13.430 <- 16 a0 88 5b b1 6a 01 00 54 54 54 54 54 54 54 54 54 54 54 54  | a0 2026-09-21 16:30:00
19:04:13.430 <- 16 aa 31 18 62 b1 6a 01 00 00 00 00 00 00 00 00 00 00 00 00  | aa 
19:04:13.460 <- 16 a0 18 62 b1 6a 00 00 3f 3f 3f 3f 3f 3f 3f 3f 3f 3f 3f 3f  | a0 2026-09-21 16:58:00
19:04:13.460 <- 16 aa 32 20 69 b1 6a 01 00 00 00 00 00 00 00 00 00 00 00 00  | aa 
19:04:13.460 <- 16 a0 20 69 b1 6a 00 00 48 48 48 48 48 48 48 48 48 48 48 48  | a0 2026-09-21 17:28:00
19:04:13.488 <- 16 aa 33 28 70 b1 6a 01 00 00 00 00 00 00 00 00 00 00 00 00  | aa 
19:04:13.488 <- 16 a0 28 70 b1 6a 00 00 50 50 50 50 50 50 50 50 50 50 50 50  | a0 2026-09-21 17:58:00
19:04:13.517 <- 16 aa 34 30 77 b1 6a 01 00 00 00 00 00 00 00 00 00 00 00 00  | aa 
19:04:13.547 <- 16 a0 30 77 b1 6a 00 00 3e 3e 3e 3e 3e 3e 3e 3e 3e 3e 3e 3e  | a0 2026-09-21 18:28:00
19:04:14.237 -> 55 00 00 00 00 00 00 00 00 00 00 00 00 00 00 00 00 00 00 00  | запрос дня 0
19:04:14.269 <- 55 04 77 b0 6a 72 48 16 40 54 72 48 16 40 54 72 48 16 40 54  | 2026-09-21 00:15:00
19:04:14.269 <- 55 0c 7e b0 6a 6f 48 0e 40 54 6f 48 0e 40 54 6f 48 0e 40 54  | 2026-09-21 00:45:00
19:04:14.630 <- 55 14 85 b0 6a 71 4a 05 36 54 71 4a 05 36 54 71 4a 05 36 54  | 2026-09-21 01:15:00
19:04:14.630 <- 55 1c 8c b0 6a 76 4a 05 32 50 76 4a 05 32 50 76 4a 05 32 50  | 2026-09-21 01:45:00
19:04:14.987 <- 55 2c 9a b0 6a 76 47 01 44 53 76 47 01 44 53 76 47 01 44 53  | 2026-09-21 02:45:00
19:04:14.988 <- 55 34 a1 b0 6a 72 44 05 37 50 72 44 05 37 50 72 44 05 37 50  | 2026-09-21 03:15:00
19:04:15.347 <- 55 3c a8 b0 6a 6e 4a 05 32 50 6e 4a 05 32 50 6e 4a 05 32 50  | 2026-09-21 03:45:00
19:04:15.349 <- 55 44 af b0 6a 71 46 05 40 54 71 46 05 40 54 71 46 05 40 54  | 2026-09-21 04:15:00
19:04:15.378 <- 55 4c b6 b0 6a 74 48 05 38 51 74 48 05 38 51 74 48 05 38 51  | 2026-09-21 04:45:00
19:04:15.379 <- 55 5c c4 b0 6a 6e 46 04 32 50 6e 46 04 32 50 6e 46 04 32 50  | 2026-09-21 05:45:00
19:04:15.409 <- 55 64 cb b0 6a 77 4a 05 3a 53 77 4a 05 3a 53 77 4a 05 3a 53  | 2026-09-21 06:15:00
19:04:15.409 <- 55 6c d2 b0 6a 6e 49 05 3c 50 6e 49 05 3c 50 6e 49 05 3c 50  | 2026-09-21 06:45:00
19:04:15.439 <- 55 74 d9 b0 6a 6e 48 00 3e 52 6e 48 00 3e 52 6e 48 00 3e 52  | 2026-09-21 07:15:00
19:04:15.439 <- 55 8c ee b0 6a 73 45 35 49 53 73 45 35 49 53 73 45 35 49 53  | 2026-09-21 08:45:00
19:04:15.469 <- 55 94 f5 b0 6a 6f 47 27 49 52 6f 47 27 49 52 6f 47 27 49 52  | 2026-09-21 09:15:00
19:04:15.497 <- 55 9c fc b0 6a 73 45 31 47 51 73 45 31 47 51 73 45 31 47 51  | 2026-09-21 09:45:00
19:04:15.498 <- 55 a4 03 b1 6a 6d 44 2d 33 51 6d 44 2d 33 51 6d 44 2d 33 51  | 2026-09-21 10:15:00
19:04:15.527 <- 55 ac 0a b1 6a 75 4a 34 3b 54 75 4a 34 3b 54 75 4a 34 3b 54  | 2026-09-21 10:45:00
19:04:15.528 <- 55 b4 11 b1 6a 77 47 15 3a 53 77 47 15 3a 53 77 47 15 3a 53  | 2026-09-21 11:15:00
19:04:15.557 <- 55 bc 18 b1 6a 73 47 25 37 50 73 47 25 37 50 73 47 25 37 50  | 2026-09-21 11:45:00
19:04:15.586 <- 55 c4 1f b1 6a 70 49 30 40 54 70 49 30 40 54 70 49 30 40 54  | 2026-09-21 12:15:00
19:04:15.589 <- 55 cc 26 b1 6a 75 46 1a 4d 52 75 46 1a 4d 52 75 46 1a 4d 52  | 2026-09-21 12:45:00
19:04:15.619 <- 55 d4 2d b1 6a 6d 48 2a 46 50 6d 48 2a 46 50 6d 48 2a 46 50  | 2026-09-21 13:15:00
19:04:15.619 <- 55 e4 3b b1 6a 71 44 30 41 50 71 44 30 41 50 71 44 30 41 50  | 2026-09-21 14:15:00
19:04:15.649 <- 55 ec 42 b1 6a 71 44 37 41 50 71 44 37 41 50 71 44 37 41 50  | 2026-09-21 14:45:00
19:04:15.679 <- 55 04 58 b1 6a 72 44 37 42 51 72 44 37 42 51 72 44 37 42 51  | 2026-09-21 16:15:00
19:04:15.679 <- 55 0c 5f b1 6a 6e 47 21 3c 50 6e 47 21 3c 50 6e 47 21 3c 50  | 2026-09-21 16:45:00
19:04:15.709 <- 55 14 66 b1 6a 75 46 33 45 54 75 46 33 45 54 75 46 33 45 54  | 2026-09-21 17:15:00
19:04:15.709 <- 55 1c 6d b1 6a 75 44 31 3b 54 75 44 31 3b 54 75 44 31 3b 54  | 2026-09-21 17:45:00
19:04:15.739 <- 55 7c c1 b1 6a 00 00 00 00 00 00 00 00 00 00 00 00 00 00 00  | 2026-09-21 23:45:00
19:04:16.099 -> 40 00 00 00 00 00 00 00 00 00 00 00 00 00 00 00 00 00 00 00  | запрос дня 0
19:04:16.129 <- 40 04 77 b0 6a 63 63 63 63 63 63 63 63 63 63 63 63 63 63 63  | 2026-09-21 00:15:00 SpO2 99
19:04:16.129 <- 40 0c 7e b0 6a 62 62 62 62 62 62 62 62 62 62 62 62 62 62 62  | 2026-09-21 00:45:00 SpO2 98
19:04:16.157 <- 40 14 85 b0 6a 63 63 63 63 63 63 63 63 63 63 63 63 63 63 63  | 2026-09-21 01:15:00 SpO2 99
19:04:16.158 <- 40 1c 8c b0 6a 62 62 62 62 62 62 62 62 62 62 62 62 62 62 62  | 2026-09-21 01:45:00 SpO2 98
19:04:16.187 <- 40 2c 9a b0 6a 63 63 63 63 63 63 63 63 63 63 63 63 63 63 63  | 2026-09-21 02:45:00 SpO2 99
19:04:16.188 <- 40 34 a1 b0 6a 62 62 62 62 62 62 62 62 62 62 62 62 62 62 62  | 2026-09-21 03:15:00 SpO2 98
19:04:16.217 <- 40 3c a8 b0 6a 63 63 63 63 63 63 63 63 63 63 63 63 63 63 63  | 2026-09-21 03:45:00 SpO2 99
19:04:16.218 <- 40 44 af b0 6a 63 63 63 63 63 63 63 63 63 63 63 63 63 63 63  | 2026-09-21 04:15:00 SpO2 99
19:04:16.247 <- 40 4c b6 b0 6a 63 63 63 63 63 63 63 63 63 63 63 63 63 63 63  | 2026-09-21 04:45:00 SpO2 99
19:04:16.248 <- 40 5c c4 b0 6a 63 63 63 63 63 63 63 63 63 63 63 63 63 63 63  | 2026-09-21 05:45:00 SpO2 99
19:04:16.279 <- 40 64 cb b0 6a 62 62 62 62 62 62 62 62 62 62 62 62 62 62 62  | 2026-09-21 06:15:00 SpO2 98
19:04:16.279 <- 40 6c d2 b0 6a 62 62 62 62 62 62 62 62 62 62 62 62 62 62 62  | 2026-09-21 06:45:00 SpO2 98
19:04:16.309 <- 40 74 d9 b0 6a 61 61 61 61 61 61 61 61 61 61 61 61 61 61 61  | 2026-09-21 07:15:00 SpO2 97
19:04:16.309 <- 40 8c ee b0 6a 62 62 62 62 62 62 62 62 62 62 62 62 62 62 62  | 2026-09-21 08:45:00 SpO2 98
19:04:16.339 <- 40 94 f5 b0 6a 62 62 62 62 62 62 62 62 62 62 62 62 62 62 62  | 2026-09-21 09:15:00 SpO2 98
19:04:16.339 <- 40 9c fc b0 6a 62 62 62 62 62 62 62 62 62 62 62 62 62 62 62  | 2026-09-21 09:45:00 SpO2 98
19:04:16.699 <- 40 a4 03 b1 6a 61 61 61 61 61 61 61 61 61 61 61 61 61 61 61  | 2026-09-21 10:15:00 SpO2 97
19:04:16.700 <- 40 ac 0a b1 6a 63 63 63 63 63 63 63 63 63 63 63 63 63 63 63  | 2026-09-21 10:45:00 SpO2 99
19:04:16.729 <- 40 b4 11 b1 6a 61 61 61 61 61 61 61 61 61 61 61 61 61 61 61  | 2026-09-21 11:15:00 SpO2 97
19:04:16.729 <- 40 bc 18 b1 6a 61 61 61 61 61 61 61 61 61 61 61 61 61 61 61  | 2026-09-21 11:45:00 SpO2 97
19:04:16.759 <- 40 c4 1f b1 6a 62 62 62 62 62 62 62 62 62 62 62 62 62 62 62  | 2026-09-21 12:15:00 SpO2 98
19:04:16.789 <- 40 cc 26 b1 6a 63 63 63 63 63 63 63 63 63 63 63 63 63 63 63  | 2026-09-21 12:45:00 SpO2 99
19:04:16.789 <- 40 d4 2d b1 6a 61 61 61 61 61 61 61 61 61 61 61 61 61 61 61  | 2026-09-21 13:15:00 SpO2 97
19:04:16.819 <- 40 e4 3b b1 6a 63 63 63 63 63 63 63 63 63 63 63 63 63 63 63  | 2026-09-21 14:15:00 SpO2 99
19:04:16.819 <- 40 ec 42 b1 6a 61 61 61 61 61 61 61 61 61 61 61 61 61 61 61  | 2026-09-21 14:45:00 SpO2 97
19:04:16.849 <- 40 04 58 b1 6a 63 63 63 63 63 63 63 63 63 63 63 63 63 63 63  | 2026-09-21 16:15:00 SpO2 99
19:04:16.849 <- 40 0c 5f b1 6a 61 61 61 61 61 61 61 61 61 61 61 61 61 61 61  | 2026-09-21 16:45:00 SpO2 97
19:04:16.879 <- 40 14 66 b1 6a 61 61 61 61 61 61 61 61 61 61 61 61 61 61 61  | 2026-09-21 17:15:00 SpO2 97
19:04:16.879 <- 40 1c 6d b1 6a 63 63 63 63 63 63 63 63 63 63 63 63 63 63 63  | 2026-09-21 17:45:00 SpO2 99
19:04:16.910 <- 40 7c c1 b1 6a 00 00 00 00 00 00 00 00 00 00 00 00 00 00 00  | 2026-09-21 23:45:00 SpO2 0
19:04:17.267 -> 03 00 00 00 00 00 00 00 00 00 00 00 00 00 00 00 00 00 00 00
19:04:17.299 <- 03 b0 7f b1 6a ec 13 00 00 6e 11 00 00 ea 00 00 00 48 3f 00  | 2026-09-21 19:04:16
19:04:17.300 <- 13 b0 7f b1 6a 2d 03 00 00 50 0a 00 00 18 15 00 00 00 00 00  | 2026-09-21 19:04:16
19:04:17.657 -> 0b 00 00 00 00 00 00 00 00 00 00 00 00 00 00 00 00 00 00 00
19:04:17.687 <- 0b 09 00 00 00 00 00 00 00 00 00 00 00 00 00 00 00 00 00 00  | байт1 = 9
19:04:48.677 <- 06 02 00 00 00 00 00 00 00 00 00 00 00 00 00 00 00 00 00 00
19:05:03.618 <- 06 02 00 00 00 00 00 00 00 00 00 00 00 00 00 00 00 00 00 00
19:05:44.904 <- 06 02 00 00 00 00 00 00 00 00 00 00 00 00 00 00 00 00 00 00
19:05:46.909 <- 06 02 00 00 00 00 00 00 00 00 00 00 00 00 00 00 00 00 00 00
19:07:08.395 <- 06 02 00 00 00 00 00 00 00 00 00 00 00 00 00 00 00 00 00 00
19:07:09.740 <- 06 02 00 00 00 00 00 00 00 00 00 00 00 00 00 00 00 00 00 00
19:07:11.420 <- 06 02 00 00 00 00 00 00 00 00 00 00 00 00 00 00 00 00 00 00
19:07:15.410 <- 06 02 00 00 00 00 00 00 00 00 00 00 00 00 00 00 00 00 00 00
19:07:18.590 <- 06 02 00 00 00 00 00 00 00 00 00 00 00 00 00 00 00 00 00 00
19:07:39.897 <- 06 02 00 00 00 00 00 00 00 00 00 00 00 00 00 00 00 00 00 00
19:07:41.240 <- 06 02 00 00 00 00 00 00 00 00 00 00 00 00 00 00 00 00 00 00
19:07:42.441 <- 06 02 00 00 00 00 00 00 00 00 00 00 00 00 00 00 00 00 00 00
19:07:43.491 <- 06 02 00 00 00 00 00 00 00 00 00 00 00 00 00 00 00 00 00 00
19:07:50.481 <- 06 02 00 00 00 00 00 00 00 00 00 00 00 00 00 00 00 00 00 00
19:08:09.120 <- 06 02 00 00 00 00 00 00 00 00 00 00 00 00 00 00 00 00 00 00
19:08:11.121 <- 06 02 00 00 00 00 00 00 00 00 00 00 00 00 00 00 00 00 00 00
19:08:15.861 <- 06 02 00 00 00 00 00 00 00 00 00 00 00 00 00 00 00 00 00 00
19:08:18.591 <- 06 02 00 00 00 00 00 00 00 00 00 00 00 00 00 00 00 00 00 00
19:08:20.451 <- 06 02 00 00 00 00 00 00 00 00 00 00 00 00 00 00 00 00 00 00
19:08:22.791 <- 06 02 00 00 00 00 00 00 00 00 00 00 00 00 00 00 00 00 00 00
19:08:26.451 <- 06 02 00 00 00 00 00 00 00 00 00 00 00 00 00 00 00 00 00 00
19:08:27.501 <- 06 02 00 00 00 00 00 00 00 00 00 00 00 00 00 00 00 00 00 00
19:08:34.461 <- 06 02 00 00 00 00 00 00 00 00 00 00 00 00 00 00 00 00 00 00
19:09:19.769 <- 06 02 00 00 00 00 00 00 00 00 00 00 00 00 00 00 00 00 00 00
19:09:26.873 <- 06 02 00 00 00 00 00 00 00 00 00 00 00 00 00 00 00 00 00 00
19:09:40.626 <- 20 62 ec 07 38 09 0a be bb 02 00 1b 00 00 00 00 00 00 00 00
19:09:40.626 <- 0c 8a 00 41 42 58 85 1e 7a 3a 00 2a 00 e5 7f 4c 99 a9 8b d7
19:09:40.626 <- f6 00 00 00 8a 00 2a 00 00 00 00 00 00 00 00 00 00 00 00 00
19:09:40.626 <- f6 41 42 58 85 1e 7a 00 00 00 00 00 00 00 00 00 00 00 00 00
19:09:40.669 <- 03 f3 80 b1 6a ec 13 00 00 6e 11 00 00 ea 00 00 00 48 3f 00  | 2026-09-21 19:09:39
19:09:40.670 <- 13 f3 80 b1 6a 2d 03 00 00 50 0a 00 00 18 15 00 00 00 00 00  | 2026-09-21 19:09:39
19:09:40.673 <- 0b 09 00 00 00 00 00 00 00 00 00 00 00 00 00 00 00 00 00 00  | байт1 = 9
19:09:41.989 <- 06 02 00 00 00 00 00 00 00 00 00 00 00 00 00 00 00 00 00 00
19:09:44.044 <- 06 02 00 00 00 00 00 00 00 00 00 00 00 00 00 00 00 00 00 00
19:10:03.614 <- 06 02 00 00 00 00 00 00 00 00 00 00 00 00 00 00 00 00 00 00
19:10:04.295 <- 06 02 00 00 00 00 00 00 00 00 00 00 00 00 00 00 00 00 00 00
19:10:06.995 <- 06 02 00 00 00 00 00 00 00 00 00 00 00 00 00 00 00 00 00 00
19:10:10.325 <- 06 02 00 00 00 00 00 00 00 00 00 00 00 00 00 00 00 00 00 00
19:10:12.516 <- 06 02 00 00 00 00 00 00 00 00 00 00 00 00 00 00 00 00 00 00
19:10:16.025 <- 06 02 00 00 00 00 00 00 00 00 00 00 00 00 00 00 00 00 00 00
19:10:17.225 <- 06 02 00 00 00 00 00 00 00 00 00 00 00 00 00 00 00 00 00 00
19:10:18.905 <- 06 02 00 00 00 00 00 00 00 00 00 00 00 00 00 00 00 00 00 00
19:11:59.413 <- 06 02 00 00 00 00 00 00 00 00 00 00 00 00 00 00 00 00 00 00
19:12:00.786 <- 06 02 00 00 00 00 00 00 00 00 00 00 00 00 00 00 00 00 00 00
19:12:04.116 <- 06 02 00 00 00 00 00 00 00 00 00 00 00 00 00 00 00 00 00 00
19:12:08.766 <- 06 02 00 00 00 00 00 00 00 00 00 00 00 00 00 00 00 00 00 00
19:12:11.766 <- 06 02 00 00 00 00 00 00 00 00 00 00 00 00 00 00 00 00 00 00
19:12:13.476 <- 06 02 00 00 00 00 00 00 00 00 00 00 00 00 00 00 00 00 00 00
19:12:15.156 <- 06 02 00 00 00 00 00 00 00 00 00 00 00 00 00 00 00 00 00 00
19:12:15.877 <- 06 02 00 00 00 00 00 00 00 00 00 00 00 00 00 00 00 00 00 00
19:12:17.226 <- 06 02 00 00 00 00 00 00 00 00 00 00 00 00 00 00 00 00 00 00
19:12:18.426 <- 06 02 00 00 00 00 00 00 00 00 00 00 00 00 00 00 00 00 00 00
19:12:19.116 <- 06 02 00 00 00 00 00 00 00 00 00 00 00 00 00 00 00 00 00 00
19:12:20.466 <- 06 02 00 00 00 00 00 00 00 00 00 00 00 00 00 00 00 00 00 00
19:12:21.486 <- 06 02 00 00 00 00 00 00 00 00 00 00 00 00 00 00 00 00 00 00
19:12:21.518 <- 03 94 81 b1 6a fe 13 00 00 7e 11 00 00 eb 00 00 00 48 3f 00  | 2026-09-21 19:12:20
19:12:21.518 <- 13 94 81 b1 6a 3f 03 00 00 50 0a 00 00 18 15 00 00 00 00 00  | 2026-09-21 19:12:20
19:12:22.207 <- 03 95 81 b1 6a ff 13 00 00 7f 11 00 00 eb 00 00 00 48 3f 00  | 2026-09-21 19:12:21
19:12:22.210 <- 13 95 81 b1 6a 40 03 00 00 50 0a 00 00 18 15 00 00 00 00 00  | 2026-09-21 19:12:21
19:12:22.210 <- 06 02 00 00 00 00 00 00 00 00 00 00 00 00 00 00 00 00 00 00
19:12:22.238 <- 03 95 81 b1 6a 00 14 00 00 80 11 00 00 eb 00 00 00 48 3f 00  | 2026-09-21 19:12:21
19:12:22.239 <- 13 95 81 b1 6a 41 03 00 00 50 0a 00 00 18 15 00 00 00 00 00  | 2026-09-21 19:12:21
19:12:22.926 <- 03 95 81 b1 6a 01 14 00 00 80 11 00 00 eb 00 00 00 48 3f 00  | 2026-09-21 19:12:21
19:12:22.928 <- 13 95 81 b1 6a 42 03 00 00 50 0a 00 00 18 15 00 00 00 00 00  | 2026-09-21 19:12:21
19:12:22.956 <- 03 95 81 b1 6a 02 14 00 00 81 11 00 00 eb 00 00 00 48 3f 00  | 2026-09-21 19:12:21
19:12:22.958 <- 13 95 81 b1 6a 43 03 00 00 50 0a 00 00 18 15 00 00 00 00 00  | 2026-09-21 19:12:21
19:12:22.958 <- 03 95 81 b1 6a 03 14 00 00 82 11 00 00 eb 00 00 00 48 3f 00  | 2026-09-21 19:12:21
19:12:22.986 <- 13 95 81 b1 6a 44 03 00 00 50 0a 00 00 18 15 00 00 00 00 00  | 2026-09-21 19:12:21
19:12:23.677 <- 03 96 81 b1 6a 04 14 00 00 83 11 00 00 eb 00 00 00 48 3f 00  | 2026-09-21 19:12:22
19:12:23.678 <- 13 96 81 b1 6a 45 03 00 00 50 0a 00 00 18 15 00 00 00 00 00  | 2026-09-21 19:12:22
19:12:23.678 <- 06 02 00 00 00 00 00 00 00 00 00 00 00 00 00 00 00 00 00 00
19:12:24.396 <- 03 97 81 b1 6a 05 14 00 00 84 11 00 00 eb 00 00 00 48 3f 00  | 2026-09-21 19:12:23
19:12:24.399 <- 13 97 81 b1 6a 46 03 00 00 50 0a 00 00 18 15 00 00 00 00 00  | 2026-09-21 19:12:23
19:12:24.428 <- 03 97 81 b1 6a 06 14 00 00 85 11 00 00 eb 00 00 00 48 3f 00  | 2026-09-21 19:12:23
19:12:24.428 <- 13 97 81 b1 6a 47 03 00 00 50 0a 00 00 18 15 00 00 00 00 00  | 2026-09-21 19:12:23
19:12:25.116 <- 06 02 00 00 00 00 00 00 00 00 00 00 00 00 00 00 00 00 00 00
19:12:25.146 <- 03 98 81 b1 6a 07 14 00 00 86 11 00 00 eb 00 00 00 48 3f 00  | 2026-09-21 19:12:24
19:12:25.148 <- 13 98 81 b1 6a 48 03 00 00 50 0a 00 00 18 15 00 00 00 00 00  | 2026-09-21 19:12:24
19:12:25.148 <- 03 98 81 b1 6a 08 14 00 00 87 11 00 00 eb 00 00 00 48 3f 00  | 2026-09-21 19:12:24
19:12:25.176 <- 13 98 81 b1 6a 49 03 00 00 50 0a 00 00 18 15 00 00 00 00 00  | 2026-09-21 19:12:24
19:12:25.866 <- 03 98 81 b1 6a 09 14 00 00 87 11 00 00 eb 00 00 00 48 3f 00  | 2026-09-21 19:12:24
19:12:25.868 <- 13 98 81 b1 6a 4a 03 00 00 50 0a 00 00 18 15 00 00 00 00 00  | 2026-09-21 19:12:24
19:12:25.896 <- 03 98 81 b1 6a 0a 14 00 00 88 11 00 00 eb 00 00 00 48 3f 00  | 2026-09-21 19:12:24
19:12:25.898 <- 13 98 81 b1 6a 4b 03 00 00 50 0a 00 00 18 15 00 00 00 00 00  | 2026-09-21 19:12:24
19:12:25.898 <- 06 02 00 00 00 00 00 00 00 00 00 00 00 00 00 00 00 00 00 00
19:12:26.947 <- 06 02 00 00 00 00 00 00 00 00 00 00 00 00 00 00 00 00 00 00
19:12:26.949 <- 03 9a 81 b1 6a 0b 14 00 00 89 11 00 00 eb 00 00 00 48 3f 00  | 2026-09-21 19:12:26
19:12:26.949 <- 13 9a 81 b1 6a 4c 03 00 00 50 0a 00 00 18 15 00 00 00 00 00  | 2026-09-21 19:12:26
19:12:27.007 <- 03 9a 81 b1 6a 0c 14 00 00 8a 11 00 00 eb 00 00 00 48 3f 00  | 2026-09-21 19:12:26
19:12:27.008 <- 13 9a 81 b1 6a 4d 03 00 00 50 0a 00 00 18 15 00 00 00 00 00  | 2026-09-21 19:12:26
19:12:27.816 <- 03 9a 81 b1 6a 0d 14 00 00 8b 11 00 00 eb 00 00 00 48 3f 00  | 2026-09-21 19:12:26
19:12:27.818 <- 13 9a 81 b1 6a 4d 03 00 00 50 0a 00 00 18 15 00 00 00 00 00  | 2026-09-21 19:12:26
19:12:27.846 <- 03 9a 81 b1 6a 0e 14 00 00 8c 11 00 00 eb 00 00 00 48 3f 00  | 2026-09-21 19:12:26
19:12:27.848 <- 13 9a 81 b1 6a 4d 03 00 00 50 0a 00 00 18 15 00 00 00 00 00  | 2026-09-21 19:12:26
19:12:28.897 <- 03 9b 81 b1 6a 0f 14 00 00 8d 11 00 00 eb 00 00 00 48 3f 00  | 2026-09-21 19:12:27
19:12:28.898 <- 13 9b 81 b1 6a 4d 03 00 00 50 0a 00 00 18 15 00 00 00 00 00  | 2026-09-21 19:12:27
19:12:28.899 <- 03 9c 81 b1 6a 10 14 00 00 8e 11 00 00 eb 00 00 00 48 3f 00  | 2026-09-21 19:12:28
19:12:28.928 <- 13 9c 81 b1 6a 4d 03 00 00 50 0a 00 00 18 15 00 00 00 00 00  | 2026-09-21 19:12:28
19:12:29.618 <- 06 02 00 00 00 00 00 00 00 00 00 00 00 00 00 00 00 00 00 00
19:12:29.619 <- 03 9c 81 b1 6a 11 14 00 00 8e 11 00 00 eb 00 00 00 48 3f 00  | 2026-09-21 19:12:28
19:12:29.619 <- 13 9c 81 b1 6a 4d 03 00 00 50 0a 00 00 18 15 00 00 00 00 00  | 2026-09-21 19:12:28
19:12:30.997 <- 03 9d 81 b1 6a 12 14 00 00 8f 11 00 00 ec 00 00 00 48 3f 00  | 2026-09-21 19:12:29
19:12:30.998 <- 13 9d 81 b1 6a 4d 03 00 00 50 0a 00 00 18 15 00 00 00 00 00  | 2026-09-21 19:12:29
19:12:31.029 <- 03 9e 81 b1 6a 13 14 00 00 90 11 00 00 ec 00 00 00 48 3f 00  | 2026-09-21 19:12:30
19:12:31.029 <- 13 9e 81 b1 6a 4d 03 00 00 50 0a 00 00 18 15 00 00 00 00 00  | 2026-09-21 19:12:30
19:12:32.437 <- 06 02 00 00 00 00 00 00 00 00 00 00 00 00 00 00 00 00 00 00
19:12:33.459 <- 06 02 00 00 00 00 00 00 00 00 00 00 00 00 00 00 00 00 00 00
19:12:34.477 <- 06 02 00 00 00 00 00 00 00 00 00 00 00 00 00 00 00 00 00 00
19:12:35.857 <- 06 02 00 00 00 00 00 00 00 00 00 00 00 00 00 00 00 00 00 00
19:12:37.207 <- 06 02 00 00 00 00 00 00 00 00 00 00 00 00 00 00 00 00 00 00
19:12:40.537 <- 06 02 00 00 00 00 00 00 00 00 00 00 00 00 00 00 00 00 00 00
19:12:44.857 <- 06 02 00 00 00 00 00 00 00 00 00 00 00 00 00 00 00 00 00 00
19:12:47.227 <- 06 02 00 00 00 00 00 00 00 00 00 00 00 00 00 00 00 00 00 00
19:12:48.367 <- 06 02 00 00 00 00 00 00 00 00 00 00 00 00 00 00 00 00 00 00
19:12:50.047 <- 06 02 00 00 00 00 00 00 00 00 00 00 00 00 00 00 00 00 00 00
19:12:52.597 <- 06 02 00 00 00 00 00 00 00 00 00 00 00 00 00 00 00 00 00 00
19:12:53.617 <- 06 02 00 00 00 00 00 00 00 00 00 00 00 00 00 00 00 00 00 00
19:12:53.619 <- 03 b4 81 b1 6a 25 14 00 00 a0 11 00 00 ec 00 00 00 48 3f 00  | 2026-09-21 19:12:52
19:12:53.619 <- 13 b4 81 b1 6a 4d 03 00 00 50 0a 00 00 18 15 00 00 00 00 00  | 2026-09-21 19:12:52
19:12:53.677 <- 03 b4 81 b1 6a 26 14 00 00 a1 11 00 00 ec 00 00 00 48 3f 00  | 2026-09-21 19:12:52
19:12:53.679 <- 13 b4 81 b1 6a 4d 03 00 00 50 0a 00 00 18 15 00 00 00 00 00  | 2026-09-21 19:12:52
19:12:54.367 <- 03 b4 81 b1 6a 27 14 00 00 a2 11 00 00 ec 00 00 00 48 3f 00  | 2026-09-21 19:12:52
19:12:54.369 <- 13 b4 81 b1 6a 4d 03 00 00 50 0a 00 00 18 15 00 00 00 00 00  | 2026-09-21 19:12:52
19:12:54.399 <- 03 b5 81 b1 6a 28 14 00 00 a3 11 00 00 ed 00 00 00 48 3f 00  | 2026-09-21 19:12:53
19:12:54.399 <- 13 b5 81 b1 6a 4d 03 00 00 50 0a 00 00 18 15 00 00 00 00 00  | 2026-09-21 19:12:53
19:12:55.087 <- 03 b6 81 b1 6a 29 14 00 00 a3 11 00 00 ed 00 00 00 48 3f 00  | 2026-09-21 19:12:54
19:12:55.090 <- 13 b6 81 b1 6a 4d 03 00 00 50 0a 00 00 18 15 00 00 00 00 00  | 2026-09-21 19:12:54
19:12:55.777 <- 03 b6 81 b1 6a 2a 14 00 00 a4 11 00 00 ed 00 00 00 48 3f 00  | 2026-09-21 19:12:54
19:12:55.779 <- 13 b6 81 b1 6a 4d 03 00 00 50 0a 00 00 18 15 00 00 00 00 00  | 2026-09-21 19:12:54
19:12:56.797 <- 06 02 00 00 00 00 00 00 00 00 00 00 00 00 00 00 00 00 00 00
19:12:56.799 <- 03 b7 81 b1 6a 2b 14 00 00 a5 11 00 00 ed 00 00 00 48 3f 00  | 2026-09-21 19:12:55
19:12:56.799 <- 13 b7 81 b1 6a 4d 03 00 00 50 0a 00 00 18 15 00 00 00 00 00  | 2026-09-21 19:12:55
19:12:56.856 <- 03 b7 81 b1 6a 2c 14 00 00 a6 11 00 00 ed 00 00 00 48 3f 00  | 2026-09-21 19:12:55
19:12:56.859 <- 13 b7 81 b1 6a 4d 03 00 00 50 0a 00 00 18 15 00 00 00 00 00  | 2026-09-21 19:12:55
19:12:57.877 <- 03 b9 81 b1 6a 2d 14 00 00 a7 11 00 00 ed 00 00 00 48 3f 00  | 2026-09-21 19:12:57
19:12:57.879 <- 13 b9 81 b1 6a 4d 03 00 00 50 0a 00 00 18 15 00 00 00 00 00  | 2026-09-21 19:12:57
19:12:57.909 <- 03 b9 81 b1 6a 2e 14 00 00 a8 11 00 00 ed 00 00 00 48 3f 00  | 2026-09-21 19:12:57
19:12:57.909 <- 13 b9 81 b1 6a 4d 03 00 00 50 0a 00 00 18 15 00 00 00 00 00  | 2026-09-21 19:12:57
19:12:58.598 <- 06 02 00 00 00 00 00 00 00 00 00 00 00 00 00 00 00 00 00 00
19:12:58.599 <- 03 b9 81 b1 6a 2f 14 00 00 a9 11 00 00 ed 00 00 00 48 3f 00  | 2026-09-21 19:12:57
19:12:58.599 <- 13 b9 81 b1 6a 4d 03 00 00 50 0a 00 00 18 15 00 00 00 00 00  | 2026-09-21 19:12:57
19:12:58.627 <- 03 b9 81 b1 6a 30 14 00 00 aa 11 00 00 ed 00 00 00 48 3f 00  | 2026-09-21 19:12:57
19:12:58.629 <- 13 b9 81 b1 6a 4d 03 00 00 50 0a 00 00 18 15 00 00 00 00 00  | 2026-09-21 19:12:57
19:12:58.987 <- 03 b9 81 b1 6a 31 14 00 00 aa 11 00 00 ed 00 00 00 48 3f 00  | 2026-09-21 19:12:57
19:12:58.989 <- 13 b9 81 b1 6a 4d 03 00 00 50 0a 00 00 18 15 00 00 00 00 00  | 2026-09-21 19:12:57
19:12:59.677 <- 03 ba 81 b1 6a 32 14 00 00 ab 11 00 00 ed 00 00 00 48 3f 00  | 2026-09-21 19:12:58
19:12:59.679 <- 13 ba 81 b1 6a 4d 03 00 00 50 0a 00 00 18 15 00 00 00 00 00  | 2026-09-21 19:12:58
19:13:00.037 <- 06 02 00 00 00 00 00 00 00 00 00 00 00 00 00 00 00 00 00 00
19:13:00.039 <- 03 bb 81 b1 6a 33 14 00 00 ac 11 00 00 ed 00 00 00 48 3f 00  | 2026-09-21 19:12:59
19:13:00.039 <- 13 bb 81 b1 6a 4d 03 00 00 50 0a 00 00 18 15 00 00 00 00 00  | 2026-09-21 19:12:59
19:13:00.131 <- 03 bb 81 b1 6a 34 14 00 00 ad 11 00 00 ed 00 00 00 48 3f 00  | 2026-09-21 19:12:59
19:13:00.131 <- 13 bb 81 b1 6a 4d 03 00 00 50 0a 00 00 18 15 00 00 00 00 00  | 2026-09-21 19:12:59
19:13:01.447 <- 03 bc 81 b1 6a 35 14 00 00 ae 11 00 00 ed 00 00 00 48 3f 00  | 2026-09-21 19:13:00
19:13:01.448 <- 13 bc 81 b1 6a 4d 03 00 00 50 0a 00 00 18 15 00 00 00 00 00  | 2026-09-21 19:13:00
19:13:01.477 <- 03 bc 81 b1 6a 36 14 00 00 af 11 00 00 ed 00 00 00 48 3f 00  | 2026-09-21 19:13:00
19:13:01.478 <- 13 bc 81 b1 6a 4d 03 00 00 50 0a 00 00 18 15 00 00 00 00 00  | 2026-09-21 19:13:00
19:13:02.167 <- 06 02 00 00 00 00 00 00 00 00 00 00 00 00 00 00 00 00 00 00
19:13:02.169 <- 03 bc 81 b1 6a 37 14 00 00 b0 11 00 00 ed 00 00 00 48 3f 00  | 2026-09-21 19:13:00
19:13:02.169 <- 13 bc 81 b1 6a 4d 03 00 00 50 0a 00 00 18 15 00 00 00 00 00  | 2026-09-21 19:13:00
19:13:02.227 <- 03 bd 81 b1 6a 38 14 00 00 b1 11 00 00 ed 00 00 00 48 3f 00  | 2026-09-21 19:13:01
19:13:02.229 <- 13 bd 81 b1 6a 4d 03 00 00 50 0a 00 00 18 15 00 00 00 00 00  | 2026-09-21 19:13:01
19:13:02.229 <- 03 bd 81 b1 6a 39 14 00 00 b1 11 00 00 ed 00 00 00 48 3f 00  | 2026-09-21 19:13:01
19:13:02.257 <- 13 bd 81 b1 6a 4d 03 00 00 50 0a 00 00 18 15 00 00 00 00 00  | 2026-09-21 19:13:01
19:13:02.677 <- 03 bd 81 b1 6a 3a 14 00 00 b2 11 00 00 ed 00 00 00 48 3f 00  | 2026-09-21 19:13:01
19:13:02.678 <- 13 bd 81 b1 6a 4d 03 00 00 50 0a 00 00 18 15 00 00 00 00 00  | 2026-09-21 19:13:01
19:13:03.697 <- 03 be 81 b1 6a 3b 14 00 00 b3 11 00 00 ed 00 00 00 48 3f 00  | 2026-09-21 19:13:02
19:13:03.698 <- 13 be 81 b1 6a 4d 03 00 00 50 0a 00 00 18 15 00 00 00 00 00  | 2026-09-21 19:13:02
19:13:04.387 <- 03 bf 81 b1 6a 3c 14 00 00 b4 11 00 00 ed 00 00 00 48 3f 00  | 2026-09-21 19:13:03
19:13:04.389 <- 13 bf 81 b1 6a 4d 03 00 00 50 0a 00 00 18 15 00 00 00 00 00  | 2026-09-21 19:13:03
19:13:05.767 <- 03 c0 81 b1 6a 3d 14 00 00 b5 11 00 00 ee 00 00 00 48 3f 00  | 2026-09-21 19:13:04
19:13:05.769 <- 13 c0 81 b1 6a 4d 03 00 00 50 0a 00 00 18 15 00 00 00 00 00  | 2026-09-21 19:13:04
19:13:07.267 <- 03 c2 81 b1 6a 3e 14 00 00 b6 11 00 00 ee 00 00 00 48 3f 00  | 2026-09-21 19:13:06
19:13:07.269 <- 13 c2 81 b1 6a 4d 03 00 00 50 0a 00 00 18 15 00 00 00 00 00  | 2026-09-21 19:13:06
19:13:08.018 <- 03 c3 81 b1 6a 3f 14 00 00 b7 11 00 00 ee 00 00 00 48 3f 00  | 2026-09-21 19:13:07
19:13:08.019 <- 13 c3 81 b1 6a 4d 03 00 00 50 0a 00 00 18 15 00 00 00 00 00  | 2026-09-21 19:13:07
19:13:08.377 <- 03 c3 81 b1 6a 40 14 00 00 b8 11 00 00 ee 00 00 00 48 3f 00  | 2026-09-21 19:13:07
19:13:08.378 <- 13 c3 81 b1 6a 4d 03 00 00 50 0a 00 00 18 15 00 00 00 00 00  | 2026-09-21 19:13:07
19:13:08.737 <- 03 c3 81 b1 6a 41 14 00 00 b8 11 00 00 ee 00 00 00 48 3f 00  | 2026-09-21 19:13:07
19:13:08.739 <- 13 c3 81 b1 6a 4d 03 00 00 50 0a 00 00 18 15 00 00 00 00 00  | 2026-09-21 19:13:07
19:13:20.834 <- 06 02 00 00 00 00 00 00 00 00 00 00 00 00 00 00 00 00 00 00
19:13:21.878 <- 06 02 00 00 00 00 00 00 00 00 00 00 00 00 00 00 00 00 00 00
19:13:22.958 <- 06 02 00 00 00 00 00 00 00 00 00 00 00 00 00 00 00 00 00 00
19:13:24.098 <- 06 02 00 00 00 00 00 00 00 00 00 00 00 00 00 00 00 00 00 00
19:13:25.208 <- 06 02 00 00 00 00 00 00 00 00 00 00 00 00 00 00 00 00 00 00
19:13:27.220 <- 06 02 00 00 00 00 00 00 00 00 00 00 00 00 00 00 00 00 00 00
19:13:27.220 <- 03 d6 81 b1 6a 53 14 00 00 c8 11 00 00 ef 00 00 00 48 3f 00  | 2026-09-21 19:13:26
19:13:27.250 <- 13 d6 81 b1 6a 5f 03 00 00 50 0a 00 00 18 15 00 00 00 00 00  | 2026-09-21 19:13:26
19:13:28.058 <- 03 d6 81 b1 6a 54 14 00 00 c9 11 00 00 ef 00 00 00 48 3f 00  | 2026-09-21 19:13:26
19:13:28.059 <- 13 d6 81 b1 6a 60 03 00 00 50 0a 00 00 18 15 00 00 00 00 00  | 2026-09-21 19:13:26
19:13:31.058 <- 06 02 00 00 00 00 00 00 00 00 00 00 00 00 00 00 00 00 00 00
19:13:34.748 <- 06 02 00 00 00 00 00 00 00 00 00 00 00 00 00 00 00 00 00 00
19:13:35.768 <- 06 02 00 00 00 00 00 00 00 00 00 00 00 00 00 00 00 00 00 00
19:13:36.788 <- 06 02 00 00 00 00 00 00 00 00 00 00 00 00 00 00 00 00 00 00
19:13:38.798 <- 06 02 00 00 00 00 00 00 00 00 00 00 00 00 00 00 00 00 00 00
19:13:39.878 <- 06 02 00 00 00 00 00 00 00 00 00 00 00 00 00 00 00 00 00 00
19:13:42.008 <- 06 02 00 00 00 00 00 00 00 00 00 00 00 00 00 00 00 00 00 00
19:13:43.208 <- 06 02 00 00 00 00 00 00 00 00 00 00 00 00 00 00 00 00 00 00
19:13:43.238 <- 03 e6 81 b1 6a 66 14 00 00 d9 11 00 00 ef 00 00 00 48 3f 00  | 2026-09-21 19:13:42
19:13:43.241 <- 13 e6 81 b1 6a 60 03 00 00 50 0a 00 00 18 15 00 00 00 00 00  | 2026-09-21 19:13:42
19:13:43.928 <- 03 e6 81 b1 6a 67 14 00 00 da 11 00 00 ef 00 00 00 48 3f 00  | 2026-09-21 19:13:42
19:13:43.929 <- 13 e6 81 b1 6a 60 03 00 00 50 0a 00 00 18 15 00 00 00 00 00  | 2026-09-21 19:13:42
19:13:44.618 <- 06 02 00 00 00 00 00 00 00 00 00 00 00 00 00 00 00 00 00 00
19:13:44.620 <- 03 e7 81 b1 6a 68 14 00 00 db 11 00 00 ef 00 00 00 48 3f 00  | 2026-09-21 19:13:43
19:13:44.620 <- 13 e7 81 b1 6a 60 03 00 00 50 0a 00 00 18 15 00 00 00 00 00  | 2026-09-21 19:13:43
19:13:45.068 <- 03 e8 81 b1 6a 69 14 00 00 db 11 00 00 f0 00 00 00 48 3f 00  | 2026-09-21 19:13:44
19:13:45.069 <- 13 e8 81 b1 6a 60 03 00 00 50 0a 00 00 18 15 00 00 00 00 00  | 2026-09-21 19:13:44
19:13:46.178 <- 03 e8 81 b1 6a 6a 14 00 00 dc 11 00 00 f0 00 00 00 48 3f 00  | 2026-09-21 19:13:44
19:13:46.179 <- 13 e8 81 b1 6a 60 03 00 00 50 0a 00 00 18 15 00 00 00 00 00  | 2026-09-21 19:13:44
19:13:46.868 <- 03 e9 81 b1 6a 6b 14 00 00 dd 11 00 00 f0 00 00 00 48 3f 00  | 2026-09-21 19:13:45
19:13:46.869 <- 13 e9 81 b1 6a 60 03 00 00 50 0a 00 00 18 15 00 00 00 00 00  | 2026-09-21 19:13:45
19:13:46.898 <- 03 ea 81 b1 6a 6c 14 00 00 de 11 00 00 f0 00 00 00 48 3f 00  | 2026-09-21 19:13:46
19:13:46.899 <- 13 ea 81 b1 6a 60 03 00 00 50 0a 00 00 18 15 00 00 00 00 00  | 2026-09-21 19:13:46
19:13:47.590 <- 06 02 00 00 00 00 00 00 00 00 00 00 00 00 00 00 00 00 00 00
19:13:47.590 <- 03 ea 81 b1 6a 6d 14 00 00 df 11 00 00 f0 00 00 00 48 3f 00  | 2026-09-21 19:13:46
19:13:47.590 <- 13 ea 81 b1 6a 60 03 00 00 50 0a 00 00 18 15 00 00 00 00 00  | 2026-09-21 19:13:46
19:13:48.368 <- 03 ea 81 b1 6a 6e 14 00 00 e0 11 00 00 f0 00 00 00 48 3f 00  | 2026-09-21 19:13:46
19:13:48.371 <- 13 ea 81 b1 6a 60 03 00 00 50 0a 00 00 18 15 00 00 00 00 00  | 2026-09-21 19:13:46
19:13:48.400 <- 06 02 00 00 00 00 00 00 00 00 00 00 00 00 00 00 00 00 00 00
19:13:48.400 <- 03 eb 81 b1 6a 6f 14 00 00 e1 11 00 00 f0 00 00 00 48 3f 00  | 2026-09-21 19:13:47
19:13:48.400 <- 13 eb 81 b1 6a 60 03 00 00 50 0a 00 00 18 15 00 00 00 00 00  | 2026-09-21 19:13:47
19:13:49.118 <- 03 eb 81 b1 6a 70 14 00 00 e2 11 00 00 f0 00 00 00 48 3f 00  | 2026-09-21 19:13:47
19:13:49.121 <- 13 eb 81 b1 6a 60 03 00 00 50 0a 00 00 18 15 00 00 00 00 00  | 2026-09-21 19:13:47
19:13:49.150 <- 03 ec 81 b1 6a 71 14 00 00 e2 11 00 00 f0 00 00 00 48 3f 00  | 2026-09-21 19:13:48
19:13:49.150 <- 13 ec 81 b1 6a 60 03 00 00 50 0a 00 00 18 15 00 00 00 00 00  | 2026-09-21 19:13:48
19:13:49.838 <- 03 ec 81 b1 6a 72 14 00 00 e3 11 00 00 f0 00 00 00 48 3f 00  | 2026-09-21 19:13:48
19:13:49.839 <- 13 ec 81 b1 6a 60 03 00 00 50 0a 00 00 18 15 00 00 00 00 00  | 2026-09-21 19:13:48
19:13:49.868 <- 06 02 00 00 00 00 00 00 00 00 00 00 00 00 00 00 00 00 00 00
19:13:49.897 <- 03 ed 81 b1 6a 73 14 00 00 e4 11 00 00 f0 00 00 00 48 3f 00  | 2026-09-21 19:13:49
19:13:49.900 <- 13 ed 81 b1 6a 60 03 00 00 50 0a 00 00 18 15 00 00 00 00 00  | 2026-09-21 19:13:49
19:13:50.918 <- 03 ed 81 b1 6a 74 14 00 00 e5 11 00 00 f0 00 00 00 48 3f 00  | 2026-09-21 19:13:49
19:13:50.921 <- 13 ed 81 b1 6a 60 03 00 00 50 0a 00 00 18 15 00 00 00 00 00  | 2026-09-21 19:13:49
19:13:51.607 <- 06 02 00 00 00 00 00 00 00 00 00 00 00 00 00 00 00 00 00 00
19:13:51.610 <- 03 ee 81 b1 6a 75 14 00 00 e6 11 00 00 f0 00 00 00 48 3f 00  | 2026-09-21 19:13:50
19:13:51.610 <- 13 ee 81 b1 6a 60 03 00 00 50 0a 00 00 18 15 00 00 00 00 00  | 2026-09-21 19:13:50
19:13:51.668 <- 03 ee 81 b1 6a 76 14 00 00 e7 11 00 00 f0 00 00 00 48 3f 00  | 2026-09-21 19:13:50
19:13:51.670 <- 13 ee 81 b1 6a 60 03 00 00 50 0a 00 00 18 15 00 00 00 00 00  | 2026-09-21 19:13:50
19:13:52.358 <- 03 ef 81 b1 6a 77 14 00 00 e8 11 00 00 f0 00 00 00 48 3f 00  | 2026-09-21 19:13:51
19:13:52.360 <- 13 ef 81 b1 6a 60 03 00 00 50 0a 00 00 18 15 00 00 00 00 00  | 2026-09-21 19:13:51
19:13:52.718 <- 03 ef 81 b1 6a 78 14 00 00 e9 11 00 00 f0 00 00 00 48 3f 00  | 2026-09-21 19:13:51
19:13:52.719 <- 13 ef 81 b1 6a 60 03 00 00 50 0a 00 00 18 15 00 00 00 00 00  | 2026-09-21 19:13:51
19:13:52.748 <- 06 02 00 00 00 00 00 00 00 00 00 00 00 00 00 00 00 00 00 00
19:13:53.438 <- 03 f0 81 b1 6a 7a 14 00 00 ea 11 00 00 f0 00 00 00 48 3f 00  | 2026-09-21 19:13:52
19:13:53.440 <- 13 f0 81 b1 6a 60 03 00 00 50 0a 00 00 18 15 00 00 00 00 00  | 2026-09-21 19:13:52
19:13:53.468 <- 03 f0 81 b1 6a 7b 14 00 00 eb 11 00 00 f0 00 00 00 48 3f 00  | 2026-09-21 19:13:52
19:13:53.469 <- 13 f0 81 b1 6a 60 03 00 00 50 0a 00 00 18 15 00 00 00 00 00  | 2026-09-21 19:13:52
19:13:53.498 <- 03 f0 81 b1 6a 7c 14 00 00 ec 11 00 00 f0 00 00 00 48 3f 00  | 2026-09-21 19:13:52
19:13:53.500 <- 13 f0 81 b1 6a 60 03 00 00 50 0a 00 00 18 15 00 00 00 00 00  | 2026-09-21 19:13:52
19:13:54.188 <- 06 02 00 00 00 00 00 00 00 00 00 00 00 00 00 00 00 00 00 00
19:13:54.190 <- 03 f0 81 b1 6a 7d 14 00 00 ed 11 00 00 f0 00 00 00 48 3f 00  | 2026-09-21 19:13:52
19:13:54.190 <- 13 f0 81 b1 6a 60 03 00 00 50 0a 00 00 18 15 00 00 00 00 00  | 2026-09-21 19:13:52
19:13:54.248 <- 03 f1 81 b1 6a 7e 14 00 00 ee 11 00 00 f0 00 00 00 48 3f 00  | 2026-09-21 19:13:53
19:13:54.249 <- 13 f1 81 b1 6a 60 03 00 00 50 0a 00 00 18 15 00 00 00 00 00  | 2026-09-21 19:13:53
19:13:54.938 <- 06 02 00 00 00 00 00 00 00 00 00 00 00 00 00 00 00 00 00 00
19:13:54.940 <- 03 f2 81 b1 6a 7f 14 00 00 ef 11 00 00 f1 00 00 00 48 3f 00  | 2026-09-21 19:13:54
19:13:54.940 <- 13 f2 81 b1 6a 60 03 00 00 50 0a 00 00 18 15 00 00 00 00 00  | 2026-09-21 19:13:54
19:13:54.970 <- 03 f2 81 b1 6a 80 14 00 00 f0 11 00 00 f1 00 00 00 48 3f 00  | 2026-09-21 19:13:54
19:13:54.970 <- 13 f2 81 b1 6a 60 03 00 00 50 0a 00 00 18 15 00 00 00 00 00  | 2026-09-21 19:13:54
19:13:55.658 <- 03 f2 81 b1 6a 81 14 00 00 f0 11 00 00 f1 00 00 00 48 3f 00  | 2026-09-21 19:13:54
19:13:55.660 <- 13 f2 81 b1 6a 60 03 00 00 50 0a 00 00 18 15 00 00 00 00 00  | 2026-09-21 19:13:54
19:13:55.690 <- 03 f2 81 b1 6a 82 14 00 00 f1 11 00 00 f1 00 00 00 48 3f 00  | 2026-09-21 19:13:54
19:13:55.690 <- 13 f2 81 b1 6a 60 03 00 00 50 0a 00 00 18 15 00 00 00 00 00  | 2026-09-21 19:13:54
19:13:55.694 <- 03 f2 81 b1 6a 83 14 00 00 f2 11 00 00 f1 00 00 00 48 3f 00  | 2026-09-21 19:13:54
19:13:55.748 <- 13 f2 81 b1 6a 60 03 00 00 50 0a 00 00 18 15 00 00 00 00 00  | 2026-09-21 19:13:54
19:13:56.438 <- 03 f2 81 b1 6a 84 14 00 00 f3 11 00 00 f1 00 00 00 48 3f 00  | 2026-09-21 19:13:54
19:13:56.440 <- 13 f2 81 b1 6a 60 03 00 00 50 0a 00 00 18 15 00 00 00 00 00  | 2026-09-21 19:13:54
19:13:56.470 <- 03 f3 81 b1 6a 85 14 00 00 f4 11 00 00 f1 00 00 00 48 3f 00  | 2026-09-21 19:13:55
19:13:56.470 <- 13 f3 81 b1 6a 60 03 00 00 50 0a 00 00 18 15 00 00 00 00 00  | 2026-09-21 19:13:55
19:13:56.470 <- 06 02 00 00 00 00 00 00 00 00 00 00 00 00 00 00 00 00 00 00
19:13:57.848 <- 03 f4 81 b1 6a 86 14 00 00 f5 11 00 00 f1 00 00 00 48 3f 00  | 2026-09-21 19:13:56
19:13:57.850 <- 13 f4 81 b1 6a 60 03 00 00 50 0a 00 00 18 15 00 00 00 00 00  | 2026-09-21 19:13:56
19:13:57.850 <- 06 02 00 00 00 00 00 00 00 00 00 00 00 00 00 00 00 00 00 00
19:13:57.908 <- 03 f5 81 b1 6a 87 14 00 00 f6 11 00 00 f1 00 00 00 48 3f 00  | 2026-09-21 19:13:57
19:13:57.910 <- 13 f5 81 b1 6a 60 03 00 00 50 0a 00 00 18 15 00 00 00 00 00  | 2026-09-21 19:13:57
19:13:57.910 <- 03 f5 81 b1 6a 88 14 00 00 f7 11 00 00 f1 00 00 00 48 3f 00  | 2026-09-21 19:13:57
19:13:57.938 <- 13 f5 81 b1 6a 60 03 00 00 50 0a 00 00 18 15 00 00 00 00 00  | 2026-09-21 19:13:57
19:13:58.958 <- 06 02 00 00 00 00 00 00 00 00 00 00 00 00 00 00 00 00 00 00
19:13:58.960 <- 03 f5 81 b1 6a 89 14 00 00 f7 11 00 00 f1 00 00 00 48 3f 00  | 2026-09-21 19:13:57
19:13:58.960 <- 13 f5 81 b1 6a 60 03 00 00 50 0a 00 00 18 15 00 00 00 00 00  | 2026-09-21 19:13:57
19:13:59.018 <- 03 f5 81 b1 6a 8a 14 00 00 f8 11 00 00 f1 00 00 00 48 3f 00  | 2026-09-21 19:13:57
19:13:59.020 <- 13 f5 81 b1 6a 60 03 00 00 50 0a 00 00 18 15 00 00 00 00 00  | 2026-09-21 19:13:57
19:13:59.709 <- 03 f6 81 b1 6a 8b 14 00 00 f9 11 00 00 f1 00 00 00 48 3f 00  | 2026-09-21 19:13:58
19:13:59.711 <- 13 f6 81 b1 6a 60 03 00 00 50 0a 00 00 18 15 00 00 00 00 00  | 2026-09-21 19:13:58
19:13:59.740 <- 03 f6 81 b1 6a 8c 14 00 00 fa 11 00 00 f1 00 00 00 48 3f 00  | 2026-09-21 19:13:58
19:13:59.740 <- 13 f6 81 b1 6a 60 03 00 00 50 0a 00 00 18 15 00 00 00 00 00  | 2026-09-21 19:13:58
19:13:59.740 <- 06 02 00 00 00 00 00 00 00 00 00 00 00 00 00 00 00 00 00 00
19:14:00.668 <- 03 f7 81 b1 6a 8d 14 00 00 fb 11 00 00 f1 00 00 00 48 3f 00  | 2026-09-21 19:13:59
19:14:00.669 <- 13 f7 81 b1 6a 60 03 00 00 50 0a 00 00 18 15 00 00 00 00 00  | 2026-09-21 19:13:59
19:14:00.669 <- 03 f7 81 b1 6a 8e 14 00 00 fc 11 00 00 f1 00 00 00 48 3f 00  | 2026-09-21 19:13:59
19:14:00.698 <- 13 f7 81 b1 6a 60 03 00 00 50 0a 00 00 18 15 00 00 00 00 00  | 2026-09-21 19:13:59
19:14:01.388 <- 06 02 00 00 00 00 00 00 00 00 00 00 00 00 00 00 00 00 00 00
19:14:01.390 <- 03 f7 81 b1 6a 8f 14 00 00 fd 11 00 00 f1 00 00 00 48 3f 00  | 2026-09-21 19:13:59
19:14:01.390 <- 13 f7 81 b1 6a 60 03 00 00 50 0a 00 00 18 15 00 00 00 00 00  | 2026-09-21 19:13:59
19:14:01.448 <- 03 f8 81 b1 6a 90 14 00 00 fe 11 00 00 f1 00 00 00 48 3f 00  | 2026-09-21 19:14:00
19:14:01.450 <- 13 f8 81 b1 6a 60 03 00 00 50 0a 00 00 18 15 00 00 00 00 00  | 2026-09-21 19:14:00
19:14:02.468 <- 03 f9 81 b1 6a 91 14 00 00 fe 11 00 00 f1 00 00 00 48 3f 00  | 2026-09-21 19:14:01
19:14:02.470 <- 13 f9 81 b1 6a 60 03 00 00 50 0a 00 00 18 15 00 00 00 00 00  | 2026-09-21 19:14:01
19:14:02.500 <- 06 02 00 00 00 00 00 00 00 00 00 00 00 00 00 00 00 00 00 00
19:14:02.530 <- 03 f9 81 b1 6a 92 14 00 00 ff 11 00 00 f1 00 00 00 48 3f 00  | 2026-09-21 19:14:01
19:14:02.530 <- 13 f9 81 b1 6a 60 03 00 00 50 0a 00 00 18 15 00 00 00 00 00  | 2026-09-21 19:14:01
19:14:03.218 <- 03 fa 81 b1 6a 93 14 00 00 00 12 00 00 f1 00 00 00 48 3f 00  | 2026-09-21 19:14:02
19:14:03.220 <- 13 fa 81 b1 6a 60 03 00 00 50 0a 00 00 18 15 00 00 00 00 00  | 2026-09-21 19:14:02
19:14:03.908 <- 06 02 00 00 00 00 00 00 00 00 00 00 00 00 00 00 00 00 00 00
19:14:03.910 <- 03 fa 81 b1 6a 94 14 00 00 01 12 00 00 f1 00 00 00 48 3f 00  | 2026-09-21 19:14:02
19:14:03.910 <- 13 fa 81 b1 6a 60 03 00 00 50 0a 00 00 18 15 00 00 00 00 00  | 2026-09-21 19:14:02
19:14:04.629 <- 03 fb 81 b1 6a 95 14 00 00 02 12 00 00 f2 00 00 00 48 3f 00  | 2026-09-21 19:14:03
19:14:04.631 <- 13 fb 81 b1 6a 61 03 00 00 50 0a 00 00 18 15 00 00 00 00 00  | 2026-09-21 19:14:03
19:14:05.979 <- 03 fc 81 b1 6a 96 14 00 00 03 12 00 00 f2 00 00 00 48 3f 00  | 2026-09-21 19:14:04
19:14:05.981 <- 13 fc 81 b1 6a 62 03 00 00 50 0a 00 00 18 15 00 00 00 00 00  | 2026-09-21 19:14:04
19:14:06.668 <- 03 fd 81 b1 6a 97 14 00 00 04 12 00 00 f2 00 00 00 48 3f 00  | 2026-09-21 19:14:05
19:14:06.670 <- 13 fd 81 b1 6a 63 03 00 00 50 0a 00 00 18 15 00 00 00 00 00  | 2026-09-21 19:14:05
19:14:11.979 <- 06 02 00 00 00 00 00 00 00 00 00 00 00 00 00 00 00 00 00 00
19:14:12.999 <- 06 02 00 00 00 00 00 00 00 00 00 00 00 00 00 00 00 00 00 00
19:14:14.349 <- 06 02 00 00 00 00 00 00 00 00 00 00 00 00 00 00 00 00 00 00
19:14:15.368 <- 06 02 00 00 00 00 00 00 00 00 00 00 00 00 00 00 00 00 00 00
19:14:48.809 <- 06 02 00 00 00 00 00 00 00 00 00 00 00 00 00 00 00 00 00 00
19:14:52.539 <- 06 02 00 00 00 00 00 00 00 00 00 00 00 00 00 00 00 00 00 00
19:14:53.439 <- 06 02 00 00 00 00 00 00 00 00 00 00 00 00 00 00 00 00 00 00
19:14:56.439 <- 06 02 00 00 00 00 00 00 00 00 00 00 00 00 00 00 00 00 00 00
19:15:06.405 <- 06 02 00 00 00 00 00 00 00 00 00 00 00 00 00 00 00 00 00 00
19:15:09.069 <- 06 02 00 00 00 00 00 00 00 00 00 00 00 00 00 00 00 00 00 00
19:15:10.419 <- 06 02 00 00 00 00 00 00 00 00 00 00 00 00 00 00 00 00 00 00
19:15:12.129 <- 06 02 00 00 00 00 00 00 00 00 00 00 00 00 00 00 00 00 00 00
19:15:13.149 <- 06 02 00 00 00 00 00 00 00 00 00 00 00 00 00 00 00 00 00 00
19:15:15.159 <- 06 02 00 00 00 00 00 00 00 00 00 00 00 00 00 00 00 00 00 00
19:15:18.819 <- 06 02 00 00 00 00 00 00 00 00 00 00 00 00 00 00 00 00 00 00
19:15:20.169 <- 06 02 00 00 00 00 00 00 00 00 00 00 00 00 00 00 00 00 00 00
19:15:23.619 <- 06 02 00 00 00 00 00 00 00 00 00 00 00 00 00 00 00 00 00 00
19:15:25.299 <- 06 02 00 00 00 00 00 00 00 00 00 00 00 00 00 00 00 00 00 00
19:15:26.980 <- 06 02 00 00 00 00 00 00 00 00 00 00 00 00 00 00 00 00 00 00
19:15:28.989 <- 06 02 00 00 00 00 00 00 00 00 00 00 00 00 00 00 00 00 00 00
19:15:30.760 <- 06 02 00 00 00 00 00 00 00 00 00 00 00 00 00 00 00 00 00 00
19:15:35.950 <- 06 02 00 00 00 00 00 00 00 00 00 00 00 00 00 00 00 00 00 00
19:15:40.390 <- 06 02 00 00 00 00 00 00 00 00 00 00 00 00 00 00 00 00 00 00
19:15:43.120 <- 06 02 00 00 00 00 00 00 00 00 00 00 00 00 00 00 00 00 00 00
19:15:44.470 <- 06 02 00 00 00 00 00 00 00 00 00 00 00 00 00 00 00 00 00 00
19:15:51.670 <- 06 02 00 00 00 00 00 00 00 00 00 00 00 00 00 00 00 00 00 00
19:16:09.678 <- 06 02 00 00 00 00 00 00 00 00 00 00 00 00 00 00 00 00 00 00
19:16:10.781 <- 06 02 00 00 00 00 00 00 00 00 00 00 00 00 00 00 00 00 00 00
19:16:11.470 <- 06 02 00 00 00 00 00 00 00 00 00 00 00 00 00 00 00 00 00 00
19:16:18.461 <- 06 02 00 00 00 00 00 00 00 00 00 00 00 00 00 00 00 00 00 00
19:16:19.811 <- 06 02 00 00 00 00 00 00 00 00 00 00 00 00 00 00 00 00 00 00
19:16:22.571 <- 06 02 00 00 00 00 00 00 00 00 00 00 00 00 00 00 00 00 00 00
19:16:30.911 <- 06 02 00 00 00 00 00 00 00 00 00 00 00 00 00 00 00 00 00 00
19:16:34.961 <- 06 02 00 00 00 00 00 00 00 00 00 00 00 00 00 00 00 00 00 00
19:16:43.392 <- 06 02 00 00 00 00 00 00 00 00 00 00 00 00 00 00 00 00 00 00
19:16:44.412 <- 06 02 00 00 00 00 00 00 00 00 00 00 00 00 00 00 00 00 00 00
19:16:45.762 <- 06 02 00 00 00 00 00 00 00 00 00 00 00 00 00 00 00 00 00 00
19:16:50.142 <- 06 02 00 00 00 00 00 00 00 00 00 00 00 00 00 00 00 00 00 00
19:16:50.832 <- 06 02 00 00 00 00 00 00 00 00 00 00 00 00 00 00 00 00 00 00
19:16:56.202 <- 06 02 00 00 00 00 00 00 00 00 00 00 00 00 00 00 00 00 00 00
19:16:56.922 <- 06 02 00 00 00 00 00 00 00 00 00 00 00 00 00 00 00 00 00 00
19:16:59.262 <- 06 02 00 00 00 00 00 00 00 00 00 00 00 00 00 00 00 00 00 00
19:17:00.942 <- 03 ab 82 b1 6a a9 14 00 00 13 12 00 00 f2 00 00 00 48 3f 00  | 2026-09-21 19:16:59
19:17:00.943 <- 13 ab 82 b1 6a 75 03 00 00 c8 0a 00 00 80 16 00 00 00 00 00  | 2026-09-21 19:16:59
19:17:01.632 <- 03 ac 82 b1 6a aa 14 00 00 14 12 00 00 f3 00 00 00 48 3f 00  | 2026-09-21 19:17:00
19:17:01.634 <- 13 ac 82 b1 6a 76 03 00 00 c8 0a 00 00 80 16 00 00 00 00 00  | 2026-09-21 19:17:00
19:17:01.664 <- 03 ac 82 b1 6a ab 14 00 00 15 12 00 00 f3 00 00 00 48 3f 00  | 2026-09-21 19:17:00
19:17:01.664 <- 13 ac 82 b1 6a 76 03 00 00 c8 0a 00 00 80 16 00 00 00 00 00  | 2026-09-21 19:17:00
19:17:03.011 <- 06 02 00 00 00 00 00 00 00 00 00 00 00 00 00 00 00 00 00 00
19:17:03.013 <- 03 ad 82 b1 6a ac 14 00 00 16 12 00 00 f3 00 00 00 48 3f 00  | 2026-09-21 19:17:01
19:17:03.013 <- 13 ad 82 b1 6a 76 03 00 00 c8 0a 00 00 80 16 00 00 00 00 00  | 2026-09-21 19:17:01
19:17:03.102 <- 03 ae 82 b1 6a ad 14 00 00 17 12 00 00 f3 00 00 00 48 3f 00  | 2026-09-21 19:17:02
19:17:03.104 <- 13 ae 82 b1 6a 76 03 00 00 c8 0a 00 00 80 16 00 00 00 00 00  | 2026-09-21 19:17:02
19:17:03.104 <- 03 ae 82 b1 6a ae 14 00 00 18 12 00 00 f3 00 00 00 48 3f 00  | 2026-09-21 19:17:02
19:17:03.134 <- 13 ae 82 b1 6a 76 03 00 00 c8 0a 00 00 80 16 00 00 00 00 00  | 2026-09-21 19:17:02
19:17:04.153 <- 03 af 82 b1 6a af 14 00 00 19 12 00 00 f3 00 00 00 48 3f 00  | 2026-09-21 19:17:03
19:17:04.155 <- 13 af 82 b1 6a 77 03 00 00 c8 0a 00 00 80 16 00 00 00 00 00  | 2026-09-21 19:17:03
19:17:04.184 <- 03 af 82 b1 6a b0 14 00 00 1a 12 00 00 f3 00 00 00 48 3f 00  | 2026-09-21 19:17:03
19:17:04.184 <- 13 af 82 b1 6a 78 03 00 00 c8 0a 00 00 80 16 00 00 00 00 00  | 2026-09-21 19:17:03
19:17:04.602 <- 06 02 00 00 00 00 00 00 00 00 00 00 00 00 00 00 00 00 00 00
19:17:04.604 <- 03 af 82 b1 6a b1 14 00 00 1a 12 00 00 f3 00 00 00 48 3f 00  | 2026-09-21 19:17:03
19:17:04.604 <- 13 af 82 b1 6a 79 03 00 00 c8 0a 00 00 80 16 00 00 00 00 00  | 2026-09-21 19:17:03
19:17:05.652 <- 03 b0 82 b1 6a b2 14 00 00 1b 12 00 00 f3 00 00 00 48 3f 00  | 2026-09-21 19:17:04
19:17:05.655 <- 13 b0 82 b1 6a 7a 03 00 00 c8 0a 00 00 80 16 00 00 00 00 00  | 2026-09-21 19:17:04
19:17:06.342 <- 03 b1 82 b1 6a b3 14 00 00 1c 12 00 00 f3 00 00 00 48 3f 00  | 2026-09-21 19:17:05
19:17:06.372 <- 13 b1 82 b1 6a 7a 03 00 00 c8 0a 00 00 80 16 00 00 00 00 00  | 2026-09-21 19:17:05
19:17:06.373 <- 03 b1 82 b1 6a b4 14 00 00 1d 12 00 00 f3 00 00 00 48 3f 00  | 2026-09-21 19:17:05
19:17:06.374 <- 13 b1 82 b1 6a 7a 03 00 00 c8 0a 00 00 80 16 00 00 00 00 00  | 2026-09-21 19:17:05
19:17:07.422 <- 03 b2 82 b1 6a b5 14 00 00 1e 12 00 00 f3 00 00 00 48 3f 00  | 2026-09-21 19:17:06
19:17:07.424 <- 13 b2 82 b1 6a 7a 03 00 00 c8 0a 00 00 80 16 00 00 00 00 00  | 2026-09-21 19:17:06
19:17:08.112 <- 03 b2 82 b1 6a b6 14 00 00 1f 12 00 00 f3 00 00 00 48 3f 00  | 2026-09-21 19:17:06
19:17:08.114 <- 13 b2 82 b1 6a 7a 03 00 00 c8 0a 00 00 80 16 00 00 00 00 00  | 2026-09-21 19:17:06
19:17:08.144 <- 03 b3 82 b1 6a b7 14 00 00 20 12 00 00 f3 00 00 00 48 3f 00  | 2026-09-21 19:17:07
19:17:08.144 <- 13 b3 82 b1 6a 7a 03 00 00 c8 0a 00 00 80 16 00 00 00 00 00  | 2026-09-21 19:17:07
19:17:09.162 <- 03 b4 82 b1 6a b8 14 00 00 21 12 00 00 f3 00 00 00 48 3f 00  | 2026-09-21 19:17:08
19:17:09.164 <- 13 b4 82 b1 6a 7a 03 00 00 c8 0a 00 00 80 16 00 00 00 00 00  | 2026-09-21 19:17:08
19:17:09.164 <- 03 b4 82 b1 6a b9 14 00 00 21 12 00 00 f3 00 00 00 48 3f 00  | 2026-09-21 19:17:08
19:17:09.194 <- 13 b4 82 b1 6a 7a 03 00 00 c8 0a 00 00 80 16 00 00 00 00 00  | 2026-09-21 19:17:08
19:17:09.882 <- 06 02 00 00 00 00 00 00 00 00 00 00 00 00 00 00 00 00 00 00
19:17:09.911 <- 03 b4 82 b1 6a ba 14 00 00 22 12 00 00 f3 00 00 00 48 3f 00  | 2026-09-21 19:17:08
19:17:09.914 <- 13 b4 82 b1 6a 7a 03 00 00 c8 0a 00 00 80 16 00 00 00 00 00  | 2026-09-21 19:17:08
19:17:10.602 <- 03 b5 82 b1 6a bb 14 00 00 23 12 00 00 f3 00 00 00 48 3f 00  | 2026-09-21 19:17:09
19:17:10.603 <- 13 b5 82 b1 6a 7a 03 00 00 c8 0a 00 00 80 16 00 00 00 00 00  | 2026-09-21 19:17:09
19:17:10.992 <- 03 b6 82 b1 6a bc 14 00 00 24 12 00 00 f3 00 00 00 48 3f 00  | 2026-09-21 19:17:10
19:17:10.993 <- 13 b6 82 b1 6a 7a 03 00 00 c8 0a 00 00 80 16 00 00 00 00 00  | 2026-09-21 19:17:10
19:17:11.442 <- 03 b6 82 b1 6a bd 14 00 00 25 12 00 00 f3 00 00 00 48 3f 00  | 2026-09-21 19:17:10
19:17:11.444 <- 13 b6 82 b1 6a 7a 03 00 00 c8 0a 00 00 80 16 00 00 00 00 00  | 2026-09-21 19:17:10
19:17:12.342 <- 03 b7 82 b1 6a be 14 00 00 26 12 00 00 f3 00 00 00 48 3f 00  | 2026-09-21 19:17:11
19:17:12.343 <- 13 b7 82 b1 6a 7a 03 00 00 c8 0a 00 00 80 16 00 00 00 00 00  | 2026-09-21 19:17:11
19:17:13.033 <- 03 b8 82 b1 6a bf 14 00 00 27 12 00 00 f3 00 00 00 48 3f 00  | 2026-09-21 19:17:12
19:17:13.034 <- 13 b8 82 b1 6a 7a 03 00 00 c8 0a 00 00 80 16 00 00 00 00 00  | 2026-09-21 19:17:12
19:17:13.392 <- 03 b8 82 b1 6a c0 14 00 00 28 12 00 00 f4 00 00 00 48 3f 00  | 2026-09-21 19:17:12
19:17:13.393 <- 13 b8 82 b1 6a 7a 03 00 00 c8 0a 00 00 80 16 00 00 00 00 00  | 2026-09-21 19:17:12
19:17:13.812 <- 03 b8 82 b1 6a c1 14 00 00 28 12 00 00 f4 00 00 00 48 3f 00  | 2026-09-21 19:17:12
19:17:13.813 <- 13 b8 82 b1 6a 7a 03 00 00 c8 0a 00 00 80 16 00 00 00 00 00  | 2026-09-21 19:17:12
19:17:14.352 <- 03 b9 82 b1 6a c2 14 00 00 29 12 00 00 f4 00 00 00 48 3f 00  | 2026-09-21 19:17:13
19:17:14.354 <- 13 b9 82 b1 6a 7a 03 00 00 c8 0a 00 00 80 16 00 00 00 00 00  | 2026-09-21 19:17:13
19:17:15.043 <- 03 ba 82 b1 6a c3 14 00 00 2a 12 00 00 f4 00 00 00 48 3f 00  | 2026-09-21 19:17:14
19:17:15.044 <- 13 ba 82 b1 6a 7a 03 00 00 c8 0a 00 00 80 16 00 00 00 00 00  | 2026-09-21 19:17:14
19:17:15.732 <- 03 ba 82 b1 6a c4 14 00 00 2b 12 00 00 f4 00 00 00 48 3f 00  | 2026-09-21 19:17:14
19:17:15.734 <- 13 ba 82 b1 6a 7a 03 00 00 c8 0a 00 00 80 16 00 00 00 00 00  | 2026-09-21 19:17:14
19:17:15.762 <- 06 02 00 00 00 00 00 00 00 00 00 00 00 00 00 00 00 00 00 00
19:17:15.791 <- 03 ba 82 b1 6a c5 14 00 00 2c 12 00 00 f4 00 00 00 48 3f 00  | 2026-09-21 19:17:14
19:17:15.794 <- 13 ba 82 b1 6a 7b 03 00 00 c8 0a 00 00 80 16 00 00 00 00 00  | 2026-09-21 19:17:14
19:17:16.692 <- 03 bb 82 b1 6a c6 14 00 00 2d 12 00 00 f4 00 00 00 48 3f 00  | 2026-09-21 19:17:15
19:17:16.694 <- 13 bb 82 b1 6a 7c 03 00 00 c8 0a 00 00 80 16 00 00 00 00 00  | 2026-09-21 19:17:15
19:17:17.383 <- 03 bc 82 b1 6a c7 14 00 00 2e 12 00 00 f4 00 00 00 48 3f 00  | 2026-09-21 19:17:16
19:17:17.384 <- 13 bc 82 b1 6a 7d 03 00 00 c8 0a 00 00 80 16 00 00 00 00 00  | 2026-09-21 19:17:16
19:17:19.063 <- 06 02 00 00 00 00 00 00 00 00 00 00 00 00 00 00 00 00 00 00
19:17:19.064 <- 03 be 82 b1 6a c8 14 00 00 2f 12 00 00 f4 00 00 00 48 3f 00  | 2026-09-21 19:17:18
19:17:19.064 <- 13 be 82 b1 6a 7e 03 00 00 c8 0a 00 00 80 16 00 00 00 00 00  | 2026-09-21 19:17:18
19:17:19.122 <- 03 be 82 b1 6a c9 14 00 00 2f 12 00 00 f4 00 00 00 48 3f 00  | 2026-09-21 19:17:18
19:17:19.125 <- 13 be 82 b1 6a 7f 03 00 00 c8 0a 00 00 80 16 00 00 00 00 00  | 2026-09-21 19:17:18
19:17:20.472 <- 03 bf 82 b1 6a ca 14 00 00 30 12 00 00 f4 00 00 00 48 3f 00  | 2026-09-21 19:17:19
19:17:20.474 <- 13 bf 82 b1 6a 7f 03 00 00 c8 0a 00 00 80 16 00 00 00 00 00  | 2026-09-21 19:17:19
19:17:20.833 <- 03 bf 82 b1 6a cb 14 00 00 31 12 00 00 f4 00 00 00 48 3f 00  | 2026-09-21 19:17:19
19:17:20.835 <- 13 bf 82 b1 6a 7f 03 00 00 c8 0a 00 00 80 16 00 00 00 00 00  | 2026-09-21 19:17:19
19:17:20.864 <- 03 c0 82 b1 6a cc 14 00 00 32 12 00 00 f4 00 00 00 48 3f 00  | 2026-09-21 19:17:20
19:17:20.864 <- 13 c0 82 b1 6a 7f 03 00 00 c8 0a 00 00 80 16 00 00 00 00 00  | 2026-09-21 19:17:20
19:17:21.555 <- 03 c0 82 b1 6a cd 14 00 00 33 12 00 00 f4 00 00 00 48 3f 00  | 2026-09-21 19:17:20
19:17:21.555 <- 13 c0 82 b1 6a 7f 03 00 00 c8 0a 00 00 80 16 00 00 00 00 00  | 2026-09-21 19:17:20
19:17:22.242 <- 03 c1 82 b1 6a ce 14 00 00 34 12 00 00 f4 00 00 00 48 3f 00  | 2026-09-21 19:17:21
19:17:22.244 <- 13 c1 82 b1 6a 7f 03 00 00 c8 0a 00 00 80 16 00 00 00 00 00  | 2026-09-21 19:17:21
19:17:22.932 <- 03 c2 82 b1 6a cf 14 00 00 35 12 00 00 f4 00 00 00 48 3f 00  | 2026-09-21 19:17:22
19:17:22.934 <- 13 c2 82 b1 6a 7f 03 00 00 c8 0a 00 00 80 16 00 00 00 00 00  | 2026-09-21 19:17:22
19:17:23.623 <- 03 c2 82 b1 6a d0 14 00 00 36 12 00 00 f4 00 00 00 48 3f 00  | 2026-09-21 19:17:22
19:17:23.625 <- 13 c2 82 b1 6a 7f 03 00 00 c8 0a 00 00 80 16 00 00 00 00 00  | 2026-09-21 19:17:22
19:17:24.312 <- 03 c2 82 b1 6a d1 14 00 00 36 12 00 00 f4 00 00 00 48 3f 00  | 2026-09-21 19:17:22
19:17:24.314 <- 13 c2 82 b1 6a 7f 03 00 00 c8 0a 00 00 80 16 00 00 00 00 00  | 2026-09-21 19:17:22
19:17:25.002 <- 03 c3 82 b1 6a d2 14 00 00 37 12 00 00 f4 00 00 00 48 3f 00  | 2026-09-21 19:17:23
19:17:25.004 <- 13 c3 82 b1 6a 7f 03 00 00 c8 0a 00 00 80 16 00 00 00 00 00  | 2026-09-21 19:17:23
19:17:25.032 <- 03 c4 82 b1 6a d3 14 00 00 38 12 00 00 f4 00 00 00 48 3f 00  | 2026-09-21 19:17:24
19:17:25.034 <- 13 c4 82 b1 6a 7f 03 00 00 c8 0a 00 00 80 16 00 00 00 00 00  | 2026-09-21 19:17:24
19:17:25.722 <- 03 c4 82 b1 6a d4 14 00 00 39 12 00 00 f4 00 00 00 48 3f 00  | 2026-09-21 19:17:24
19:17:25.724 <- 13 c4 82 b1 6a 7f 03 00 00 c8 0a 00 00 80 16 00 00 00 00 00  | 2026-09-21 19:17:24
19:17:26.082 <- 03 c5 82 b1 6a d5 14 00 00 3a 12 00 00 f4 00 00 00 48 3f 00  | 2026-09-21 19:17:25
19:17:26.084 <- 13 c5 82 b1 6a 7f 03 00 00 c8 0a 00 00 80 16 00 00 00 00 00  | 2026-09-21 19:17:25
19:17:26.084 <- 03 c5 82 b1 6a d6 14 00 00 3b 12 00 00 f5 00 00 00 48 3f 00  | 2026-09-21 19:17:25
19:17:26.115 <- 13 c5 82 b1 6a 7f 03 00 00 c8 0a 00 00 80 16 00 00 00 00 00  | 2026-09-21 19:17:25
19:17:26.502 <- 03 c5 82 b1 6a d7 14 00 00 3c 12 00 00 f5 00 00 00 48 3f 00  | 2026-09-21 19:17:25
19:17:26.504 <- 13 c5 82 b1 6a 7f 03 00 00 c8 0a 00 00 80 16 00 00 00 00 00  | 2026-09-21 19:17:25
19:17:27.672 <- 03 c6 82 b1 6a d8 14 00 00 3d 12 00 00 f5 00 00 00 48 3f 00  | 2026-09-21 19:17:26
19:17:27.674 <- 13 c6 82 b1 6a 7f 03 00 00 c8 0a 00 00 80 16 00 00 00 00 00  | 2026-09-21 19:17:26
19:17:27.702 <- 03 c6 82 b1 6a d9 14 00 00 3d 12 00 00 f5 00 00 00 48 3f 00  | 2026-09-21 19:17:26
19:17:27.704 <- 13 c6 82 b1 6a 7f 03 00 00 c8 0a 00 00 80 16 00 00 00 00 00  | 2026-09-21 19:17:26
19:17:28.392 <- 03 c6 82 b1 6a da 14 00 00 3e 12 00 00 f5 00 00 00 48 3f 00  | 2026-09-21 19:17:26
19:17:28.394 <- 13 c6 82 b1 6a 7f 03 00 00 c8 0a 00 00 80 16 00 00 00 00 00  | 2026-09-21 19:17:26
19:17:28.425 <- 03 c7 82 b1 6a db 14 00 00 3f 12 00 00 f5 00 00 00 48 3f 00  | 2026-09-21 19:17:27
19:17:28.425 <- 13 c7 82 b1 6a 7f 03 00 00 c8 0a 00 00 80 16 00 00 00 00 00  | 2026-09-21 19:17:27
19:17:29.443 <- 03 c8 82 b1 6a dc 14 00 00 40 12 00 00 f5 00 00 00 48 3f 00  | 2026-09-21 19:17:28
19:17:29.444 <- 13 c8 82 b1 6a 7f 03 00 00 c8 0a 00 00 80 16 00 00 00 00 00  | 2026-09-21 19:17:28
19:17:30.132 <- 03 c9 82 b1 6a dd 14 00 00 41 12 00 00 f5 00 00 00 48 3f 00  | 2026-09-21 19:17:29
19:17:30.134 <- 13 c9 82 b1 6a 7f 03 00 00 c8 0a 00 00 80 16 00 00 00 00 00  | 2026-09-21 19:17:29
19:17:30.162 <- 03 c9 82 b1 6a de 14 00 00 42 12 00 00 f5 00 00 00 48 3f 00  | 2026-09-21 19:17:29
19:17:30.164 <- 13 c9 82 b1 6a 7f 03 00 00 c8 0a 00 00 80 16 00 00 00 00 00  | 2026-09-21 19:17:29
19:17:31.183 <- 06 02 00 00 00 00 00 00 00 00 00 00 00 00 00 00 00 00 00 00
19:17:31.333 <- 03 ca 82 b1 6a df 14 00 00 43 12 00 00 f5 00 00 00 48 3f 00  | 2026-09-21 19:17:30
19:17:31.334 <- 13 ca 82 b1 6a 7f 03 00 00 c8 0a 00 00 80 16 00 00 00 00 00  | 2026-09-21 19:17:30
19:17:31.334 <- 03 ca 82 b1 6a e0 14 00 00 44 12 00 00 f5 00 00 00 48 3f 00  | 2026-09-21 19:17:30
19:17:31.362 <- 13 ca 82 b1 6a 7f 03 00 00 c8 0a 00 00 80 16 00 00 00 00 00  | 2026-09-21 19:17:30
19:17:32.383 <- 03 cb 82 b1 6a e1 14 00 00 44 12 00 00 f5 00 00 00 48 3f 00  | 2026-09-21 19:17:31
19:17:32.385 <- 13 cb 82 b1 6a 7f 03 00 00 c8 0a 00 00 80 16 00 00 00 00 00  | 2026-09-21 19:17:31
19:17:32.385 <- 03 cb 82 b1 6a e2 14 00 00 45 12 00 00 f5 00 00 00 48 3f 00  | 2026-09-21 19:17:31
19:17:32.414 <- 13 cb 82 b1 6a 7f 03 00 00 c8 0a 00 00 80 16 00 00 00 00 00  | 2026-09-21 19:17:31
19:17:33.103 <- 03 cb 82 b1 6a e3 14 00 00 46 12 00 00 f5 00 00 00 48 3f 00  | 2026-09-21 19:17:31
19:17:33.105 <- 13 cb 82 b1 6a 7f 03 00 00 c8 0a 00 00 80 16 00 00 00 00 00  | 2026-09-21 19:17:31
19:17:33.465 <- 03 cc 82 b1 6a e4 14 00 00 47 12 00 00 f5 00 00 00 48 3f 00  | 2026-09-21 19:17:32
19:17:33.465 <- 13 cc 82 b1 6a 7f 03 00 00 c8 0a 00 00 80 16 00 00 00 00 00  | 2026-09-21 19:17:32
19:17:33.494 <- 06 02 00 00 00 00 00 00 00 00 00 00 00 00 00 00 00 00 00 00
19:17:33.495 <- 03 cc 82 b1 6a e5 14 00 00 48 12 00 00 f5 00 00 00 48 3f 00  | 2026-09-21 19:17:32
19:17:33.495 <- 13 cc 82 b1 6a 7f 03 00 00 c8 0a 00 00 80 16 00 00 00 00 00  | 2026-09-21 19:17:32
19:17:34.543 <- 03 cd 82 b1 6a e6 14 00 00 49 12 00 00 f5 00 00 00 48 3f 00  | 2026-09-21 19:17:33
19:17:34.544 <- 13 cd 82 b1 6a 7f 03 00 00 c8 0a 00 00 80 16 00 00 00 00 00  | 2026-09-21 19:17:33
19:17:34.572 <- 03 cd 82 b1 6a e7 14 00 00 4a 12 00 00 f5 00 00 00 48 3f 00  | 2026-09-21 19:17:33
19:17:34.574 <- 13 cd 82 b1 6a 7f 03 00 00 c8 0a 00 00 80 16 00 00 00 00 00  | 2026-09-21 19:17:33
19:17:35.263 <- 03 cd 82 b1 6a e8 14 00 00 4b 12 00 00 f5 00 00 00 48 3f 00  | 2026-09-21 19:17:33
19:17:35.265 <- 13 cd 82 b1 6a 7f 03 00 00 c8 0a 00 00 80 16 00 00 00 00 00  | 2026-09-21 19:17:33
19:17:35.953 <- 03 ce 82 b1 6a e9 14 00 00 4b 12 00 00 f5 00 00 00 48 3f 00  | 2026-09-21 19:17:34
19:17:35.956 <- 13 ce 82 b1 6a 7f 03 00 00 c8 0a 00 00 80 16 00 00 00 00 00  | 2026-09-21 19:17:34
19:17:35.985 <- 03 cf 82 b1 6a ea 14 00 00 4c 12 00 00 f5 00 00 00 48 3f 00  | 2026-09-21 19:17:35
19:17:35.985 <- 13 cf 82 b1 6a 7f 03 00 00 c8 0a 00 00 80 16 00 00 00 00 00  | 2026-09-21 19:17:35
19:17:37.003 <- 03 cf 82 b1 6a eb 14 00 00 4d 12 00 00 f5 00 00 00 48 3f 00  | 2026-09-21 19:17:35
19:17:37.005 <- 13 cf 82 b1 6a 7f 03 00 00 c8 0a 00 00 80 16 00 00 00 00 00  | 2026-09-21 19:17:35
19:17:37.693 <- 03 d0 82 b1 6a ec 14 00 00 4e 12 00 00 f6 00 00 00 48 3f 00  | 2026-09-21 19:17:36
19:17:37.695 <- 13 d0 82 b1 6a 7f 03 00 00 c8 0a 00 00 80 16 00 00 00 00 00  | 2026-09-21 19:17:36
19:17:37.725 <- 03 d0 82 b1 6a ed 14 00 00 4f 12 00 00 f6 00 00 00 48 3f 00  | 2026-09-21 19:17:36
19:17:37.725 <- 13 d0 82 b1 6a 7f 03 00 00 c8 0a 00 00 80 16 00 00 00 00 00  | 2026-09-21 19:17:36
19:17:38.743 <- 03 d1 82 b1 6a ee 14 00 00 50 12 00 00 f6 00 00 00 48 3f 00  | 2026-09-21 19:17:37
19:17:38.745 <- 13 d1 82 b1 6a 7f 03 00 00 c8 0a 00 00 80 16 00 00 00 00 00  | 2026-09-21 19:17:37
19:17:39.433 <- 03 d2 82 b1 6a ef 14 00 00 51 12 00 00 f6 00 00 00 48 3f 00  | 2026-09-21 19:17:38
19:17:39.434 <- 13 d2 82 b1 6a 7f 03 00 00 c8 0a 00 00 80 16 00 00 00 00 00  | 2026-09-21 19:17:38
19:17:39.493 <- 03 d2 82 b1 6a f0 14 00 00 52 12 00 00 f6 00 00 00 48 3f 00  | 2026-09-21 19:17:38
19:17:39.494 <- 13 d2 82 b1 6a 7f 03 00 00 c8 0a 00 00 80 16 00 00 00 00 00  | 2026-09-21 19:17:38
19:17:40.183 <- 03 d3 82 b1 6a f1 14 00 00 52 12 00 00 f6 00 00 00 48 3f 00  | 2026-09-21 19:17:39
19:17:40.184 <- 13 d3 82 b1 6a 7f 03 00 00 c8 0a 00 00 80 16 00 00 00 00 00  | 2026-09-21 19:17:39
19:17:40.873 <- 03 d4 82 b1 6a f2 14 00 00 53 12 00 00 f6 00 00 00 48 3f 00  | 2026-09-21 19:17:40
19:17:40.874 <- 13 d4 82 b1 6a 7f 03 00 00 c8 0a 00 00 80 16 00 00 00 00 00  | 2026-09-21 19:17:40
19:17:41.233 <- 03 d4 82 b1 6a f3 14 00 00 54 12 00 00 f6 00 00 00 48 3f 00  | 2026-09-21 19:17:40
19:17:41.235 <- 13 d4 82 b1 6a 7f 03 00 00 c8 0a 00 00 80 16 00 00 00 00 00  | 2026-09-21 19:17:40
19:17:42.253 <- 03 d4 82 b1 6a f4 14 00 00 55 12 00 00 f6 00 00 00 48 3f 00  | 2026-09-21 19:17:40
19:17:42.254 <- 13 d4 82 b1 6a 7f 03 00 00 c8 0a 00 00 80 16 00 00 00 00 00  | 2026-09-21 19:17:40
19:17:42.283 <- 03 d5 82 b1 6a f5 14 00 00 56 12 00 00 f6 00 00 00 48 3f 00  | 2026-09-21 19:17:41
19:17:42.285 <- 13 d5 82 b1 6a 7f 03 00 00 c8 0a 00 00 80 16 00 00 00 00 00  | 2026-09-21 19:17:41
19:17:43.303 <- 03 d6 82 b1 6a f6 14 00 00 57 12 00 00 f6 00 00 00 48 3f 00  | 2026-09-21 19:17:42
19:17:43.305 <- 13 d6 82 b1 6a 7f 03 00 00 c8 0a 00 00 80 16 00 00 00 00 00  | 2026-09-21 19:17:42
19:17:43.335 <- 03 d6 82 b1 6a f7 14 00 00 58 12 00 00 f6 00 00 00 48 3f 00  | 2026-09-21 19:17:42
19:17:43.335 <- 13 d6 82 b1 6a 7f 03 00 00 c8 0a 00 00 80 16 00 00 00 00 00  | 2026-09-21 19:17:42
19:17:44.353 <- 03 d7 82 b1 6a f8 14 00 00 59 12 00 00 f6 00 00 00 48 3f 00  | 2026-09-21 19:17:43
19:17:44.354 <- 13 d7 82 b1 6a 7f 03 00 00 c8 0a 00 00 80 16 00 00 00 00 00  | 2026-09-21 19:17:43
19:17:44.383 <- 03 d7 82 b1 6a f9 14 00 00 59 12 00 00 f6 00 00 00 48 3f 00  | 2026-09-21 19:17:43
19:17:44.384 <- 13 d7 82 b1 6a 7f 03 00 00 c8 0a 00 00 80 16 00 00 00 00 00  | 2026-09-21 19:17:43
19:17:45.403 <- 03 d8 82 b1 6a fa 14 00 00 5a 12 00 00 f6 00 00 00 48 3f 00  | 2026-09-21 19:17:44
19:17:45.406 <- 13 d8 82 b1 6a 7f 03 00 00 c8 0a 00 00 80 16 00 00 00 00 00  | 2026-09-21 19:17:44
19:17:45.435 <- 03 d8 82 b1 6a fb 14 00 00 5b 12 00 00 f6 00 00 00 48 3f 00  | 2026-09-21 19:17:44
19:17:45.435 <- 13 d8 82 b1 6a 7f 03 00 00 c8 0a 00 00 80 16 00 00 00 00 00  | 2026-09-21 19:17:44
19:17:46.454 <- 03 d9 82 b1 6a fc 14 00 00 5c 12 00 00 f6 00 00 00 48 3f 00  | 2026-09-21 19:17:45
19:17:46.456 <- 13 d9 82 b1 6a 7f 03 00 00 c8 0a 00 00 80 16 00 00 00 00 00  | 2026-09-21 19:17:45
19:17:47.474 <- 03 da 82 b1 6a fd 14 00 00 5d 12 00 00 f6 00 00 00 48 3f 00  | 2026-09-21 19:17:46
19:17:47.474 <- 13 da 82 b1 6a 7f 03 00 00 c8 0a 00 00 80 16 00 00 00 00 00  | 2026-09-21 19:17:46
19:17:48.494 <- 03 db 82 b1 6a fe 14 00 00 5e 12 00 00 f6 00 00 00 48 3f 00  | 2026-09-21 19:17:47
19:17:48.496 <- 13 db 82 b1 6a 7f 03 00 00 c8 0a 00 00 80 16 00 00 00 00 00  | 2026-09-21 19:17:47
19:17:49.513 <- 03 dc 82 b1 6a ff 14 00 00 5f 12 00 00 f6 00 00 00 48 3f 00  | 2026-09-21 19:17:48
19:17:49.515 <- 13 dc 82 b1 6a 7f 03 00 00 c8 0a 00 00 80 16 00 00 00 00 00  | 2026-09-21 19:17:48
19:17:49.543 <- 03 dc 82 b1 6a 00 15 00 00 60 12 00 00 f6 00 00 00 48 3f 00  | 2026-09-21 19:17:48
19:17:49.545 <- 13 dc 82 b1 6a 7f 03 00 00 c8 0a 00 00 80 16 00 00 00 00 00  | 2026-09-21 19:17:48
19:17:50.233 <- 03 dd 82 b1 6a 01 15 00 00 60 12 00 00 f7 00 00 00 48 3f 00  | 2026-09-21 19:17:49
19:17:50.235 <- 13 dd 82 b1 6a 7f 03 00 00 c8 0a 00 00 80 16 00 00 00 00 00  | 2026-09-21 19:17:49
19:17:51.583 <- 03 de 82 b1 6a 02 15 00 00 61 12 00 00 f7 00 00 00 48 3f 00  | 2026-09-21 19:17:50
19:17:51.584 <- 13 de 82 b1 6a 7f 03 00 00 c8 0a 00 00 80 16 00 00 00 00 00  | 2026-09-21 19:17:50
19:17:51.943 <- 03 de 82 b1 6a 03 15 00 00 62 12 00 00 f7 00 00 00 48 3f 00  | 2026-09-21 19:17:50
19:17:51.945 <- 13 de 82 b1 6a 7f 03 00 00 c8 0a 00 00 80 16 00 00 00 00 00  | 2026-09-21 19:17:50
19:17:51.945 <- 03 df 82 b1 6a 04 15 00 00 63 12 00 00 f7 00 00 00 48 3f 00  | 2026-09-21 19:17:51
19:17:51.973 <- 13 df 82 b1 6a 7f 03 00 00 c8 0a 00 00 80 16 00 00 00 00 00  | 2026-09-21 19:17:51
19:17:52.663 <- 03 df 82 b1 6a 05 15 00 00 64 12 00 00 f7 00 00 00 48 3f 00  | 2026-09-21 19:17:51
19:17:52.665 <- 13 df 82 b1 6a 7f 03 00 00 c8 0a 00 00 80 16 00 00 00 00 00  | 2026-09-21 19:17:51
19:17:53.353 <- 03 df 82 b1 6a 06 15 00 00 65 12 00 00 f7 00 00 00 48 3f 00  | 2026-09-21 19:17:51
19:17:53.355 <- 13 df 82 b1 6a 7f 03 00 00 c8 0a 00 00 80 16 00 00 00 00 00  | 2026-09-21 19:17:51
19:17:53.385 <- 03 e0 82 b1 6a 07 15 00 00 66 12 00 00 f7 00 00 00 48 3f 00  | 2026-09-21 19:17:52
19:17:53.385 <- 13 e0 82 b1 6a 7f 03 00 00 c8 0a 00 00 80 16 00 00 00 00 00  | 2026-09-21 19:17:52
19:17:54.403 <- 03 e1 82 b1 6a 08 15 00 00 67 12 00 00 f7 00 00 00 48 3f 00  | 2026-09-21 19:17:53
19:17:54.405 <- 13 e1 82 b1 6a 7f 03 00 00 c8 0a 00 00 80 16 00 00 00 00 00  | 2026-09-21 19:17:53
19:17:55.094 <- 03 e2 82 b1 6a 09 15 00 00 67 12 00 00 f7 00 00 00 48 3f 00  | 2026-09-21 19:17:54
19:17:55.095 <- 13 e2 82 b1 6a 7f 03 00 00 c8 0a 00 00 80 16 00 00 00 00 00  | 2026-09-21 19:17:54
19:17:55.125 <- 03 e2 82 b1 6a 0a 15 00 00 68 12 00 00 f7 00 00 00 48 3f 00  | 2026-09-21 19:17:54
19:17:55.125 <- 13 e2 82 b1 6a 7f 03 00 00 c8 0a 00 00 80 16 00 00 00 00 00  | 2026-09-21 19:17:54
19:17:56.203 <- 03 e2 82 b1 6a 0b 15 00 00 69 12 00 00 f7 00 00 00 48 3f 00  | 2026-09-21 19:17:54
19:17:56.204 <- 13 e2 82 b1 6a 7f 03 00 00 c8 0a 00 00 80 16 00 00 00 00 00  | 2026-09-21 19:17:54
19:17:56.594 <- 03 e3 82 b1 6a 0c 15 00 00 6a 12 00 00 f7 00 00 00 48 3f 00  | 2026-09-21 19:17:55
19:17:56.596 <- 13 e3 82 b1 6a 7f 03 00 00 c8 0a 00 00 80 16 00 00 00 00 00  | 2026-09-21 19:17:55
19:17:57.073 <- 03 e4 82 b1 6a 0d 15 00 00 6b 12 00 00 f7 00 00 00 48 3f 00  | 2026-09-21 19:17:56
19:17:57.075 <- 13 e4 82 b1 6a 7f 03 00 00 c8 0a 00 00 80 16 00 00 00 00 00  | 2026-09-21 19:17:56
19:17:58.093 <- 03 e5 82 b1 6a 0e 15 00 00 6c 12 00 00 f7 00 00 00 48 3f 00  | 2026-09-21 19:17:57
19:17:58.096 <- 13 e5 82 b1 6a 7f 03 00 00 c8 0a 00 00 80 16 00 00 00 00 00  | 2026-09-21 19:17:57
19:17:58.126 <- 03 e5 82 b1 6a 0f 15 00 00 6d 12 00 00 f7 00 00 00 48 3f 00  | 2026-09-21 19:17:57
19:17:58.126 <- 13 e5 82 b1 6a 7f 03 00 00 c8 0a 00 00 80 16 00 00 00 00 00  | 2026-09-21 19:17:57
19:17:59.144 <- 03 e5 82 b1 6a 10 15 00 00 6e 12 00 00 f7 00 00 00 48 3f 00  | 2026-09-21 19:17:57
19:17:59.145 <- 13 e5 82 b1 6a 7f 03 00 00 c8 0a 00 00 80 16 00 00 00 00 00  | 2026-09-21 19:17:57
19:17:59.145 <- 03 e6 82 b1 6a 11 15 00 00 6e 12 00 00 f7 00 00 00 48 3f 00  | 2026-09-21 19:17:58
19:17:59.176 <- 13 e6 82 b1 6a 7f 03 00 00 c8 0a 00 00 80 16 00 00 00 00 00  | 2026-09-21 19:17:58
19:18:00.194 <- 03 e7 82 b1 6a 12 15 00 00 6f 12 00 00 f7 00 00 00 48 3f 00  | 2026-09-21 19:17:59
19:18:00.195 <- 13 e7 82 b1 6a 7f 03 00 00 c8 0a 00 00 80 16 00 00 00 00 00  | 2026-09-21 19:17:59
19:18:00.195 <- 03 e7 82 b1 6a 13 15 00 00 70 12 00 00 f7 00 00 00 48 3f 00  | 2026-09-21 19:17:59
19:18:00.223 <- 13 e7 82 b1 6a 7f 03 00 00 c8 0a 00 00 80 16 00 00 00 00 00  | 2026-09-21 19:17:59
19:18:00.914 <- 03 e7 82 b1 6a 14 15 00 00 71 12 00 00 f7 00 00 00 48 3f 00  | 2026-09-21 19:17:59
19:18:00.916 <- 13 e7 82 b1 6a 7f 03 00 00 c8 0a 00 00 80 16 00 00 00 00 00  | 2026-09-21 19:17:59
19:18:01.273 <- 03 e7 82 b1 6a 15 15 00 00 72 12 00 00 f7 00 00 00 48 3f 00  | 2026-09-21 19:17:59
19:18:01.275 <- 13 e7 82 b1 6a 7f 03 00 00 c8 0a 00 00 80 16 00 00 00 00 00  | 2026-09-21 19:17:59
19:18:01.963 <- 03 e8 82 b1 6a 16 15 00 00 73 12 00 00 f7 00 00 00 48 3f 00  | 2026-09-21 19:18:00
19:18:01.965 <- 13 e8 82 b1 6a 7f 03 00 00 c8 0a 00 00 80 16 00 00 00 00 00  | 2026-09-21 19:18:00
19:18:01.993 <- 03 e9 82 b1 6a 17 15 00 00 74 12 00 00 f8 00 00 00 48 3f 00  | 2026-09-21 19:18:01
19:18:01.995 <- 13 e9 82 b1 6a 7f 03 00 00 c8 0a 00 00 80 16 00 00 00 00 00  | 2026-09-21 19:18:01
19:18:03.344 <- 03 e9 82 b1 6a 18 15 00 00 75 12 00 00 f8 00 00 00 48 3f 00  | 2026-09-21 19:18:01
19:18:03.346 <- 13 e9 82 b1 6a 7f 03 00 00 c8 0a 00 00 80 16 00 00 00 00 00  | 2026-09-21 19:18:01
19:18:03.375 <- 03 ea 82 b1 6a 19 15 00 00 75 12 00 00 f8 00 00 00 48 3f 00  | 2026-09-21 19:18:02
19:18:03.375 <- 13 ea 82 b1 6a 7f 03 00 00 c8 0a 00 00 80 16 00 00 00 00 00  | 2026-09-21 19:18:02
19:18:04.394 <- 03 eb 82 b1 6a 1a 15 00 00 76 12 00 00 f8 00 00 00 48 3f 00  | 2026-09-21 19:18:03
19:18:04.395 <- 13 eb 82 b1 6a 7f 03 00 00 c8 0a 00 00 80 16 00 00 00 00 00  | 2026-09-21 19:18:03
19:18:05.084 <- 03 ec 82 b1 6a 1b 15 00 00 77 12 00 00 f8 00 00 00 48 3f 00  | 2026-09-21 19:18:04
19:18:05.086 <- 13 ec 82 b1 6a 7f 03 00 00 c8 0a 00 00 80 16 00 00 00 00 00  | 2026-09-21 19:18:04
19:18:05.116 <- 03 ec 82 b1 6a 1c 15 00 00 78 12 00 00 f8 00 00 00 48 3f 00  | 2026-09-21 19:18:04
19:18:05.116 <- 13 ec 82 b1 6a 7f 03 00 00 c8 0a 00 00 80 16 00 00 00 00 00  | 2026-09-21 19:18:04
19:18:06.133 <- 03 ec 82 b1 6a 1d 15 00 00 79 12 00 00 f8 00 00 00 48 3f 00  | 2026-09-21 19:18:04
19:18:06.135 <- 13 ec 82 b1 6a 7f 03 00 00 c8 0a 00 00 80 16 00 00 00 00 00  | 2026-09-21 19:18:04
19:18:06.163 <- 03 ed 82 b1 6a 1e 15 00 00 7a 12 00 00 f8 00 00 00 48 3f 00  | 2026-09-21 19:18:05
19:18:06.164 <- 13 ed 82 b1 6a 7f 03 00 00 c8 0a 00 00 80 16 00 00 00 00 00  | 2026-09-21 19:18:05
19:18:07.034 <- 03 ee 82 b1 6a 1f 15 00 00 7b 12 00 00 f8 00 00 00 48 3f 00  | 2026-09-21 19:18:06
19:18:07.035 <- 13 ee 82 b1 6a 7f 03 00 00 c8 0a 00 00 80 16 00 00 00 00 00  | 2026-09-21 19:18:06
19:18:08.053 <- 03 ee 82 b1 6a 20 15 00 00 7c 12 00 00 f8 00 00 00 48 3f 00  | 2026-09-21 19:18:06
19:18:08.055 <- 13 ee 82 b1 6a 7f 03 00 00 c8 0a 00 00 80 16 00 00 00 00 00  | 2026-09-21 19:18:06
19:18:08.414 <- 03 ef 82 b1 6a 21 15 00 00 7c 12 00 00 f8 00 00 00 48 3f 00  | 2026-09-21 19:18:07
19:18:08.414 <- 13 ef 82 b1 6a 7f 03 00 00 c8 0a 00 00 80 16 00 00 00 00 00  | 2026-09-21 19:18:07
19:18:09.104 <- 03 f0 82 b1 6a 22 15 00 00 7d 12 00 00 f8 00 00 00 48 3f 00  | 2026-09-21 19:18:08
19:18:09.106 <- 13 f0 82 b1 6a 7f 03 00 00 c8 0a 00 00 80 16 00 00 00 00 00  | 2026-09-21 19:18:08
19:18:09.643 <- 03 f0 82 b1 6a 23 15 00 00 7e 12 00 00 f8 00 00 00 48 3f 00  | 2026-09-21 19:18:08
19:18:09.645 <- 13 f0 82 b1 6a 7f 03 00 00 c8 0a 00 00 80 16 00 00 00 00 00  | 2026-09-21 19:18:08
19:18:11.654 <- 03 f2 82 b1 6a 24 15 00 00 7f 12 00 00 f8 00 00 00 48 3f 00  | 2026-09-21 19:18:10
19:18:11.656 <- 13 f2 82 b1 6a 7f 03 00 00 c8 0a 00 00 80 16 00 00 00 00 00  | 2026-09-21 19:18:10
19:18:12.824 <- 06 02 00 00 00 00 00 00 00 00 00 00 00 00 00 00 00 00 00 00
19:18:12.825 <- 03 f3 82 b1 6a 25 15 00 00 80 12 00 00 f8 00 00 00 48 3f 00  | 2026-09-21 19:18:11
19:18:12.825 <- 13 f3 82 b1 6a 7f 03 00 00 c8 0a 00 00 80 16 00 00 00 00 00  | 2026-09-21 19:18:11
19:18:13.544 <- 03 f4 82 b1 6a 26 15 00 00 81 12 00 00 f8 00 00 00 48 3f 00  | 2026-09-21 19:18:12
19:18:13.547 <- 13 f4 82 b1 6a 7f 03 00 00 c8 0a 00 00 80 16 00 00 00 00 00  | 2026-09-21 19:18:12
19:18:13.904 <- 03 f4 82 b1 6a 27 15 00 00 82 12 00 00 f8 00 00 00 48 3f 00  | 2026-09-21 19:18:12
19:18:13.905 <- 13 f4 82 b1 6a 80 03 00 00 c8 0a 00 00 80 16 00 00 00 00 00  | 2026-09-21 19:18:12
19:18:14.594 <- 03 f5 82 b1 6a 28 15 00 00 83 12 00 00 f8 00 00 00 48 3f 00  | 2026-09-21 19:18:13
19:18:14.595 <- 13 f5 82 b1 6a 81 03 00 00 c8 0a 00 00 80 16 00 00 00 00 00  | 2026-09-21 19:18:13
19:18:15.614 <- 06 02 00 00 00 00 00 00 00 00 00 00 00 00 00 00 00 00 00 00
19:18:15.616 <- 03 f6 82 b1 6a 29 15 00 00 83 12 00 00 f8 00 00 00 48 3f 00  | 2026-09-21 19:18:14
19:18:15.616 <- 13 f6 82 b1 6a 82 03 00 00 c8 0a 00 00 80 16 00 00 00 00 00  | 2026-09-21 19:18:14
19:18:16.663 <- 06 02 00 00 00 00 00 00 00 00 00 00 00 00 00 00 00 00 00 00
19:18:16.665 <- 03 f7 82 b1 6a 2a 15 00 00 84 12 00 00 f8 00 00 00 48 3f 00  | 2026-09-21 19:18:15
19:18:16.665 <- 13 f7 82 b1 6a 83 03 00 00 c8 0a 00 00 80 16 00 00 00 00 00  | 2026-09-21 19:18:15
19:18:30.591 <- 03 05 83 b1 6a 3c 15 00 00 94 12 00 00 f9 00 00 00 48 3f 00  | 2026-09-21 19:18:29
19:18:30.592 <- 13 05 83 b1 6a 83 03 00 00 c8 0a 00 00 80 16 00 00 00 00 00  | 2026-09-21 19:18:29
19:18:30.944 <- 03 05 83 b1 6a 3d 15 00 00 95 12 00 00 f9 00 00 00 48 3f 00  | 2026-09-21 19:18:29
19:18:30.946 <- 13 05 83 b1 6a 83 03 00 00 c8 0a 00 00 80 16 00 00 00 00 00  | 2026-09-21 19:18:29
19:18:32.025 <- 03 07 83 b1 6a 3e 15 00 00 96 12 00 00 f9 00 00 00 48 3f 00  | 2026-09-21 19:18:31
19:18:32.026 <- 13 07 83 b1 6a 83 03 00 00 c8 0a 00 00 80 16 00 00 00 00 00  | 2026-09-21 19:18:31
19:18:32.714 <- 03 07 83 b1 6a 3f 15 00 00 97 12 00 00 f9 00 00 00 48 3f 00  | 2026-09-21 19:18:31
19:18:32.716 <- 13 07 83 b1 6a 83 03 00 00 c8 0a 00 00 80 16 00 00 00 00 00  | 2026-09-21 19:18:31
19:18:32.716 <- 06 02 00 00 00 00 00 00 00 00 00 00 00 00 00 00 00 00 00 00
19:18:33.104 <- 03 07 83 b1 6a 40 15 00 00 98 12 00 00 f9 00 00 00 48 3f 00  | 2026-09-21 19:18:31
19:18:33.106 <- 13 07 83 b1 6a 83 03 00 00 c8 0a 00 00 80 16 00 00 00 00 00  | 2026-09-21 19:18:31
19:18:33.794 <- 03 08 83 b1 6a 41 15 00 00 98 12 00 00 f9 00 00 00 48 3f 00  | 2026-09-21 19:18:32
19:18:33.796 <- 13 08 83 b1 6a 83 03 00 00 c8 0a 00 00 80 16 00 00 00 00 00  | 2026-09-21 19:18:32
19:18:34.484 <- 03 09 83 b1 6a 42 15 00 00 99 12 00 00 f9 00 00 00 48 3f 00  | 2026-09-21 19:18:33
19:18:34.486 <- 13 09 83 b1 6a 83 03 00 00 c8 0a 00 00 80 16 00 00 00 00 00  | 2026-09-21 19:18:33
19:18:34.516 <- 03 09 83 b1 6a 43 15 00 00 9a 12 00 00 fa 00 00 00 48 3f 00  | 2026-09-21 19:18:33
19:18:34.516 <- 13 09 83 b1 6a 83 03 00 00 c8 0a 00 00 80 16 00 00 00 00 00  | 2026-09-21 19:18:33
19:18:35.204 <- 06 02 00 00 00 00 00 00 00 00 00 00 00 00 00 00 00 00 00 00
19:18:35.206 <- 03 0a 83 b1 6a 44 15 00 00 9b 12 00 00 fa 00 00 00 48 3f 00  | 2026-09-21 19:18:34
19:18:35.206 <- 13 0a 83 b1 6a 83 03 00 00 c8 0a 00 00 80 16 00 00 00 00 00  | 2026-09-21 19:18:34
19:18:35.264 <- 03 0a 83 b1 6a 45 15 00 00 9c 12 00 00 fa 00 00 00 48 3f 00  | 2026-09-21 19:18:34
19:18:35.266 <- 13 0a 83 b1 6a 83 03 00 00 c8 0a 00 00 80 16 00 00 00 00 00  | 2026-09-21 19:18:34
19:18:35.954 <- 03 0a 83 b1 6a 46 15 00 00 9d 12 00 00 fa 00 00 00 48 3f 00  | 2026-09-21 19:18:34
19:18:35.956 <- 13 0a 83 b1 6a 83 03 00 00 c8 0a 00 00 80 16 00 00 00 00 00  | 2026-09-21 19:18:34
19:18:36.644 <- 03 0b 83 b1 6a 47 15 00 00 9e 12 00 00 fa 00 00 00 48 3f 00  | 2026-09-21 19:18:35
19:18:36.646 <- 13 0b 83 b1 6a 83 03 00 00 c8 0a 00 00 80 16 00 00 00 00 00  | 2026-09-21 19:18:35
19:18:37.454 <- 03 0c 83 b1 6a 48 15 00 00 9f 12 00 00 fa 00 00 00 48 3f 00  | 2026-09-21 19:18:36
19:18:37.456 <- 13 0c 83 b1 6a 83 03 00 00 c8 0a 00 00 80 16 00 00 00 00 00  | 2026-09-21 19:18:36
19:18:38.474 <- 03 0d 83 b1 6a 49 15 00 00 9f 12 00 00 fa 00 00 00 48 3f 00  | 2026-09-21 19:18:37
19:18:38.475 <- 13 0d 83 b1 6a 83 03 00 00 c8 0a 00 00 80 16 00 00 00 00 00  | 2026-09-21 19:18:37
19:18:38.506 <- 03 0d 83 b1 6a 4b 15 00 00 a1 12 00 00 fa 00 00 00 48 3f 00  | 2026-09-21 19:18:37
19:18:38.506 <- 13 0d 83 b1 6a 83 03 00 00 c8 0a 00 00 80 16 00 00 00 00 00  | 2026-09-21 19:18:37
19:18:39.525 <- 03 0e 83 b1 6a 4c 15 00 00 a2 12 00 00 fa 00 00 00 48 3f 00  | 2026-09-21 19:18:38
19:18:39.527 <- 13 0e 83 b1 6a 83 03 00 00 c8 0a 00 00 80 16 00 00 00 00 00  | 2026-09-21 19:18:38
19:18:39.556 <- 03 0e 83 b1 6a 4d 15 00 00 a3 12 00 00 fa 00 00 00 48 3f 00  | 2026-09-21 19:18:38
19:18:39.556 <- 13 0e 83 b1 6a 83 03 00 00 c8 0a 00 00 80 16 00 00 00 00 00  | 2026-09-21 19:18:38
19:18:40.365 <- 03 0f 83 b1 6a 4e 15 00 00 a4 12 00 00 fa 00 00 00 48 3f 00  | 2026-09-21 19:18:39
19:18:40.367 <- 13 0f 83 b1 6a 83 03 00 00 c8 0a 00 00 80 16 00 00 00 00 00  | 2026-09-21 19:18:39
19:18:41.118 <- 03 10 83 b1 6a 4f 15 00 00 a5 12 00 00 fa 00 00 00 48 3f 00  | 2026-09-21 19:18:40
19:18:41.118 <- 13 10 83 b1 6a 83 03 00 00 c8 0a 00 00 80 16 00 00 00 00 00  | 2026-09-21 19:18:40
19:18:41.804 <- 03 10 83 b1 6a 50 15 00 00 a6 12 00 00 fa 00 00 00 48 3f 00  | 2026-09-21 19:18:40
19:18:41.806 <- 13 10 83 b1 6a 83 03 00 00 c8 0a 00 00 80 16 00 00 00 00 00  | 2026-09-21 19:18:40
19:18:41.834 <- 03 10 83 b1 6a 51 15 00 00 a6 12 00 00 fa 00 00 00 48 3f 00  | 2026-09-21 19:18:40
19:18:41.836 <- 13 10 83 b1 6a 83 03 00 00 c8 0a 00 00 80 16 00 00 00 00 00  | 2026-09-21 19:18:40
19:18:42.855 <- 03 11 83 b1 6a 52 15 00 00 a7 12 00 00 fa 00 00 00 48 3f 00  | 2026-09-21 19:18:41
19:18:42.857 <- 13 11 83 b1 6a 83 03 00 00 c8 0a 00 00 80 16 00 00 00 00 00  | 2026-09-21 19:18:41
19:18:43.545 <- 03 12 83 b1 6a 53 15 00 00 a8 12 00 00 fa 00 00 00 48 3f 00  | 2026-09-21 19:18:42
19:18:43.546 <- 13 12 83 b1 6a 83 03 00 00 c8 0a 00 00 80 16 00 00 00 00 00  | 2026-09-21 19:18:42
19:18:43.576 <- 03 12 83 b1 6a 54 15 00 00 a9 12 00 00 fa 00 00 00 48 3f 00  | 2026-09-21 19:18:42
19:18:43.576 <- 13 12 83 b1 6a 83 03 00 00 c8 0a 00 00 80 16 00 00 00 00 00  | 2026-09-21 19:18:42
19:18:44.264 <- 06 02 00 00 00 00 00 00 00 00 00 00 00 00 00 00 00 00 00 00
19:18:44.294 <- 03 13 83 b1 6a 55 15 00 00 aa 12 00 00 fa 00 00 00 48 3f 00  | 2026-09-21 19:18:43
19:18:44.296 <- 13 13 83 b1 6a 83 03 00 00 c8 0a 00 00 80 16 00 00 00 00 00  | 2026-09-21 19:18:43
19:18:44.984 <- 03 13 83 b1 6a 56 15 00 00 ab 12 00 00 fa 00 00 00 48 3f 00  | 2026-09-21 19:18:43
19:18:44.986 <- 13 13 83 b1 6a 83 03 00 00 c8 0a 00 00 80 16 00 00 00 00 00  | 2026-09-21 19:18:43
19:18:44.986 <- 03 14 83 b1 6a 57 15 00 00 ac 12 00 00 fa 00 00 00 48 3f 00  | 2026-09-21 19:18:44
19:18:45.014 <- 13 14 83 b1 6a 83 03 00 00 c8 0a 00 00 80 16 00 00 00 00 00  | 2026-09-21 19:18:44
19:18:45.704 <- 03 14 83 b1 6a 58 15 00 00 ad 12 00 00 fb 00 00 00 48 3f 00  | 2026-09-21 19:18:44
19:18:45.706 <- 13 14 83 b1 6a 83 03 00 00 c8 0a 00 00 80 16 00 00 00 00 00  | 2026-09-21 19:18:44
19:18:45.734 <- 03 15 83 b1 6a 59 15 00 00 ad 12 00 00 fb 00 00 00 48 3f 00  | 2026-09-21 19:18:45
19:18:45.736 <- 13 15 83 b1 6a 83 03 00 00 c8 0a 00 00 80 16 00 00 00 00 00  | 2026-09-21 19:18:45
19:18:46.755 <- 03 15 83 b1 6a 5a 15 00 00 ae 12 00 00 fb 00 00 00 48 3f 00  | 2026-09-21 19:18:45
19:18:46.757 <- 13 15 83 b1 6a 83 03 00 00 c8 0a 00 00 80 16 00 00 00 00 00  | 2026-09-21 19:18:45
19:18:47.775 <- 03 16 83 b1 6a 5b 15 00 00 af 12 00 00 fb 00 00 00 48 3f 00  | 2026-09-21 19:18:46
19:18:47.776 <- 13 16 83 b1 6a 83 03 00 00 c8 0a 00 00 80 16 00 00 00 00 00  | 2026-09-21 19:18:46
19:18:47.806 <- 03 17 83 b1 6a 5c 15 00 00 b0 12 00 00 fb 00 00 00 48 3f 00  | 2026-09-21 19:18:47
19:18:47.806 <- 13 17 83 b1 6a 83 03 00 00 c8 0a 00 00 80 16 00 00 00 00 00  | 2026-09-21 19:18:47
19:18:48.854 <- 03 17 83 b1 6a 5d 15 00 00 b1 12 00 00 fb 00 00 00 48 3f 00  | 2026-09-21 19:18:47
19:18:48.856 <- 13 17 83 b1 6a 83 03 00 00 c8 0a 00 00 80 16 00 00 00 00 00  | 2026-09-21 19:18:47
19:18:49.215 <- 03 17 83 b1 6a 5e 15 00 00 b2 12 00 00 fb 00 00 00 48 3f 00  | 2026-09-21 19:18:47
19:18:49.216 <- 13 17 83 b1 6a 83 03 00 00 c8 0a 00 00 80 16 00 00 00 00 00  | 2026-09-21 19:18:47
19:18:49.934 <- 03 18 83 b1 6a 5f 15 00 00 b3 12 00 00 fb 00 00 00 48 3f 00  | 2026-09-21 19:18:48
19:18:49.936 <- 13 18 83 b1 6a 83 03 00 00 c8 0a 00 00 80 16 00 00 00 00 00  | 2026-09-21 19:18:48
19:18:50.294 <- 03 19 83 b1 6a 60 15 00 00 b4 12 00 00 fb 00 00 00 48 3f 00  | 2026-09-21 19:18:49
19:18:50.296 <- 13 19 83 b1 6a 83 03 00 00 c8 0a 00 00 80 16 00 00 00 00 00  | 2026-09-21 19:18:49
19:18:50.984 <- 03 19 83 b1 6a 61 15 00 00 b4 12 00 00 fb 00 00 00 48 3f 00  | 2026-09-21 19:18:49
19:18:50.986 <- 13 19 83 b1 6a 83 03 00 00 c8 0a 00 00 80 16 00 00 00 00 00  | 2026-09-21 19:18:49
19:18:51.675 <- 03 1a 83 b1 6a 62 15 00 00 b5 12 00 00 fb 00 00 00 48 3f 00  | 2026-09-21 19:18:50
19:18:51.676 <- 13 1a 83 b1 6a 83 03 00 00 c8 0a 00 00 80 16 00 00 00 00 00  | 2026-09-21 19:18:50
19:18:51.734 <- 03 1a 83 b1 6a 63 15 00 00 b6 12 00 00 fb 00 00 00 48 3f 00  | 2026-09-21 19:18:50
19:18:51.736 <- 13 1a 83 b1 6a 83 03 00 00 c8 0a 00 00 80 16 00 00 00 00 00  | 2026-09-21 19:18:50
19:18:52.754 <- 03 1b 83 b1 6a 64 15 00 00 b7 12 00 00 fb 00 00 00 48 3f 00  | 2026-09-21 19:18:51
19:18:52.756 <- 13 1b 83 b1 6a 83 03 00 00 c8 0a 00 00 80 16 00 00 00 00 00  | 2026-09-21 19:18:51
19:18:53.114 <- 03 1c 83 b1 6a 65 15 00 00 b8 12 00 00 fb 00 00 00 48 3f 00  | 2026-09-21 19:18:52
19:18:53.116 <- 13 1c 83 b1 6a 83 03 00 00 c8 0a 00 00 80 16 00 00 00 00 00  | 2026-09-21 19:18:52
19:18:53.804 <- 03 1c 83 b1 6a 66 15 00 00 b9 12 00 00 fb 00 00 00 48 3f 00  | 2026-09-21 19:18:52
19:18:53.806 <- 13 1c 83 b1 6a 83 03 00 00 c8 0a 00 00 80 16 00 00 00 00 00  | 2026-09-21 19:18:52
19:18:53.837 <- 03 1c 83 b1 6a 67 15 00 00 ba 12 00 00 fb 00 00 00 48 3f 00  | 2026-09-21 19:18:52
19:18:53.837 <- 13 1c 83 b1 6a 83 03 00 00 c8 0a 00 00 80 16 00 00 00 00 00  | 2026-09-21 19:18:52
19:18:54.855 <- 03 1d 83 b1 6a 68 15 00 00 bb 12 00 00 fb 00 00 00 48 3f 00  | 2026-09-21 19:18:53
19:18:54.856 <- 13 1d 83 b1 6a 83 03 00 00 c8 0a 00 00 80 16 00 00 00 00 00  | 2026-09-21 19:18:53
19:18:54.857 <- 03 1e 83 b1 6a 69 15 00 00 bb 12 00 00 fb 00 00 00 48 3f 00  | 2026-09-21 19:18:54
19:18:54.914 <- 13 1e 83 b1 6a 83 03 00 00 c8 0a 00 00 80 16 00 00 00 00 00  | 2026-09-21 19:18:54
19:18:55.604 <- 03 1e 83 b1 6a 6a 15 00 00 bc 12 00 00 fb 00 00 00 48 3f 00  | 2026-09-21 19:18:54
19:18:55.606 <- 13 1e 83 b1 6a 83 03 00 00 c8 0a 00 00 80 16 00 00 00 00 00  | 2026-09-21 19:18:54
19:18:55.634 <- 03 1e 83 b1 6a 6b 15 00 00 bd 12 00 00 fb 00 00 00 48 3f 00  | 2026-09-21 19:18:54
19:18:55.636 <- 13 1e 83 b1 6a 83 03 00 00 c8 0a 00 00 80 16 00 00 00 00 00  | 2026-09-21 19:18:54
19:18:56.655 <- 03 1f 83 b1 6a 6c 15 00 00 be 12 00 00 fb 00 00 00 48 3f 00  | 2026-09-21 19:18:55
19:18:56.656 <- 13 1f 83 b1 6a 83 03 00 00 c8 0a 00 00 80 16 00 00 00 00 00  | 2026-09-21 19:18:55
19:18:57.345 <- 03 20 83 b1 6a 6d 15 00 00 bf 12 00 00 fb 00 00 00 48 3f 00  | 2026-09-21 19:18:56
19:18:57.346 <- 13 20 83 b1 6a 83 03 00 00 c8 0a 00 00 80 16 00 00 00 00 00  | 2026-09-21 19:18:56
19:18:58.034 <- 03 21 83 b1 6a 6e 15 00 00 c0 12 00 00 fc 00 00 00 48 3f 00  | 2026-09-21 19:18:57
19:18:58.036 <- 13 21 83 b1 6a 83 03 00 00 c8 0a 00 00 80 16 00 00 00 00 00  | 2026-09-21 19:18:57
19:18:58.064 <- 03 21 83 b1 6a 6f 15 00 00 c1 12 00 00 fc 00 00 00 48 3f 00  | 2026-09-21 19:18:57
19:18:58.066 <- 13 21 83 b1 6a 83 03 00 00 c8 0a 00 00 80 16 00 00 00 00 00  | 2026-09-21 19:18:57
19:18:59.085 <- 03 21 83 b1 6a 70 15 00 00 c2 12 00 00 fc 00 00 00 48 3f 00  | 2026-09-21 19:18:57
19:18:59.086 <- 13 21 83 b1 6a 83 03 00 00 c8 0a 00 00 80 16 00 00 00 00 00  | 2026-09-21 19:18:57
19:18:59.117 <- 03 22 83 b1 6a 71 15 00 00 c2 12 00 00 fc 00 00 00 48 3f 00  | 2026-09-21 19:18:58
19:18:59.117 <- 13 22 83 b1 6a 83 03 00 00 c8 0a 00 00 80 16 00 00 00 00 00  | 2026-09-21 19:18:58
19:18:59.804 <- 06 02 00 00 00 00 00 00 00 00 00 00 00 00 00 00 00 00 00 00
19:18:59.834 <- 03 23 83 b1 6a 72 15 00 00 c3 12 00 00 fc 00 00 00 48 3f 00  | 2026-09-21 19:18:59
19:18:59.837 <- 13 23 83 b1 6a 83 03 00 00 c8 0a 00 00 80 16 00 00 00 00 00  | 2026-09-21 19:18:59
19:19:00.524 <- 03 23 83 b1 6a 73 15 00 00 c4 12 00 00 fc 00 00 00 48 3f 00  | 2026-09-21 19:18:59
19:19:00.526 <- 13 23 83 b1 6a 83 03 00 00 c8 0a 00 00 80 16 00 00 00 00 00  | 2026-09-21 19:18:59
19:19:00.945 <- 03 23 83 b1 6a 74 15 00 00 c5 12 00 00 fc 00 00 00 48 3f 00  | 2026-09-21 19:18:59
19:19:00.946 <- 13 23 83 b1 6a 84 03 00 00 c8 0a 00 00 80 16 00 00 00 00 00  | 2026-09-21 19:18:59
19:19:01.304 <- 06 02 00 00 00 00 00 00 00 00 00 00 00 00 00 00 00 00 00 00
19:19:01.334 <- 03 24 83 b1 6a 75 15 00 00 c6 12 00 00 fc 00 00 00 48 3f 00  | 2026-09-21 19:19:00
19:19:01.337 <- 13 24 83 b1 6a 85 03 00 00 c8 0a 00 00 80 16 00 00 00 00 00  | 2026-09-21 19:19:00
19:19:01.337 <- 03 24 83 b1 6a 76 15 00 00 c7 12 00 00 fc 00 00 00 48 3f 00  | 2026-09-21 19:19:00
19:19:01.367 <- 13 24 83 b1 6a 86 03 00 00 c8 0a 00 00 80 16 00 00 00 00 00  | 2026-09-21 19:19:00
19:19:02.055 <- 03 24 83 b1 6a 77 15 00 00 c8 12 00 00 fc 00 00 00 48 3f 00  | 2026-09-21 19:19:00
19:19:02.085 <- 13 24 83 b1 6a 87 03 00 00 c8 0a 00 00 80 16 00 00 00 00 00  | 2026-09-21 19:19:00
19:19:02.086 <- 06 02 00 00 00 00 00 00 00 00 00 00 00 00 00 00 00 00 00 00
19:19:02.086 <- 03 25 83 b1 6a 78 15 00 00 c9 12 00 00 fc 00 00 00 48 3f 00  | 2026-09-21 19:19:01
19:19:02.117 <- 13 25 83 b1 6a 88 03 00 00 c8 0a 00 00 80 16 00 00 00 00 00  | 2026-09-21 19:19:01
19:19:02.804 <- 03 25 83 b1 6a 79 15 00 00 c9 12 00 00 fc 00 00 00 48 3f 00  | 2026-09-21 19:19:01
19:19:02.806 <- 13 25 83 b1 6a 89 03 00 00 c8 0a 00 00 80 16 00 00 00 00 00  | 2026-09-21 19:19:01
19:19:02.834 <- 03 26 83 b1 6a 7a 15 00 00 ca 12 00 00 fc 00 00 00 48 3f 00  | 2026-09-21 19:19:02
19:19:02.836 <- 13 26 83 b1 6a 8a 03 00 00 c8 0a 00 00 80 16 00 00 00 00 00  | 2026-09-21 19:19:02
19:19:03.855 <- 03 26 83 b1 6a 7b 15 00 00 cb 12 00 00 fc 00 00 00 48 3f 00  | 2026-09-21 19:19:02
19:19:03.884 <- 13 26 83 b1 6a 8b 03 00 00 c8 0a 00 00 80 16 00 00 00 00 00  | 2026-09-21 19:19:02
19:19:03.886 <- 03 26 83 b1 6a 7c 15 00 00 cc 12 00 00 fc 00 00 00 48 3f 00  | 2026-09-21 19:19:02
19:19:03.887 <- 13 26 83 b1 6a 8c 03 00 00 c8 0a 00 00 80 16 00 00 00 00 00  | 2026-09-21 19:19:02
19:19:04.935 <- 03 27 83 b1 6a 7d 15 00 00 cd 12 00 00 fc 00 00 00 48 3f 00  | 2026-09-21 19:19:03
19:19:04.937 <- 13 27 83 b1 6a 8d 03 00 00 c8 0a 00 00 80 16 00 00 00 00 00  | 2026-09-21 19:19:03
19:19:04.937 <- 06 02 00 00 00 00 00 00 00 00 00 00 00 00 00 00 00 00 00 00
19:19:04.995 <- 03 28 83 b1 6a 7e 15 00 00 ce 12 00 00 fc 00 00 00 48 3f 00  | 2026-09-21 19:19:04
19:19:04.997 <- 13 28 83 b1 6a 8d 03 00 00 c8 0a 00 00 80 16 00 00 00 00 00  | 2026-09-21 19:19:04
19:19:06.014 <- 03 29 83 b1 6a 7f 15 00 00 cf 12 00 00 fc 00 00 00 48 3f 00  | 2026-09-21 19:19:05
19:19:06.016 <- 13 29 83 b1 6a 8d 03 00 00 c8 0a 00 00 80 16 00 00 00 00 00  | 2026-09-21 19:19:05
19:19:06.046 <- 03 29 83 b1 6a 80 15 00 00 d0 12 00 00 fc 00 00 00 48 3f 00  | 2026-09-21 19:19:05
19:19:06.046 <- 13 29 83 b1 6a 8d 03 00 00 c8 0a 00 00 80 16 00 00 00 00 00  | 2026-09-21 19:19:05
19:19:07.065 <- 03 29 83 b1 6a 81 15 00 00 d0 12 00 00 fc 00 00 00 48 3f 00  | 2026-09-21 19:19:05
19:19:07.067 <- 13 29 83 b1 6a 8d 03 00 00 c8 0a 00 00 80 16 00 00 00 00 00  | 2026-09-21 19:19:05
19:19:07.067 <- 06 02 00 00 00 00 00 00 00 00 00 00 00 00 00 00 00 00 00 00
19:19:07.124 <- 03 2a 83 b1 6a 82 15 00 00 d1 12 00 00 fc 00 00 00 48 3f 00  | 2026-09-21 19:19:06
19:19:07.126 <- 13 2a 83 b1 6a 8d 03 00 00 c8 0a 00 00 80 16 00 00 00 00 00  | 2026-09-21 19:19:06
19:19:08.145 <- 03 2b 83 b1 6a 83 15 00 00 d2 12 00 00 fc 00 00 00 48 3f 00  | 2026-09-21 19:19:07
19:19:08.146 <- 13 2b 83 b1 6a 8d 03 00 00 c8 0a 00 00 80 16 00 00 00 00 00  | 2026-09-21 19:19:07
19:19:08.174 <- 03 2b 83 b1 6a 84 15 00 00 d3 12 00 00 fd 00 00 00 48 3f 00  | 2026-09-21 19:19:07
19:19:08.176 <- 13 2b 83 b1 6a 8d 03 00 00 c8 0a 00 00 80 16 00 00 00 00 00  | 2026-09-21 19:19:07
19:19:09.105 <- 03 2b 83 b1 6a 85 15 00 00 d4 12 00 00 fd 00 00 00 48 3f 00  | 2026-09-21 19:19:07
19:19:09.106 <- 13 2b 83 b1 6a 8d 03 00 00 c8 0a 00 00 80 16 00 00 00 00 00  | 2026-09-21 19:19:07
19:19:09.855 <- 03 2c 83 b1 6a 86 15 00 00 d5 12 00 00 fd 00 00 00 48 3f 00  | 2026-09-21 19:19:08
19:19:09.857 <- 13 2c 83 b1 6a 8d 03 00 00 c8 0a 00 00 80 16 00 00 00 00 00  | 2026-09-21 19:19:08
19:19:09.887 <- 03 2d 83 b1 6a 87 15 00 00 d6 12 00 00 fd 00 00 00 48 3f 00  | 2026-09-21 19:19:09
19:19:09.887 <- 13 2d 83 b1 6a 8d 03 00 00 c8 0a 00 00 80 16 00 00 00 00 00  | 2026-09-21 19:19:09
19:19:10.905 <- 03 2d 83 b1 6a 88 15 00 00 d7 12 00 00 fd 00 00 00 48 3f 00  | 2026-09-21 19:19:09
19:19:10.907 <- 13 2d 83 b1 6a 8d 03 00 00 c8 0a 00 00 80 16 00 00 00 00 00  | 2026-09-21 19:19:09
19:19:10.937 <- 03 2d 83 b1 6a 89 15 00 00 d7 12 00 00 fd 00 00 00 48 3f 00  | 2026-09-21 19:19:09
19:19:10.937 <- 13 2d 83 b1 6a 8d 03 00 00 c8 0a 00 00 80 16 00 00 00 00 00  | 2026-09-21 19:19:09
19:19:11.955 <- 03 2e 83 b1 6a 8a 15 00 00 d8 12 00 00 fd 00 00 00 48 3f 00  | 2026-09-21 19:19:10
19:19:11.956 <- 13 2e 83 b1 6a 8d 03 00 00 c8 0a 00 00 80 16 00 00 00 00 00  | 2026-09-21 19:19:10
19:19:12.645 <- 03 2f 83 b1 6a 8b 15 00 00 d9 12 00 00 fd 00 00 00 48 3f 00  | 2026-09-21 19:19:11
19:19:12.646 <- 13 2f 83 b1 6a 8d 03 00 00 c8 0a 00 00 80 16 00 00 00 00 00  | 2026-09-21 19:19:11
19:19:12.674 <- 03 2f 83 b1 6a 8c 15 00 00 da 12 00 00 fd 00 00 00 48 3f 00  | 2026-09-21 19:19:11
19:19:12.676 <- 13 2f 83 b1 6a 8d 03 00 00 c8 0a 00 00 80 16 00 00 00 00 00  | 2026-09-21 19:19:11
19:19:13.695 <- 03 30 83 b1 6a 8d 15 00 00 db 12 00 00 fd 00 00 00 48 3f 00  | 2026-09-21 19:19:12
19:19:13.696 <- 13 30 83 b1 6a 8d 03 00 00 c8 0a 00 00 80 16 00 00 00 00 00  | 2026-09-21 19:19:12
19:19:14.385 <- 03 31 83 b1 6a 8e 15 00 00 dc 12 00 00 fd 00 00 00 48 3f 00  | 2026-09-21 19:19:13
19:19:14.387 <- 13 31 83 b1 6a 8d 03 00 00 c8 0a 00 00 80 16 00 00 00 00 00  | 2026-09-21 19:19:13
19:19:14.417 <- 03 31 83 b1 6a 8f 15 00 00 dd 12 00 00 fd 00 00 00 48 3f 00  | 2026-09-21 19:19:13
19:19:14.417 <- 13 31 83 b1 6a 8d 03 00 00 c8 0a 00 00 80 16 00 00 00 00 00  | 2026-09-21 19:19:13
19:19:15.435 <- 03 32 83 b1 6a 90 15 00 00 de 12 00 00 fd 00 00 00 48 3f 00  | 2026-09-21 19:19:14
19:19:15.438 <- 13 32 83 b1 6a 8d 03 00 00 c8 0a 00 00 80 16 00 00 00 00 00  | 2026-09-21 19:19:14
19:19:15.467 <- 06 02 00 00 00 00 00 00 00 00 00 00 00 00 00 00 00 00 00 00
19:19:15.496 <- 03 32 83 b1 6a 91 15 00 00 de 12 00 00 fd 00 00 00 48 3f 00  | 2026-09-21 19:19:14
19:19:15.497 <- 13 32 83 b1 6a 8d 03 00 00 c8 0a 00 00 80 16 00 00 00 00 00  | 2026-09-21 19:19:14
19:19:16.185 <- 03 33 83 b1 6a 92 15 00 00 df 12 00 00 fd 00 00 00 48 3f 00  | 2026-09-21 19:19:15
19:19:16.186 <- 13 33 83 b1 6a 8d 03 00 00 c8 0a 00 00 80 16 00 00 00 00 00  | 2026-09-21 19:19:15
19:19:17.355 <- 03 34 83 b1 6a 93 15 00 00 e0 12 00 00 fd 00 00 00 48 3f 00  | 2026-09-21 19:19:16
19:19:17.357 <- 13 34 83 b1 6a 8d 03 00 00 c8 0a 00 00 80 16 00 00 00 00 00  | 2026-09-21 19:19:16
19:19:17.387 <- 03 34 83 b1 6a 94 15 00 00 e1 12 00 00 fd 00 00 00 48 3f 00  | 2026-09-21 19:19:16
19:19:17.387 <- 13 34 83 b1 6a 8d 03 00 00 c8 0a 00 00 80 16 00 00 00 00 00  | 2026-09-21 19:19:16
19:19:17.835 <- 03 34 83 b1 6a 95 15 00 00 e2 12 00 00 fd 00 00 00 48 3f 00  | 2026-09-21 19:19:16
19:19:17.838 <- 13 34 83 b1 6a 8d 03 00 00 c8 0a 00 00 80 16 00 00 00 00 00  | 2026-09-21 19:19:16
19:19:18.525 <- 03 35 83 b1 6a 96 15 00 00 e3 12 00 00 fd 00 00 00 48 3f 00  | 2026-09-21 19:19:17
19:19:18.527 <- 13 35 83 b1 6a 8d 03 00 00 c8 0a 00 00 80 16 00 00 00 00 00  | 2026-09-21 19:19:17
19:19:19.245 <- 03 36 83 b1 6a 97 15 00 00 e4 12 00 00 fd 00 00 00 48 3f 00  | 2026-09-21 19:19:18
19:19:19.247 <- 13 36 83 b1 6a 8d 03 00 00 c8 0a 00 00 80 16 00 00 00 00 00  | 2026-09-21 19:19:18
19:19:19.935 <- 03 36 83 b1 6a 98 15 00 00 e5 12 00 00 fd 00 00 00 48 3f 00  | 2026-09-21 19:19:18
19:19:19.936 <- 13 36 83 b1 6a 8d 03 00 00 c8 0a 00 00 80 16 00 00 00 00 00  | 2026-09-21 19:19:18
19:19:20.625 <- 03 37 83 b1 6a 99 15 00 00 e5 12 00 00 fd 00 00 00 48 3f 00  | 2026-09-21 19:19:19
19:19:20.626 <- 13 37 83 b1 6a 8d 03 00 00 c8 0a 00 00 80 16 00 00 00 00 00  | 2026-09-21 19:19:19
19:19:21.315 <- 03 38 83 b1 6a 9a 15 00 00 e6 12 00 00 fe 00 00 00 48 3f 00  | 2026-09-21 19:19:20
19:19:21.318 <- 13 38 83 b1 6a 8d 03 00 00 c8 0a 00 00 80 16 00 00 00 00 00  | 2026-09-21 19:19:20
19:19:22.005 <- 03 38 83 b1 6a 9b 15 00 00 e7 12 00 00 fe 00 00 00 48 3f 00  | 2026-09-21 19:19:20
19:19:22.006 <- 13 38 83 b1 6a 8d 03 00 00 c8 0a 00 00 80 16 00 00 00 00 00  | 2026-09-21 19:19:20
19:19:22.035 <- 03 38 83 b1 6a 9c 15 00 00 e8 12 00 00 fe 00 00 00 48 3f 00  | 2026-09-21 19:19:20
19:19:22.036 <- 13 38 83 b1 6a 8d 03 00 00 c8 0a 00 00 80 16 00 00 00 00 00  | 2026-09-21 19:19:20
19:19:22.875 <- 03 39 83 b1 6a 9d 15 00 00 e9 12 00 00 fe 00 00 00 48 3f 00  | 2026-09-21 19:19:21
19:19:22.876 <- 13 39 83 b1 6a 8d 03 00 00 c8 0a 00 00 80 16 00 00 00 00 00  | 2026-09-21 19:19:21
19:19:22.905 <- 03 39 83 b1 6a 9e 15 00 00 ea 12 00 00 fe 00 00 00 48 3f 00  | 2026-09-21 19:19:21
19:19:22.906 <- 13 39 83 b1 6a 8d 03 00 00 c8 0a 00 00 80 16 00 00 00 00 00  | 2026-09-21 19:19:21
19:19:23.595 <- 06 02 00 00 00 00 00 00 00 00 00 00 00 00 00 00 00 00 00 00
19:19:23.625 <- 03 3a 83 b1 6a 9f 15 00 00 eb 12 00 00 fe 00 00 00 48 3f 00  | 2026-09-21 19:19:22
19:19:23.627 <- 13 3a 83 b1 6a 8d 03 00 00 c8 0a 00 00 80 16 00 00 00 00 00  | 2026-09-21 19:19:22
19:19:24.316 <- 03 3a 83 b1 6a a1 15 00 00 ec 12 00 00 fe 00 00 00 48 3f 00  | 2026-09-21 19:19:22
19:19:24.317 <- 13 3a 83 b1 6a 8d 03 00 00 c8 0a 00 00 80 16 00 00 00 00 00  | 2026-09-21 19:19:22
19:19:24.347 <- 06 02 00 00 00 00 00 00 00 00 00 00 00 00 00 00 00 00 00 00
19:19:24.826 <- 03 3b 83 b1 6a a2 15 00 00 ed 12 00 00 fe 00 00 00 48 3f 00  | 2026-09-21 19:19:23
19:19:24.827 <- 13 3b 83 b1 6a 8d 03 00 00 c8 0a 00 00 80 16 00 00 00 00 00  | 2026-09-21 19:19:23
19:19:26.176 <- 03 3c 83 b1 6a a3 15 00 00 ee 12 00 00 fe 00 00 00 48 3f 00  | 2026-09-21 19:19:24
19:19:26.178 <- 13 3c 83 b1 6a 8d 03 00 00 c8 0a 00 00 80 16 00 00 00 00 00  | 2026-09-21 19:19:24
19:19:29.535 <- 06 02 00 00 00 00 00 00 00 00 00 00 00 00 00 00 00 00 00 00
19:19:33.198 <- 06 02 00 00 00 00 00 00 00 00 00 00 00 00 00 00 00 00 00 00
19:19:34.876 <- 06 02 00 00 00 00 00 00 00 00 00 00 00 00 00 00 00 00 00 00
19:20:04.733 <- 06 02 00 00 00 00 00 00 00 00 00 00 00 00 00 00 00 00 00 00
19:20:12.557 <- 06 02 00 00 00 00 00 00 00 00 00 00 00 00 00 00 00 00 00 00
19:20:57.450 <- 06 02 00 00 00 00 00 00 00 00 00 00 00 00 00 00 00 00 00 00
19:21:01.908 <- 06 02 00 00 00 00 00 00 00 00 00 00 00 00 00 00 00 00 00 00
19:21:07.548 <- 06 02 00 00 00 00 00 00 00 00 00 00 00 00 00 00 00 00 00 00
19:21:14.538 <- 06 02 00 00 00 00 00 00 00 00 00 00 00 00 00 00 00 00 00 00
19:21:22.848 <- 06 02 00 00 00 00 00 00 00 00 00 00 00 00 00 00 00 00 00 00
19:21:24.528 <- 06 02 00 00 00 00 00 00 00 00 00 00 00 00 00 00 00 00 00 00
19:21:25.548 <- 06 02 00 00 00 00 00 00 00 00 00 00 00 00 00 00 00 00 00 00
19:21:32.358 <- 06 02 00 00 00 00 00 00 00 00 00 00 00 00 00 00 00 00 00 00
19:21:42.384 <- 06 02 00 00 00 00 00 00 00 00 00 00 00 00 00 00 00 00 00 00
19:21:46.038 <- 06 02 00 00 00 00 00 00 00 00 00 00 00 00 00 00 00 00 00 00
19:21:51.678 <- 06 02 00 00 00 00 00 00 00 00 00 00 00 00 00 00 00 00 00 00
19:21:55.008 <- 06 02 00 00 00 00 00 00 00 00 00 00 00 00 00 00 00 00 00 00
19:21:55.698 <- 06 02 00 00 00 00 00 00 00 00 00 00 00 00 00 00 00 00 00 00
19:21:58.038 <- 06 02 00 00 00 00 00 00 00 00 00 00 00 00 00 00 00 00 00 00
19:22:15.146 <- 06 02 00 00 00 00 00 00 00 00 00 00 00 00 00 00 00 00 00 00
19:24:05.773 <- 06 02 00 00 00 00 00 00 00 00 00 00 00 00 00 00 00 00 00 00
19:24:06.621 <- 06 02 00 00 00 00 00 00 00 00 00 00 00 00 00 00 00 00 00 00
19:24:14.271 <- 06 02 00 00 00 00 00 00 00 00 00 00 00 00 00 00 00 00 00 00
19:24:17.631 <- 06 02 00 00 00 00 00 00 00 00 00 00 00 00 00 00 00 00 00 00
19:24:20.631 <- 06 02 00 00 00 00 00 00 00 00 00 00 00 00 00 00 00 00 00 00
19:24:24.411 <- 06 02 00 00 00 00 00 00 00 00 00 00 00 00 00 00 00 00 00 00
19:24:36.148 <- 06 02 00 00 00 00 00 00 00 00 00 00 00 00 00 00 00 00 00 00
19:25:09.298 <- 06 02 00 00 00 00 00 00 00 00 00 00 00 00 00 00 00 00 00 00
19:25:16.612 <- 06 02 00 00 00 00 00 00 00 00 00 00 00 00 00 00 00 00 00 00
19:25:43.318 <- 06 02 00 00 00 00 00 00 00 00 00 00 00 00 00 00 00 00 00 00
19:25:45.022 <- 06 02 00 00 00 00 00 00 00 00 00 00 00 00 00 00 00 00 00 00
19:26:21.640 <- 06 02 00 00 00 00 00 00 00 00 00 00 00 00 00 00 00 00 00 00
19:26:22.973 <- 06 02 00 00 00 00 00 00 00 00 00 00 00 00 00 00 00 00 00 00
19:26:24.652 <- 06 02 00 00 00 00 00 00 00 00 00 00 00 00 00 00 00 00 00 00
19:26:25.675 <- 06 02 00 00 00 00 00 00 00 00 00 00 00 00 00 00 00 00 00 00
19:26:27.025 <- 06 02 00 00 00 00 00 00 00 00 00 00 00 00 00 00 00 00 00 00
19:26:28.373 <- 06 02 00 00 00 00 00 00 00 00 00 00 00 00 00 00 00 00 00 00
19:26:29.395 <- 06 02 00 00 00 00 00 00 00 00 00 00 00 00 00 00 00 00 00 00
19:26:29.424 -> 01 e5 84 b1 6a 03 00 00 00 00 00 00 00 00 00 00 00 00 00 00
19:26:29.454 <- 01 e5 84 b1 6a 03 00 00 00 00 00 00 00 00 00 00 00 00 00 00  | 2026-09-21 19:26:29
19:26:30.893 -> 19 00 00 17 3b 01 1e 01 00 00 00 00 00 00 00 00 00 00 00 00  | автозамер, период 30 мин
19:26:30.894 <- 19 00 00 17 3b 01 1e 01 00 00 00 00 00 00 00 00 00 00 00 00
19:26:31.253 -> 02 92 bb 4b 00 00 00 00 00 00 00 00 00 00 00 00 00 00 00 00  | профиль: возраст|пол 146, рост 187, вес 75
19:26:31.613 <- 02 92 bb 4b 00 00 00 00 00 00 00 00 00 00 00 00 00 00 00 00
19:26:31.614 <- 03 e6 84 b1 6a a3 15 00 00 ee 12 00 00 fe 00 00 00 48 3f 00  | 2026-09-21 19:26:30
19:26:31.614 <- 13 e6 84 b1 6a 8d 03 00 00 c8 0a 00 00 80 16 00 00 00 00 00  | 2026-09-21 19:26:30
19:26:32.003 -> 13 00 00 00 00 00 00 00 00 00 00 00 00 00 00 00 00 00 00 00
19:26:32.005 <- 13 00 00 00 00 00 00 00 00 00 00 00 00 00 00 00 00 00 00 00
19:26:32.513 -> 10 00 00 00 00 00 00 00 00 00 00 00 00 00 00 00 00 00 00 00  | запрос дня 0
19:26:32.543 <- 11 2c 9a b0 6a 28 28 28 28 28 28 28 28 28 28 28 28 28 28 28  | 2026-09-21 02:45:00
19:26:32.543 <- 11 b0 9d b0 6a 28 28 28 28 28 28 28 28 28 28 28 28 28 28 28  | 2026-09-21 03:00:00
19:26:32.903 <- 11 34 a1 b0 6a 28 28 28 28 28 28 28 28 28 28 28 28 28 28 28  | 2026-09-21 03:15:00
19:26:32.905 <- 11 b8 a4 b0 6a 28 28 28 28 28 28 28 28 28 28 28 28 28 28 28  | 2026-09-21 03:30:00
19:26:33.263 <- 11 3c a8 b0 6a 63 63 63 63 63 63 63 63 63 63 63 63 63 63 63  | 2026-09-21 03:45:00
19:26:33.265 <- 11 c0 ab b0 6a 63 63 63 63 63 63 63 63 63 63 63 63 63 63 63  | 2026-09-21 04:00:00
19:26:33.623 <- 11 44 af b0 6a 63 63 63 63 63 63 63 63 63 63 63 63 63 63 63  | 2026-09-21 04:15:00
19:26:33.625 <- 11 c8 b2 b0 6a 63 63 63 63 63 63 63 63 63 63 63 63 63 63 63  | 2026-09-21 04:30:00
19:26:33.983 <- 11 4c b6 b0 6a 28 28 28 28 28 28 28 28 28 28 28 28 28 28 28  | 2026-09-21 04:45:00
19:26:33.984 <- 11 d0 b9 b0 6a 28 28 28 28 28 28 28 28 28 28 28 28 28 28 28  | 2026-09-21 05:00:00
19:26:34.343 <- 11 5c c4 b0 6a 28 28 28 28 28 28 28 28 28 28 28 28 28 28 28  | 2026-09-21 05:45:00
19:26:34.345 <- 11 e0 c7 b0 6a 28 28 28 28 28 28 28 28 28 28 28 28 28 28 28  | 2026-09-21 06:00:00
19:26:34.703 <- 11 64 cb b0 6a 63 63 63 63 63 63 63 63 63 63 63 63 63 63 63  | 2026-09-21 06:15:00
19:26:34.705 <- 11 e8 ce b0 6a 63 63 63 63 63 63 63 63 63 63 63 63 63 63 63  | 2026-09-21 06:30:00
19:26:35.063 <- 11 6c d2 b0 6a 63 63 63 63 63 63 63 63 63 63 63 63 63 63 63  | 2026-09-21 06:45:00
19:26:35.065 <- 11 f0 d5 b0 6a 28 28 28 28 28 28 28 28 28 28 28 28 28 28 28  | 2026-09-21 07:00:00
19:26:35.423 <- 11 74 d9 b0 6a 28 28 28 28 28 28 28 28 28 28 28 28 28 28 28  | 2026-09-21 07:15:00
19:26:35.425 <- 11 f8 dc b0 6a 28 28 28 28 28 28 28 28 28 28 28 28 28 28 28  | 2026-09-21 07:30:00
19:26:35.783 <- 10 00 e4 b0 6a 00 00 00 00 00 19 17 59 10 00 3f 00 00 00 00  | 2026-09-21 08:00:00
19:26:35.785 <- 10 08 eb b0 6a 00 32 4c 56 5e 64 22 57 00 23 17 12 7a 70 71  | 2026-09-21 08:30:00
19:26:36.142 <- 10 8c ee b0 6a 43 62 75 58 00 00 00 00 00 68 00 1d 00 00 00  | 2026-09-21 08:45:00
19:26:36.145 <- 10 28 07 b1 6a 16 48 2b 00 00 00 48 5b 00 00 00 00 00 00 00  | 2026-09-21 10:30:00
19:26:36.502 <- 10 ac 0a b1 6a 00 00 00 00 00 00 00 00 00 00 00 00 00 19 00  | 2026-09-21 10:45:00
19:26:36.505 <- 10 30 0e b1 6a 00 00 00 00 00 00 00 16 1b 00 00 00 00 19 00  | 2026-09-21 11:00:00
19:26:36.863 <- 10 38 15 b1 6a 00 00 00 00 00 00 1a 12 36 00 00 00 00 00 00  | 2026-09-21 11:30:00
19:26:36.865 <- 10 40 1c b1 6a 00 00 00 29 00 00 23 00 00 00 00 00 00 00 00  | 2026-09-21 12:00:00
19:26:37.223 <- 10 c4 1f b1 6a 00 00 00 00 00 00 00 00 25 04 00 00 1b 00 00  | 2026-09-21 12:15:00
19:26:37.224 <- 10 48 23 b1 6a 00 00 00 00 00 00 00 00 00 00 18 00 00 00 00  | 2026-09-21 12:30:00
19:26:37.583 <- 10 cc 26 b1 6a 30 19 49 00 00 00 00 00 00 00 00 00 22 00 00  | 2026-09-21 12:45:00
19:26:37.585 <- 10 58 31 b1 6a 00 00 00 00 00 00 00 00 00 00 00 00 18 22 00  | 2026-09-21 13:30:00
19:26:37.943 <- 10 f4 49 b1 6a 00 00 00 00 00 00 00 00 00 00 00 18 19 05 00  | 2026-09-21 15:15:00
19:26:37.944 <- 10 78 4d b1 6a 00 00 00 00 00 00 00 00 00 00 00 34 00 00 00  | 2026-09-21 15:30:00
19:26:38.303 <- 10 fc 50 b1 6a 00 54 06 00 53 00 00 00 00 00 22 00 4e 00 00  | 2026-09-21 15:45:00
19:26:38.304 <- 10 80 54 b1 6a 15 00 00 00 00 00 00 00 00 00 00 00 00 00 00  | 2026-09-21 16:00:00
19:26:38.663 <- 10 04 58 b1 6a 00 00 19 00 1b 35 00 00 1e 1b 00 00 00 00 00  | 2026-09-21 16:15:00
19:26:38.666 <- 10 24 74 b1 6a 00 00 00 00 00 00 00 00 00 38 1b 42 24 00 42  | 2026-09-21 18:15:00
19:26:39.023 <- 10 a8 77 b1 6a 44 78 70 2c 03 39 00 00 00 75 58 00 00 00 00  | 2026-09-21 18:30:00
19:26:39.025 <- 10 2c 7b b1 6a 3a 00 5c 55 37 2e 2d 66 60 4f a7 19 73 0e 35  | 2026-09-21 18:45:00
19:26:39.383 <- 10 b0 7e b1 6a 15 12 17 00 00 00 00 00 00 00 00 00 47 59 0b  | 2026-09-21 19:00:00
19:26:39.385 <- 10 34 82 b1 6a 00 00 7a 60 32 00 00 00 00 00 00 00 00 00 00  | 2026-09-21 19:15:00
19:26:39.743 <- 10 7c c1 b1 6a 00 00 00 00 00 00 00 00 00 00 00 00 00 00 00  | 2026-09-21 23:45:00
19:26:40.103 -> 16 00 00 00 00 00 00 00 00 00 00 00 00 00 00 00 00 00 00 00  | запрос дня 0
19:26:40.132 <- 16 f0 80 73 b0 6a 34 00 00 00 00 00 00 00 00 00 00 00 00 00  | f0 2026-09-21 00:00:00
19:26:40.134 <- 16 aa 01 80 73 b0 6a 01 00 00 00 00 00 00 00 00 00 00 00 00  | aa 
19:26:40.493 <- 16 a0 80 73 b0 6a 00 00 4d 4d 4d 4d 4d 4d 4d 4d 4d 4d 4d 4d  | a0 2026-09-21 00:00:00
19:26:40.494 <- 16 aa 02 c8 76 b0 6a 01 00 00 00 00 00 00 00 00 00 00 00 00  | aa 
19:26:40.523 <- 16 a0 c8 76 b0 6a 00 00 46 46 46 46 46 46 46 46 46 46 46 46  | a0 2026-09-21 00:14:00
19:26:40.552 <- 16 aa 03 10 7a b0 6a 02 00 00 00 00 00 00 00 00 00 00 00 00  | aa 
19:26:40.554 <- 16 a0 10 7a b0 6a 00 00 58 58 58 58 58 58 58 58 58 58 58 58  | a0 2026-09-21 00:28:00
19:26:40.584 <- 16 a0 88 7a b0 6a 01 00 4a 4a 4a 4a 4a 4a 4a 4a 4a 4a 4a 4a  | a0 2026-09-21 00:30:00
19:26:40.584 <- 16 aa 04 d0 7d b0 6a 01 00 00 00 00 00 00 00 00 00 00 00 00  | aa 
19:26:40.584 <- 16 a0 d0 7d b0 6a 00 00 4c 4c 4c 4c 4c 4c 4c 4c 4c 4c 4c 4c  | a0 2026-09-21 00:44:00
19:26:40.613 <- 16 aa 05 18 81 b0 6a 02 00 00 00 00 00 00 00 00 00 00 00 00  | aa 
19:26:40.643 <- 16 a0 18 81 b0 6a 00 00 51 51 51 51 51 51 51 51 51 51 51 51  | a0 2026-09-21 00:58:00
19:26:40.644 <- 16 a0 90 81 b0 6a 01 00 46 46 46 46 46 46 46 46 46 46 46 46  | a0 2026-09-21 01:00:00
19:26:41.003 <- 16 aa 06 d8 84 b0 6a 01 00 00 00 00 00 00 00 00 00 00 00 00  | aa 
19:26:41.004 <- 16 a0 d8 84 b0 6a 00 00 60 60 60 60 60 60 60 60 60 60 60 60  | a0 2026-09-21 01:14:00
19:26:41.364 <- 16 aa 07 20 88 b0 6a 02 00 00 00 00 00 00 00 00 00 00 00 00  | aa 
19:26:41.365 <- 16 a0 20 88 b0 6a 00 00 45 45 45 45 45 45 45 45 45 45 45 45  | a0 2026-09-21 01:28:00
19:26:41.395 <- 16 a0 98 88 b0 6a 01 00 44 44 44 44 44 44 44 44 44 44 44 44  | a0 2026-09-21 01:30:00
19:26:41.425 <- 16 aa 08 e0 8b b0 6a 01 00 00 00 00 00 00 00 00 00 00 00 00  | aa 
19:26:41.425 <- 16 a0 e0 8b b0 6a 00 00 47 47 47 47 47 47 47 47 47 47 47 47  | a0 2026-09-21 01:44:00
19:26:41.455 <- 16 aa 09 28 8f b0 6a 02 00 00 00 00 00 00 00 00 00 00 00 00  | aa 
19:26:41.455 <- 16 a0 28 8f b0 6a 00 00 41 41 41 41 41 41 41 41 41 41 41 41  | a0 2026-09-21 01:58:00
19:26:41.455 <- 16 a0 a0 8f b0 6a 01 00 46 46 46 46 46 46 46 46 46 46 46 46  | a0 2026-09-21 02:00:00
19:26:41.483 <- 16 aa 0a e8 92 b0 6a 01 00 00 00 00 00 00 00 00 00 00 00 00  | aa 
19:26:41.484 <- 16 a0 e8 92 b0 6a 00 00 3c 3c 3c 3c 3c 3c 3c 3c 3c 3c 3c 3c  | a0 2026-09-21 02:14:00
19:26:41.515 <- 16 aa 0b 30 96 b0 6a 02 00 00 00 00 00 00 00 00 00 00 00 00  | aa 
19:26:41.543 <- 16 a0 30 96 b0 6a 00 00 46 46 46 46 46 46 46 46 4f 46 46 46  | a0 2026-09-21 02:28:00
19:26:41.573 <- 16 a0 a8 96 b0 6a 01 00 4f 4f 4d 4f 4f 4f 4f 4f 4f 4f 4f 4f  | a0 2026-09-21 02:30:00
19:26:41.574 <- 16 aa 0c f0 99 b0 6a 01 00 00 00 00 00 00 00 00 00 00 00 00  | aa 
19:26:41.603 <- 16 a0 f0 99 b0 6a 00 00 3e 3e 3e 3e 3e 3e 3e 3e 3e 3e 3e 3e  | a0 2026-09-21 02:44:00
19:26:41.604 <- 16 aa 0d 38 9d b0 6a 02 00 00 00 00 00 00 00 00 00 00 00 00  | aa 
19:26:41.632 <- 16 a0 38 9d b0 6a 00 00 3f 3f 3f 3f 3f 3f 3f 43 3f 3f 3f 3f  | a0 2026-09-21 02:58:00
19:26:41.663 <- 16 a0 b0 9d b0 6a 01 00 40 40 40 40 40 40 40 40 40 40 40 40  | a0 2026-09-21 03:00:00
19:26:41.665 <- 16 aa 0e f8 a0 b0 6a 01 00 00 00 00 00 00 00 00 00 00 00 00  | aa 
19:26:41.695 <- 16 a0 f8 a0 b0 6a 00 00 44 44 44 44 44 44 44 44 44 44 44 44  | a0 2026-09-21 03:14:00
19:26:41.695 <- 16 aa 0f 40 a4 b0 6a 02 00 00 00 00 00 00 00 00 00 00 00 00  | aa 
19:26:41.723 <- 16 a0 40 a4 b0 6a 00 00 43 43 43 43 43 43 43 43 43 43 43 43  | a0 2026-09-21 03:28:00
19:26:41.724 <- 16 a0 b8 a4 b0 6a 01 00 4f 4f 4f 4f 4f 4f 4f 4f 4f 4f 4f 4f  | a0 2026-09-21 03:30:00
19:26:42.083 <- 16 aa 10 00 a8 b0 6a 01 00 00 00 00 00 00 00 00 00 00 00 00  | aa 
19:26:42.084 <- 16 a0 00 a8 b0 6a 00 00 3d 3d 3d 3d 3d 3d 3d 3d 3d 3d 3d 3d  | a0 2026-09-21 03:44:00
19:26:42.115 <- 16 aa 11 48 ab b0 6a 02 00 00 00 00 00 00 00 00 00 00 00 00  | aa 
19:26:42.144 <- 16 a0 48 ab b0 6a 00 00 3f 3f 3f 3f 3f 3f 3f 3f 3f 3f 3f 3f  | a0 2026-09-21 03:58:00
19:26:42.172 <- 16 a0 c0 ab b0 6a 01 00 3e 3e 3e 3e 3e 3e 3e 3e 3e 3e 3e 3e  | a0 2026-09-21 04:00:00
19:26:42.174 <- 16 aa 12 08 af b0 6a 01 00 00 00 00 00 00 00 00 00 00 00 00  | aa 
19:26:42.203 <- 16 a0 08 af b0 6a 00 00 3a 3a 3a 3a 3a 3a 3a 3a 3a 3a 3a 3a  | a0 2026-09-21 04:14:00
19:26:42.205 <- 16 aa 13 50 b2 b0 6a 02 00 00 00 00 00 00 00 00 00 00 00 00  | aa 
19:26:42.235 <- 16 a0 50 b2 b0 6a 00 00 3f 3f 3f 3f 3f 3f 3f 3f 3f 3f 3f 3f  | a0 2026-09-21 04:28:00
19:26:42.235 <- 16 a0 c8 b2 b0 6a 01 00 3e 3e 3e 3e 3e 3e 3e 3e 3e 3e 3e 3e  | a0 2026-09-21 04:30:00
19:26:42.265 <- 16 aa 14 10 b6 b0 6a 01 00 00 00 00 00 00 00 00 00 00 00 00  | aa 
19:26:42.265 <- 16 a0 10 b6 b0 6a 00 00 40 40 40 40 40 40 40 40 40 40 40 40  | a0 2026-09-21 04:44:00
19:26:42.295 <- 16 aa 15 58 b9 b0 6a 02 00 00 00 00 00 00 00 00 00 00 00 00  | aa 
19:26:42.295 <- 16 a0 58 b9 b0 6a 00 00 3c 3c 3c 3c 3c 3c 3c 3c 3c 3c 3c 3c  | a0 2026-09-21 04:58:00
19:26:42.323 <- 16 a0 d0 b9 b0 6a 01 00 39 39 39 39 39 39 39 39 39 39 39 39  | a0 2026-09-21 05:00:00
19:26:42.325 <- 16 aa 16 18 bd b0 6a 01 00 00 00 00 00 00 00 00 00 00 00 00  | aa 
19:26:42.354 <- 16 a0 18 bd b0 6a 00 00 3d 3d 3d 3d 3d 3d 3d 3d 3d 3d 3d 3d  | a0 2026-09-21 05:14:00
19:26:42.354 <- 16 aa 17 d8 c0 b0 6a 01 00 00 00 00 00 00 00 00 00 00 00 00  | aa 
19:26:42.383 <- 16 a0 d8 c0 b0 6a 00 00 4f 4f 4f 4f 4f 4f 4f 4f 4f 4f 4f 4f  | a0 2026-09-21 05:30:00
19:26:42.385 <- 16 aa 18 20 c4 b0 6a 01 00 00 00 00 00 00 00 00 00 00 00 00  | aa 
19:26:42.414 <- 16 a0 20 c4 b0 6a 00 00 49 49 49 49 49 49 49 49 49 49 49 49  | a0 2026-09-21 05:44:00
19:26:42.414 <- 16 aa 19 68 c7 b0 6a 02 00 00 00 00 00 00 00 00 00 00 00 00  | aa 
19:26:42.443 <- 16 a0 68 c7 b0 6a 00 00 40 40 40 40 40 40 40 40 44 40 40 40  | a0 2026-09-21 05:58:00
19:26:42.445 <- 16 a0 e0 c7 b0 6a 01 00 41 41 41 41 41 41 41 41 41 41 41 41  | a0 2026-09-21 06:00:00
19:26:42.475 <- 16 aa 1a 70 ce b0 6a 02 00 00 00 00 00 00 00 00 00 00 00 00  | aa 
19:26:42.505 <- 16 a0 70 ce b0 6a 00 00 39 39 39 39 39 39 39 39 39 39 39 39  | a0 2026-09-21 06:28:00
19:26:42.505 <- 16 a0 e8 ce b0 6a 01 00 37 37 37 37 37 37 37 37 37 37 37 37  | a0 2026-09-21 06:30:00
19:26:42.547 <- 16 aa 1b 30 d2 b0 6a 01 00 00 00 00 00 00 00 00 00 00 00 00  | aa 
19:26:42.547 <- 16 a0 30 d2 b0 6a 00 00 3d 3d 3d 3d 3d 3d 3d 3d 3d 3d 3d 3d  | a0 2026-09-21 06:44:00
19:26:42.892 <- 16 aa 1c 78 d5 b0 6a 02 00 00 00 00 00 00 00 00 00 00 00 00  | aa 
19:26:42.895 <- 16 a0 78 d5 b0 6a 00 00 3d 3d 3d 3d 3d 3d 3d 3d 3d 3d 3d 3d  | a0 2026-09-21 06:58:00
19:26:42.925 <- 16 a0 f0 d5 b0 6a 01 00 3c 3c 3c 3c 3c 3c 3c 3c 3c 3c 3c 3c  | a0 2026-09-21 07:00:00
19:26:42.955 <- 16 aa 1d 38 d9 b0 6a 01 00 00 00 00 00 00 00 00 00 00 00 00  | aa 
19:26:42.955 <- 16 a0 38 d9 b0 6a 00 00 49 49 49 49 49 49 49 49 49 49 49 49  | a0 2026-09-21 07:14:00
19:26:42.985 <- 16 aa 1e 80 dc b0 6a 02 00 00 00 00 00 00 00 00 00 00 00 00  | aa 
19:26:42.985 <- 16 a0 80 dc b0 6a 00 00 49 49 49 49 49 49 49 49 49 49 49 49  | a0 2026-09-21 07:28:00
19:26:43.343 <- 16 a0 f8 dc b0 6a 01 00 37 37 37 37 37 37 37 37 37 37 37 37  | a0 2026-09-21 07:30:00
19:26:43.344 <- 16 aa 1f 40 e0 b0 6a 01 00 00 00 00 00 00 00 00 00 00 00 00  | aa 
19:26:43.702 <- 16 a0 40 e0 b0 6a 00 00 3a 3a 3a 3a 3a 3a 3a 3a 3a 3a 3a 3a  | a0 2026-09-21 07:44:00
19:26:43.705 <- 16 aa 20 00 e4 b0 6a 01 00 00 00 00 00 00 00 00 00 00 00 00  | aa 
19:26:44.063 <- 16 a0 00 e4 b0 6a 00 00 4c 4c 4c 4c 4c 4c 4c 4c 4c 4c 4c 4c  | a0 2026-09-21 08:00:00
19:26:44.064 <- 16 aa 21 50 ee b0 6a 01 00 00 00 00 00 00 00 00 00 00 00 00  | aa 
19:26:44.423 <- 16 a0 50 ee b0 6a 00 00 61 61 61 61 61 61 61 61 61 61 61 61  | a0 2026-09-21 08:44:00
19:26:44.425 <- 16 aa 22 98 f1 b0 6a 02 00 00 00 00 00 00 00 00 00 00 00 00  | aa 
19:26:44.783 <- 16 a0 98 f1 b0 6a 00 00 4c 4c 4c 4c 4c 4c 4c 4c 4c 4c 4c 4c  | a0 2026-09-21 08:58:00
19:26:44.785 <- 16 a0 10 f2 b0 6a 01 00 4d 4d 4d 4d 4d 4d 4d 4d 4d 4d 4d 4d  | a0 2026-09-21 09:00:00
19:26:44.815 <- 16 aa 23 58 f5 b0 6a 01 00 00 00 00 00 00 00 00 00 00 00 00  | aa 
19:26:44.816 <- 16 a0 58 f5 b0 6a 00 00 48 48 48 48 48 48 48 48 48 48 48 48  | a0 2026-09-21 09:14:00
19:26:44.846 <- 16 aa 24 a0 f8 b0 6a 02 00 00 00 00 00 00 00 00 00 00 00 00  | aa 
19:26:44.877 <- 16 a0 a0 f8 b0 6a 00 00 43 43 43 43 43 43 43 43 43 43 43 43  | a0 2026-09-21 09:28:00
19:26:44.877 <- 16 a0 18 f9 b0 6a 01 00 4b 4b 4b 4b 4b 4b 4b 4b 4b 4b 4b 4b  | a0 2026-09-21 09:30:00
19:26:44.906 <- 16 aa 25 60 fc b0 6a 01 00 00 00 00 00 00 00 00 00 00 00 00  | aa 
19:26:44.906 <- 16 a0 60 fc b0 6a 00 00 4f 4f 4f 4f 4f 4f 4f 4f 4f 4f 4f 4f  | a0 2026-09-21 09:44:00
19:26:44.935 <- 16 aa 26 a8 ff b0 6a 02 00 00 00 00 00 00 00 00 00 00 00 00  | aa 
19:26:44.935 <- 16 a0 a8 ff b0 6a 00 00 53 53 53 53 53 53 53 53 53 53 53 53  | a0 2026-09-21 09:58:00
19:26:45.293 <- 16 a0 20 00 b1 6a 01 00 46 46 46 46 46 46 46 46 46 46 46 46  | a0 2026-09-21 10:00:00
19:26:45.294 <- 16 aa 27 b0 06 b1 6a 01 00 00 00 00 00 00 00 00 00 00 00 00  | aa 
19:26:45.324 <- 16 a0 b0 06 b1 6a 00 00 55 55 55 55 55 55 55 55 55 55 55 55  | a0 2026-09-21 10:28:00
19:26:45.324 <- 16 aa 28 b8 0d b1 6a 01 00 00 00 00 00 00 00 00 00 00 00 00  | aa 
19:26:45.352 <- 16 a0 b8 0d b1 6a 00 00 49 49 49 49 49 49 49 49 49 49 49 49  | a0 2026-09-21 10:58:00
19:26:45.382 <- 16 aa 29 c0 14 b1 6a 01 00 00 00 00 00 00 00 00 00 00 00 00  | aa 
19:26:45.384 <- 16 a0 c0 14 b1 6a 00 00 35 35 35 35 35 35 35 35 35 35 35 35  | a0 2026-09-21 11:28:00
19:26:45.415 <- 16 aa 2a c8 1b b1 6a 01 00 00 00 00 00 00 00 00 00 00 00 00  | aa 
19:26:45.415 <- 16 a0 c8 1b b1 6a 00 00 3e 3e 3e 3e 3e 3e 3e 3e 3e 3e 3e 3e  | a0 2026-09-21 11:58:00
19:26:45.773 <- 16 aa 2b d0 22 b1 6a 01 00 00 00 00 00 00 00 00 00 00 00 00  | aa 
19:26:45.776 <- 16 a0 d0 22 b1 6a 00 00 4a 4a 4a 4a 4a 4a 4a 4a 4a 4a 4a 4a  | a0 2026-09-21 12:28:00
19:26:45.805 <- 16 aa 2c d8 29 b1 6a 01 00 00 00 00 00 00 00 00 00 00 00 00  | aa 
19:26:45.835 <- 16 a0 d8 29 b1 6a 00 00 3b 3b 3b 3b 3b 3b 3b 3b 3b 3b 3b 3b  | a0 2026-09-21 12:58:00
19:26:45.835 <- 16 aa 2d e0 30 b1 6a 01 00 00 00 00 00 00 00 00 00 00 00 00  | aa 
19:26:45.865 <- 16 a0 e0 30 b1 6a 00 00 52 52 52 52 52 52 52 52 52 52 52 52  | a0 2026-09-21 13:28:00
19:26:45.865 <- 16 aa 2e f0 3e b1 6a 01 00 00 00 00 00 00 00 00 00 00 00 00  | aa 
19:26:46.223 <- 16 a0 f0 3e b1 6a 00 00 49 49 49 49 49 49 49 49 49 49 49 49  | a0 2026-09-21 14:28:00
19:26:46.225 <- 16 aa 2f f8 45 b1 6a 01 00 00 00 00 00 00 00 00 00 00 00 00  | aa 
19:26:46.256 <- 16 a0 f8 45 b1 6a 00 00 50 50 50 50 50 50 50 50 50 50 50 50  | a0 2026-09-21 14:58:00
19:26:46.285 <- 16 aa 30 10 5b b1 6a 02 00 00 00 00 00 00 00 00 00 00 00 00  | aa 
19:26:46.285 <- 16 a0 10 5b b1 6a 00 00 4f 4f 4f 4f 4f 4f 4f 4f 4f 4f 4f 4f  | a0 2026-09-21 16:28:00
19:26:46.315 <- 16 a0 88 5b b1 6a 01 00 54 54 54 54 54 54 54 54 54 54 54 54  | a0 2026-09-21 16:30:00
19:26:46.345 <- 16 aa 31 18 62 b1 6a 01 00 00 00 00 00 00 00 00 00 00 00 00  | aa 
19:26:46.345 <- 16 a0 18 62 b1 6a 00 00 3f 3f 3f 3f 3f 3f 3f 3f 3f 3f 3f 3f  | a0 2026-09-21 16:58:00
19:26:46.375 <- 16 aa 32 20 69 b1 6a 01 00 00 00 00 00 00 00 00 00 00 00 00  | aa 
19:26:46.375 <- 16 a0 20 69 b1 6a 00 00 48 48 48 48 48 48 48 48 48 48 48 48  | a0 2026-09-21 17:28:00
19:26:46.405 <- 16 aa 33 28 70 b1 6a 01 00 00 00 00 00 00 00 00 00 00 00 00  | aa 
19:26:46.435 <- 16 a0 28 70 b1 6a 00 00 50 50 50 50 50 50 50 50 50 50 50 50  | a0 2026-09-21 17:58:00
19:26:46.435 <- 16 aa 34 30 77 b1 6a 01 00 00 00 00 00 00 00 00 00 00 00 00  | aa 
19:26:46.465 <- 16 a0 30 77 b1 6a 00 00 3e 3e 3e 3e 3e 3e 3e 3e 3e 3e 3e 3e  | a0 2026-09-21 18:28:00
19:26:47.155 -> 55 00 00 00 00 00 00 00 00 00 00 00 00 00 00 00 00 00 00 00  | запрос дня 0
19:26:47.182 <- 55 04 77 b0 6a 72 48 16 40 54 72 48 16 40 54 72 48 16 40 54  | 2026-09-21 00:15:00
19:26:47.184 <- 55 0c 7e b0 6a 6f 48 0e 40 54 6f 48 0e 40 54 6f 48 0e 40 54  | 2026-09-21 00:45:00
19:26:47.543 <- 55 14 85 b0 6a 71 4a 05 36 54 71 4a 05 36 54 71 4a 05 36 54  | 2026-09-21 01:15:00
19:26:47.546 <- 55 1c 8c b0 6a 76 4a 05 32 50 76 4a 05 32 50 76 4a 05 32 50  | 2026-09-21 01:45:00
19:26:47.903 <- 55 2c 9a b0 6a 76 47 01 44 53 76 47 01 44 53 76 47 01 44 53  | 2026-09-21 02:45:00
19:26:47.904 <- 55 34 a1 b0 6a 72 44 05 37 50 72 44 05 37 50 72 44 05 37 50  | 2026-09-21 03:15:00
19:26:48.263 <- 55 3c a8 b0 6a 6e 4a 05 32 50 6e 4a 05 32 50 6e 4a 05 32 50  | 2026-09-21 03:45:00
19:26:48.264 <- 55 44 af b0 6a 71 46 05 40 54 71 46 05 40 54 71 46 05 40 54  | 2026-09-21 04:15:00
19:26:48.623 <- 55 4c b6 b0 6a 74 48 05 38 51 74 48 05 38 51 74 48 05 38 51  | 2026-09-21 04:45:00
19:26:48.623 <- 55 5c c4 b0 6a 6e 46 04 32 50 6e 46 04 32 50 6e 46 04 32 50  | 2026-09-21 05:45:00
19:26:48.985 <- 55 64 cb b0 6a 77 4a 05 3a 53 77 4a 05 3a 53 77 4a 05 3a 53  | 2026-09-21 06:15:00
19:26:48.985 <- 55 6c d2 b0 6a 6e 49 05 3c 50 6e 49 05 3c 50 6e 49 05 3c 50  | 2026-09-21 06:45:00
19:26:49.346 <- 55 74 d9 b0 6a 6e 48 00 3e 52 6e 48 00 3e 52 6e 48 00 3e 52  | 2026-09-21 07:15:00
19:26:49.346 <- 55 8c ee b0 6a 73 45 35 49 53 73 45 35 49 53 73 45 35 49 53  | 2026-09-21 08:45:00
19:26:49.703 <- 55 94 f5 b0 6a 6f 47 27 49 52 6f 47 27 49 52 6f 47 27 49 52  | 2026-09-21 09:15:00
19:26:49.704 <- 55 9c fc b0 6a 73 45 31 47 51 73 45 31 47 51 73 45 31 47 51  | 2026-09-21 09:45:00
19:26:50.063 <- 55 a4 03 b1 6a 6d 44 2d 33 51 6d 44 2d 33 51 6d 44 2d 33 51  | 2026-09-21 10:15:00
19:26:50.065 <- 55 ac 0a b1 6a 75 4a 34 3b 54 75 4a 34 3b 54 75 4a 34 3b 54  | 2026-09-21 10:45:00
19:26:50.425 <- 55 b4 11 b1 6a 77 47 15 3a 53 77 47 15 3a 53 77 47 15 3a 53  | 2026-09-21 11:15:00
19:26:50.425 <- 55 bc 18 b1 6a 73 47 25 37 50 73 47 25 37 50 73 47 25 37 50  | 2026-09-21 11:45:00
19:26:50.783 <- 55 c4 1f b1 6a 70 49 30 40 54 70 49 30 40 54 70 49 30 40 54  | 2026-09-21 12:15:00
19:26:50.785 <- 55 cc 26 b1 6a 75 46 1a 4d 52 75 46 1a 4d 52 75 46 1a 4d 52  | 2026-09-21 12:45:00
19:26:51.146 <- 55 d4 2d b1 6a 6d 48 2a 46 50 6d 48 2a 46 50 6d 48 2a 46 50  | 2026-09-21 13:15:00
19:26:51.146 <- 55 e4 3b b1 6a 71 44 30 41 50 71 44 30 41 50 71 44 30 41 50  | 2026-09-21 14:15:00
19:26:51.503 <- 55 ec 42 b1 6a 71 44 37 41 50 71 44 37 41 50 71 44 37 41 50  | 2026-09-21 14:45:00
19:26:51.505 <- 55 04 58 b1 6a 72 44 37 42 51 72 44 37 42 51 72 44 37 42 51  | 2026-09-21 16:15:00
19:26:51.864 <- 55 0c 5f b1 6a 6e 47 21 3c 50 6e 47 21 3c 50 6e 47 21 3c 50  | 2026-09-21 16:45:00
19:26:51.865 <- 55 14 66 b1 6a 75 46 33 45 54 75 46 33 45 54 75 46 33 45 54  | 2026-09-21 17:15:00
19:26:51.894 <- 55 1c 6d b1 6a 75 44 31 3b 54 75 44 31 3b 54 75 44 31 3b 54  | 2026-09-21 17:45:00
19:26:51.895 <- 55 7c c1 b1 6a 00 00 00 00 00 00 00 00 00 00 00 00 00 00 00  | 2026-09-21 23:45:00
19:26:52.253 -> 40 00 00 00 00 00 00 00 00 00 00 00 00 00 00 00 00 00 00 00  | запрос дня 0
19:26:52.284 <- 40 04 77 b0 6a 63 63 63 63 63 63 63 63 63 63 63 63 63 63 63  | 2026-09-21 00:15:00 SpO2 99
19:26:52.286 <- 40 0c 7e b0 6a 62 62 62 62 62 62 62 62 62 62 62 62 62 62 62  | 2026-09-21 00:45:00 SpO2 98
19:26:52.316 <- 40 14 85 b0 6a 63 63 63 63 63 63 63 63 63 63 63 63 63 63 63  | 2026-09-21 01:15:00 SpO2 99
19:26:52.316 <- 40 1c 8c b0 6a 62 62 62 62 62 62 62 62 62 62 62 62 62 62 62  | 2026-09-21 01:45:00 SpO2 98
19:26:52.345 <- 40 2c 9a b0 6a 63 63 63 63 63 63 63 63 63 63 63 63 63 63 63  | 2026-09-21 02:45:00 SpO2 99
19:26:52.345 <- 40 34 a1 b0 6a 62 62 62 62 62 62 62 62 62 62 62 62 62 62 62  | 2026-09-21 03:15:00 SpO2 98
19:26:52.375 <- 40 3c a8 b0 6a 63 63 63 63 63 63 63 63 63 63 63 63 63 63 63  | 2026-09-21 03:45:00 SpO2 99
19:26:52.375 <- 40 44 af b0 6a 63 63 63 63 63 63 63 63 63 63 63 63 63 63 63  | 2026-09-21 04:15:00 SpO2 99
19:26:52.405 <- 40 4c b6 b0 6a 63 63 63 63 63 63 63 63 63 63 63 63 63 63 63  | 2026-09-21 04:45:00 SpO2 99
19:26:52.405 <- 40 5c c4 b0 6a 63 63 63 63 63 63 63 63 63 63 63 63 63 63 63  | 2026-09-21 05:45:00 SpO2 99
19:26:52.435 <- 40 64 cb b0 6a 62 62 62 62 62 62 62 62 62 62 62 62 62 62 62  | 2026-09-21 06:15:00 SpO2 98
19:26:52.466 <- 40 6c d2 b0 6a 62 62 62 62 62 62 62 62 62 62 62 62 62 62 62  | 2026-09-21 06:45:00 SpO2 98
19:26:52.466 <- 40 74 d9 b0 6a 61 61 61 61 61 61 61 61 61 61 61 61 61 61 61  | 2026-09-21 07:15:00 SpO2 97
19:26:52.496 <- 40 8c ee b0 6a 62 62 62 62 62 62 62 62 62 62 62 62 62 62 62  | 2026-09-21 08:45:00 SpO2 98
19:26:52.496 <- 40 94 f5 b0 6a 62 62 62 62 62 62 62 62 62 62 62 62 62 62 62  | 2026-09-21 09:15:00 SpO2 98
19:26:52.526 <- 40 9c fc b0 6a 62 62 62 62 62 62 62 62 62 62 62 62 62 62 62  | 2026-09-21 09:45:00 SpO2 98
19:26:52.526 <- 40 a4 03 b1 6a 61 61 61 61 61 61 61 61 61 61 61 61 61 61 61  | 2026-09-21 10:15:00 SpO2 97
19:26:52.867 <- 40 ac 0a b1 6a 63 63 63 63 63 63 63 63 63 63 63 63 63 63 63  | 2026-09-21 10:45:00 SpO2 99
19:26:52.867 <- 40 b4 11 b1 6a 61 61 61 61 61 61 61 61 61 61 61 61 61 61 61  | 2026-09-21 11:15:00 SpO2 97
19:26:52.896 <- 40 bc 18 b1 6a 61 61 61 61 61 61 61 61 61 61 61 61 61 61 61  | 2026-09-21 11:45:00 SpO2 97
19:26:52.925 <- 40 c4 1f b1 6a 62 62 62 62 62 62 62 62 62 62 62 62 62 62 62  | 2026-09-21 12:15:00 SpO2 98
19:26:52.953 <- 40 cc 26 b1 6a 63 63 63 63 63 63 63 63 63 63 63 63 63 63 63  | 2026-09-21 12:45:00 SpO2 99
19:26:52.955 <- 40 d4 2d b1 6a 61 61 61 61 61 61 61 61 61 61 61 61 61 61 61  | 2026-09-21 13:15:00 SpO2 97
19:26:52.983 <- 40 e4 3b b1 6a 63 63 63 63 63 63 63 63 63 63 63 63 63 63 63  | 2026-09-21 14:15:00 SpO2 99
19:26:52.986 <- 40 ec 42 b1 6a 61 61 61 61 61 61 61 61 61 61 61 61 61 61 61  | 2026-09-21 14:45:00 SpO2 97
19:26:53.016 <- 40 04 58 b1 6a 63 63 63 63 63 63 63 63 63 63 63 63 63 63 63  | 2026-09-21 16:15:00 SpO2 99
19:26:53.017 <- 40 0c 5f b1 6a 61 61 61 61 61 61 61 61 61 61 61 61 61 61 61  | 2026-09-21 16:45:00 SpO2 97
19:26:53.048 <- 40 14 66 b1 6a 61 61 61 61 61 61 61 61 61 61 61 61 61 61 61  | 2026-09-21 17:15:00 SpO2 97
19:26:53.048 <- 40 1c 6d b1 6a 63 63 63 63 63 63 63 63 63 63 63 63 63 63 63  | 2026-09-21 17:45:00 SpO2 99
19:26:53.075 <- 40 7c c1 b1 6a 00 00 00 00 00 00 00 00 00 00 00 00 00 00 00  | 2026-09-21 23:45:00 SpO2 0
19:26:53.435 -> 03 00 00 00 00 00 00 00 00 00 00 00 00 00 00 00 00 00 00 00
19:26:53.464 <- 03 fc 84 b1 6a a3 15 00 00 ee 12 00 00 fe 00 00 00 48 3f 00  | 2026-09-21 19:26:52
19:26:53.464 <- 13 fc 84 b1 6a 8d 03 00 00 c8 0a 00 00 80 16 00 00 00 00 00  | 2026-09-21 19:26:52
19:26:53.824 -> 0b 00 00 00 00 00 00 00 00 00 00 00 00 00 00 00 00 00 00 00
19:26:53.855 <- 0b 09 00 00 00 00 00 00 00 00 00 00 00 00 00 00 00 00 00 00  | байт1 = 9
19:27:25.401 <- 06 02 00 00 00 00 00 00 00 00 00 00 00 00 00 00 00 00 00 00
19:27:26.745 <- 06 02 00 00 00 00 00 00 00 00 00 00 00 00 00 00 00 00 00 00
19:29:04.302 <- 24 00 00 00 00 00 00 00 00 00 00 00 00 00 00 00 00 00 00 00
19:29:05.236 <- 24 00 00 00 00 00 00 00 00 00 00 00 00 00 00 00 00 00 00 00
19:29:06.286 <- 24 00 00 00 00 00 00 00 00 00 00 00 00 00 00 00 00 00 00 00
19:29:07.336 <- 24 00 00 00 00 00 00 00 00 00 00 00 00 00 00 00 00 00 00 00
19:29:08.356 <- 24 00 00 00 00 00 00 00 00 00 00 00 00 00 00 00 00 00 00 00
19:29:09.406 <- 24 00 00 00 00 00 00 00 00 00 00 00 00 00 00 00 00 00 00 00
19:29:10.456 <- 24 00 00 00 00 00 00 00 00 00 00 00 00 00 00 00 00 00 00 00
19:29:11.476 <- 24 00 00 00 00 00 00 00 00 00 00 00 00 00 00 00 00 00 00 00
19:29:12.196 <- 06 02 00 00 00 00 00 00 00 00 00 00 00 00 00 00 00 00 00 00
19:29:12.556 <- 24 00 00 00 00 00 00 00 00 00 00 00 00 00 00 00 00 00 00 00
19:29:13.606 <- 24 00 00 00 00 00 00 00 00 00 00 00 00 00 00 00 00 00 00 00
19:29:14.626 <- 24 00 00 00 00 00 00 00 00 00 00 00 00 00 00 00 00 00 00 00
19:29:15.646 <- 24 00 00 00 00 00 00 00 00 00 00 00 00 00 00 00 00 00 00 00
19:29:16.696 <- 24 00 00 00 00 00 00 00 00 00 00 00 00 00 00 00 00 00 00 00
19:29:17.715 <- 24 00 00 00 00 00 00 00 00 00 00 00 00 00 00 00 00 00 00 00
19:29:18.736 <- 24 00 00 00 00 00 00 00 00 00 00 00 00 00 00 00 00 00 00 00
19:29:19.786 <- 24 00 00 00 00 00 00 00 00 00 00 00 00 00 00 00 00 00 00 00
19:29:20.866 <- 24 00 00 00 00 00 00 00 00 00 00 00 00 00 00 00 00 00 00 00
19:29:23.086 <- 24 00 00 00 00 00 00 00 00 00 00 00 00 00 00 00 00 00 00 00
19:29:24.166 <- 24 00 00 00 00 00 00 00 00 00 00 00 00 00 00 00 00 00 00 00
19:29:25.216 <- 24 4f 00 00 00 00 00 00 00 00 00 00 00 00 00 00 00 00 00 00
19:29:26.266 <- 24 4f 00 00 00 00 00 00 00 00 00 00 00 00 00 00 00 00 00 00
19:29:27.286 <- 24 4f 00 00 00 00 00 00 00 00 00 00 00 00 00 00 00 00 00 00
19:29:28.366 <- 24 4f 00 00 00 00 00 00 00 00 00 00 00 00 00 00 00 00 00 00
19:29:29.416 <- 24 4f 00 00 00 00 00 00 00 00 00 00 00 00 00 00 00 00 00 00
19:29:30.466 <- 24 4f 00 00 00 00 00 00 00 00 00 00 00 00 00 00 00 00 00 00
19:29:31.486 <- 24 4f 75 45 63 06 3a 52 54 00 00 00 00 00 00 00 00 00 00 00
19:29:31.488 <- 28 00 00 00 00 00 00 00 00 00 00 00 00 00 00 00 00 00 00 00
19:30:08.443 <- 06 02 00 00 00 00 00 00 00 00 00 00 00 00 00 00 00 00 00 00
19:31:34.350 <- 06 02 00 00 00 00 00 00 00 00 00 00 00 00 00 00 00 00 00 00
19:31:55.136 <- 06 02 00 00 00 00 00 00 00 00 00 00 00 00 00 00 00 00 00 00
19:31:57.498 <- 06 02 00 00 00 00 00 00 00 00 00 00 00 00 00 00 00 00 00 00
19:32:21.805 <- 06 02 00 00 00 00 00 00 00 00 00 00 00 00 00 00 00 00 00 00
19:32:46.526 <- 06 02 00 00 00 00 00 00 00 00 00 00 00 00 00 00 00 00 00 00
19:34:27.060 <- 06 02 00 00 00 00 00 00 00 00 00 00 00 00 00 00 00 00 00 00
19:34:32.690 <- 06 02 00 00 00 00 00 00 00 00 00 00 00 00 00 00 00 00 00 00
19:34:34.490 <- 06 02 00 00 00 00 00 00 00 00 00 00 00 00 00 00 00 00 00 00
19:34:42.321 <- 06 02 00 00 00 00 00 00 00 00 00 00 00 00 00 00 00 00 00 00
19:35:04.888 <- 06 02 00 00 00 00 00 00 00 00 00 00 00 00 00 00 00 00 00 00
19:35:07.221 <- 06 02 00 00 00 00 00 00 00 00 00 00 00 00 00 00 00 00 00 00
19:35:54.167 <- 06 02 00 00 00 00 00 00 00 00 00 00 00 00 00 00 00 00 00 00
19:36:29.729 <- 06 02 00 00 00 00 00 00 00 00 00 00 00 00 00 00 00 00 00 00
19:37:55.157 <- 06 02 00 00 00 00 00 00 00 00 00 00 00 00 00 00 00 00 00 00
19:37:57.293 <- 06 02 00 00 00 00 00 00 00 00 00 00 00 00 00 00 00 00 00 00
19:38:00.053 <- 06 02 00 00 00 00 00 00 00 00 00 00 00 00 00 00 00 00 00 00
19:38:02.723 <- 06 02 00 00 00 00 00 00 00 00 00 00 00 00 00 00 00 00 00 00
19:38:04.733 <- 06 02 00 00 00 00 00 00 00 00 00 00 00 00 00 00 00 00 00 00
19:38:08.663 <- 06 02 00 00 00 00 00 00 00 00 00 00 00 00 00 00 00 00 00 00
19:38:17.753 <- 06 02 00 00 00 00 00 00 00 00 00 00 00 00 00 00 00 00 00 00
19:38:20.483 <- 06 02 00 00 00 00 00 00 00 00 00 00 00 00 00 00 00 00 00 00
19:38:23.183 <- 06 02 00 00 00 00 00 00 00 00 00 00 00 00 00 00 00 00 00 00
19:38:24.863 <- 06 02 00 00 00 00 00 00 00 00 00 00 00 00 00 00 00 00 00 00
19:38:27.203 <- 06 02 00 00 00 00 00 00 00 00 00 00 00 00 00 00 00 00 00 00
19:38:45.271 <- 06 02 00 00 00 00 00 00 00 00 00 00 00 00 00 00 00 00 00 00
19:38:49.944 <- 06 02 00 00 00 00 00 00 00 00 00 00 00 00 00 00 00 00 00 00
19:39:19.982 <- 06 02 00 00 00 00 00 00 00 00 00 00 00 00 00 00 00 00 00 00
19:39:31.951 <- 06 02 00 00 00 00 00 00 00 00 00 00 00 00 00 00 00 00 00 00
19:39:36.474 <- 03 f7 87 b1 6a b5 15 00 00 fe 12 00 00 ff 00 00 00 48 3f 00  | 2026-09-21 19:39:35
19:39:36.475 <- 13 f7 87 b1 6a 8d 03 00 00 40 0b 00 00 34 17 00 00 00 00 00  | 2026-09-21 19:39:35
19:39:37.164 <- 03 f8 87 b1 6a b6 15 00 00 ff 12 00 00 ff 00 00 00 48 3f 00  | 2026-09-21 19:39:36
19:39:37.165 <- 13 f8 87 b1 6a 8d 03 00 00 40 0b 00 00 34 17 00 00 00 00 00  | 2026-09-21 19:39:36
19:39:37.885 <- 03 f8 87 b1 6a b7 15 00 00 00 13 00 00 ff 00 00 00 48 3f 00  | 2026-09-21 19:39:36
19:39:37.887 <- 13 f8 87 b1 6a 8d 03 00 00 40 0b 00 00 34 17 00 00 00 00 00  | 2026-09-21 19:39:36
19:39:37.887 <- 03 f9 87 b1 6a b8 15 00 00 01 13 00 00 ff 00 00 00 48 3f 00  | 2026-09-21 19:39:37
19:39:37.916 <- 13 f9 87 b1 6a 8d 03 00 00 40 0b 00 00 34 17 00 00 00 00 00  | 2026-09-21 19:39:37
19:39:38.304 <- 06 02 00 00 00 00 00 00 00 00 00 00 00 00 00 00 00 00 00 00
19:39:38.305 <- 03 f9 87 b1 6a b9 15 00 00 01 13 00 00 ff 00 00 00 48 3f 00  | 2026-09-21 19:39:37
19:39:38.305 <- 13 f9 87 b1 6a 8d 03 00 00 40 0b 00 00 34 17 00 00 00 00 00  | 2026-09-21 19:39:37
19:39:38.844 <- 03 f9 87 b1 6a ba 15 00 00 02 13 00 00 ff 00 00 00 48 3f 00  | 2026-09-21 19:39:37
19:39:38.846 <- 13 f9 87 b1 6a 8d 03 00 00 40 0b 00 00 34 17 00 00 00 00 00  | 2026-09-21 19:39:37
19:39:39.534 <- 03 fa 87 b1 6a bb 15 00 00 03 13 00 00 ff 00 00 00 48 3f 00  | 2026-09-21 19:39:38
19:39:39.535 <- 13 fa 87 b1 6a 8d 03 00 00 40 0b 00 00 34 17 00 00 00 00 00  | 2026-09-21 19:39:38
19:39:40.224 <- 03 fb 87 b1 6a bc 15 00 00 04 13 00 00 ff 00 00 00 48 3f 00  | 2026-09-21 19:39:39
19:39:40.225 <- 13 fb 87 b1 6a 8d 03 00 00 40 0b 00 00 34 17 00 00 00 00 00  | 2026-09-21 19:39:39
19:39:40.254 <- 03 fb 87 b1 6a bd 15 00 00 05 13 00 00 ff 00 00 00 48 3f 00  | 2026-09-21 19:39:39
19:39:40.256 <- 13 fb 87 b1 6a 8d 03 00 00 40 0b 00 00 34 17 00 00 00 00 00  | 2026-09-21 19:39:39
19:39:40.256 <- 06 02 00 00 00 00 00 00 00 00 00 00 00 00 00 00 00 00 00 00
19:39:41.154 <- 03 fc 87 b1 6a be 15 00 00 06 13 00 00 ff 00 00 00 48 3f 00  | 2026-09-21 19:39:40
19:39:41.155 <- 13 fc 87 b1 6a 8d 03 00 00 40 0b 00 00 34 17 00 00 00 00 00  | 2026-09-21 19:39:40
19:39:41.184 <- 03 fc 87 b1 6a bf 15 00 00 07 13 00 00 ff 00 00 00 48 3f 00  | 2026-09-21 19:39:40
19:39:41.186 <- 13 fc 87 b1 6a 8e 03 00 00 40 0b 00 00 34 17 00 00 00 00 00  | 2026-09-21 19:39:40
19:39:41.874 <- 03 fd 87 b1 6a c0 15 00 00 08 13 00 00 ff 00 00 00 48 3f 00  | 2026-09-21 19:39:41
19:39:41.875 <- 13 fd 87 b1 6a 8f 03 00 00 40 0b 00 00 34 17 00 00 00 00 00  | 2026-09-21 19:39:41
19:39:41.904 <- 06 02 00 00 00 00 00 00 00 00 00 00 00 00 00 00 00 00 00 00
19:39:41.905 <- 03 fd 87 b1 6a c1 15 00 00 08 13 00 00 ff 00 00 00 48 3f 00  | 2026-09-21 19:39:41
19:39:41.934 <- 13 fd 87 b1 6a 90 03 00 00 40 0b 00 00 34 17 00 00 00 00 00  | 2026-09-21 19:39:41
19:39:42.954 <- 03 fd 87 b1 6a c2 15 00 00 09 13 00 00 ff 00 00 00 48 3f 00  | 2026-09-21 19:39:41
19:39:42.956 <- 13 fd 87 b1 6a 91 03 00 00 40 0b 00 00 34 17 00 00 00 00 00  | 2026-09-21 19:39:41
19:39:42.986 <- 03 fe 87 b1 6a c3 15 00 00 0a 13 00 00 ff 00 00 00 48 3f 00  | 2026-09-21 19:39:42
19:39:42.986 <- 13 fe 87 b1 6a 92 03 00 00 40 0b 00 00 34 17 00 00 00 00 00  | 2026-09-21 19:39:42
19:39:44.005 <- 03 ff 87 b1 6a c4 15 00 00 0b 13 00 00 ff 00 00 00 48 3f 00  | 2026-09-21 19:39:43
19:39:44.006 <- 13 ff 87 b1 6a 93 03 00 00 40 0b 00 00 34 17 00 00 00 00 00  | 2026-09-21 19:39:43
19:39:44.364 <- 06 02 00 00 00 00 00 00 00 00 00 00 00 00 00 00 00 00 00 00
19:39:44.367 <- 03 ff 87 b1 6a c5 15 00 00 0c 13 00 00 00 01 00 00 48 3f 00  | 2026-09-21 19:39:43
19:39:44.396 <- 13 ff 87 b1 6a 94 03 00 00 40 0b 00 00 34 17 00 00 00 00 00  | 2026-09-21 19:39:43
19:39:45.084 <- 03 ff 87 b1 6a c6 15 00 00 0d 13 00 00 00 01 00 00 48 3f 00  | 2026-09-21 19:39:43
19:39:45.085 <- 13 ff 87 b1 6a 95 03 00 00 40 0b 00 00 34 17 00 00 00 00 00  | 2026-09-21 19:39:43
19:39:45.504 <- 03 00 88 b1 6a c7 15 00 00 0e 13 00 00 00 01 00 00 48 3f 00  | 2026-09-21 19:39:44
19:39:45.954 <- 13 00 88 b1 6a 96 03 00 00 40 0b 00 00 34 17 00 00 00 00 00  | 2026-09-21 19:39:44
19:39:45.955 <- 03 01 88 b1 6a c8 15 00 00 0f 13 00 00 00 01 00 00 48 3f 00  | 2026-09-21 19:39:45
19:39:45.984 <- 13 01 88 b1 6a 96 03 00 00 40 0b 00 00 34 17 00 00 00 00 00  | 2026-09-21 19:39:45
19:39:46.674 <- 06 02 00 00 00 00 00 00 00 00 00 00 00 00 00 00 00 00 00 00
19:39:46.676 <- 03 01 88 b1 6a c9 15 00 00 0f 13 00 00 00 01 00 00 48 3f 00  | 2026-09-21 19:39:45
19:39:46.676 <- 13 01 88 b1 6a 96 03 00 00 40 0b 00 00 34 17 00 00 00 00 00  | 2026-09-21 19:39:45
19:39:47.724 <- 03 03 88 b1 6a ca 15 00 00 10 13 00 00 00 01 00 00 48 3f 00  | 2026-09-21 19:39:47
19:39:47.726 <- 13 03 88 b1 6a 96 03 00 00 40 0b 00 00 34 17 00 00 00 00 00  | 2026-09-21 19:39:47
19:39:48.084 <- 03 03 88 b1 6a cb 15 00 00 11 13 00 00 00 01 00 00 48 3f 00  | 2026-09-21 19:39:47
19:39:48.085 <- 13 03 88 b1 6a 96 03 00 00 40 0b 00 00 34 17 00 00 00 00 00  | 2026-09-21 19:39:47
19:39:48.774 <- 03 04 88 b1 6a cc 15 00 00 12 13 00 00 00 01 00 00 48 3f 00  | 2026-09-21 19:39:48
19:39:48.775 <- 13 04 88 b1 6a 96 03 00 00 40 0b 00 00 34 17 00 00 00 00 00  | 2026-09-21 19:39:48
19:39:49.794 <- 03 05 88 b1 6a cd 15 00 00 13 13 00 00 00 01 00 00 48 3f 00  | 2026-09-21 19:39:49
19:39:49.796 <- 13 05 88 b1 6a 96 03 00 00 40 0b 00 00 34 17 00 00 00 00 00  | 2026-09-21 19:39:49
19:39:50.154 <- 03 05 88 b1 6a ce 15 00 00 14 13 00 00 00 01 00 00 48 3f 00  | 2026-09-21 19:39:49
19:39:50.156 <- 13 05 88 b1 6a 96 03 00 00 40 0b 00 00 34 17 00 00 00 00 00  | 2026-09-21 19:39:49
19:39:50.156 <- 06 02 00 00 00 00 00 00 00 00 00 00 00 00 00 00 00 00 00 00
19:39:50.876 <- 03 06 88 b1 6a cf 15 00 00 15 13 00 00 00 01 00 00 48 3f 00  | 2026-09-21 19:39:50
19:39:50.876 <- 13 06 88 b1 6a 96 03 00 00 40 0b 00 00 34 17 00 00 00 00 00  | 2026-09-21 19:39:50
19:39:51.564 <- 03 06 88 b1 6a d0 15 00 00 16 13 00 00 00 01 00 00 48 3f 00  | 2026-09-21 19:39:50
19:39:51.565 <- 13 06 88 b1 6a 96 03 00 00 40 0b 00 00 34 17 00 00 00 00 00  | 2026-09-21 19:39:50
19:39:51.594 <- 03 06 88 b1 6a d1 15 00 00 16 13 00 00 00 01 00 00 48 3f 00  | 2026-09-21 19:39:50
19:39:51.595 <- 13 06 88 b1 6a 96 03 00 00 40 0b 00 00 34 17 00 00 00 00 00  | 2026-09-21 19:39:50
19:39:52.614 <- 03 07 88 b1 6a d2 15 00 00 17 13 00 00 00 01 00 00 48 3f 00  | 2026-09-21 19:39:51
19:39:52.616 <- 13 07 88 b1 6a 96 03 00 00 40 0b 00 00 34 17 00 00 00 00 00  | 2026-09-21 19:39:51
19:39:52.646 <- 03 08 88 b1 6a d3 15 00 00 18 13 00 00 00 01 00 00 48 3f 00  | 2026-09-21 19:39:52
19:39:52.651 <- 13 08 88 b1 6a 96 03 00 00 40 0b 00 00 34 17 00 00 00 00 00  | 2026-09-21 19:39:52
19:39:53.695 <- 03 08 88 b1 6a d4 15 00 00 19 13 00 00 00 01 00 00 48 3f 00  | 2026-09-21 19:39:52
19:39:53.697 <- 13 08 88 b1 6a 96 03 00 00 40 0b 00 00 34 17 00 00 00 00 00  | 2026-09-21 19:39:52
19:39:53.697 <- 06 02 00 00 00 00 00 00 00 00 00 00 00 00 00 00 00 00 00 00
19:39:54.415 <- 03 09 88 b1 6a d5 15 00 00 1a 13 00 00 00 01 00 00 48 3f 00  | 2026-09-21 19:39:53
19:39:54.416 <- 13 09 88 b1 6a 96 03 00 00 40 0b 00 00 34 17 00 00 00 00 00  | 2026-09-21 19:39:53
19:39:54.416 <- 03 09 88 b1 6a d6 15 00 00 1b 13 00 00 00 01 00 00 48 3f 00  | 2026-09-21 19:39:53
19:39:54.444 <- 13 09 88 b1 6a 96 03 00 00 40 0b 00 00 34 17 00 00 00 00 00  | 2026-09-21 19:39:53
19:39:55.134 <- 06 02 00 00 00 00 00 00 00 00 00 00 00 00 00 00 00 00 00 00
19:39:55.135 <- 03 0a 88 b1 6a d7 15 00 00 1c 13 00 00 00 01 00 00 48 3f 00  | 2026-09-21 19:39:54
19:39:55.135 <- 13 0a 88 b1 6a 96 03 00 00 40 0b 00 00 34 17 00 00 00 00 00  | 2026-09-21 19:39:54
19:39:55.194 <- 03 0a 88 b1 6a d8 15 00 00 1d 13 00 00 00 01 00 00 48 3f 00  | 2026-09-21 19:39:54
19:39:55.195 <- 13 0a 88 b1 6a 96 03 00 00 40 0b 00 00 34 17 00 00 00 00 00  | 2026-09-21 19:39:54
19:39:55.914 <- 03 0b 88 b1 6a d9 15 00 00 1d 13 00 00 00 01 00 00 48 3f 00  | 2026-09-21 19:39:55
19:39:55.917 <- 13 0b 88 b1 6a 96 03 00 00 40 0b 00 00 34 17 00 00 00 00 00  | 2026-09-21 19:39:55
19:39:56.604 <- 06 02 00 00 00 00 00 00 00 00 00 00 00 00 00 00 00 00 00 00
19:39:56.605 <- 03 0b 88 b1 6a da 15 00 00 1e 13 00 00 00 01 00 00 48 3f 00  | 2026-09-21 19:39:55
19:39:56.605 <- 13 0b 88 b1 6a 96 03 00 00 40 0b 00 00 34 17 00 00 00 00 00  | 2026-09-21 19:39:55
19:39:56.994 <- 03 0b 88 b1 6a db 15 00 00 1f 13 00 00 01 01 00 00 48 3f 00  | 2026-09-21 19:39:55
19:39:56.997 <- 13 0b 88 b1 6a 96 03 00 00 40 0b 00 00 34 17 00 00 00 00 00  | 2026-09-21 19:39:55
19:39:57.027 <- 03 0c 88 b1 6a dc 15 00 00 20 13 00 00 01 01 00 00 48 3f 00  | 2026-09-21 19:39:56
19:39:57.027 <- 13 0c 88 b1 6a 96 03 00 00 40 0b 00 00 34 17 00 00 00 00 00  | 2026-09-21 19:39:56
19:39:57.714 <- 03 0d 88 b1 6a dd 15 00 00 21 13 00 00 01 01 00 00 48 3f 00  | 2026-09-21 19:39:57
19:39:57.716 <- 13 0d 88 b1 6a 96 03 00 00 40 0b 00 00 34 17 00 00 00 00 00  | 2026-09-21 19:39:57
19:39:58.404 <- 03 0d 88 b1 6a de 15 00 00 22 13 00 00 01 01 00 00 48 3f 00  | 2026-09-21 19:39:57
19:39:58.406 <- 13 0d 88 b1 6a 96 03 00 00 40 0b 00 00 34 17 00 00 00 00 00  | 2026-09-21 19:39:57
19:39:59.094 <- 03 0d 88 b1 6a df 15 00 00 23 13 00 00 01 01 00 00 48 3f 00  | 2026-09-21 19:39:57
19:39:59.095 <- 13 0d 88 b1 6a 96 03 00 00 40 0b 00 00 34 17 00 00 00 00 00  | 2026-09-21 19:39:57
19:39:59.124 <- 03 0e 88 b1 6a e0 15 00 00 24 13 00 00 01 01 00 00 48 3f 00  | 2026-09-21 19:39:58
19:39:59.126 <- 13 0e 88 b1 6a 96 03 00 00 40 0b 00 00 34 17 00 00 00 00 00  | 2026-09-21 19:39:58
19:40:00.145 <- 03 0f 88 b1 6a e1 15 00 00 24 13 00 00 01 01 00 00 48 3f 00  | 2026-09-21 19:39:59
19:40:00.147 <- 13 0f 88 b1 6a 96 03 00 00 40 0b 00 00 34 17 00 00 00 00 00  | 2026-09-21 19:39:59
19:40:00.504 <- 03 10 88 b1 6a e2 15 00 00 25 13 00 00 01 01 00 00 48 3f 00  | 2026-09-21 19:40:00
19:40:00.505 <- 13 10 88 b1 6a 96 03 00 00 40 0b 00 00 34 17 00 00 00 00 00  | 2026-09-21 19:40:00
19:40:01.194 <- 03 10 88 b1 6a e3 15 00 00 26 13 00 00 01 01 00 00 48 3f 00  | 2026-09-21 19:40:00
19:40:01.196 <- 13 10 88 b1 6a 96 03 00 00 40 0b 00 00 34 17 00 00 00 00 00  | 2026-09-21 19:40:00
19:40:01.884 <- 03 10 88 b1 6a e4 15 00 00 27 13 00 00 01 01 00 00 48 3f 00  | 2026-09-21 19:40:00
19:40:01.885 <- 13 10 88 b1 6a 96 03 00 00 40 0b 00 00 34 17 00 00 00 00 00  | 2026-09-21 19:40:00
19:40:02.244 <- 03 11 88 b1 6a e5 15 00 00 28 13 00 00 01 01 00 00 48 3f 00  | 2026-09-21 19:40:01
19:40:02.245 <- 13 11 88 b1 6a 96 03 00 00 40 0b 00 00 34 17 00 00 00 00 00  | 2026-09-21 19:40:01
19:40:02.934 <- 03 12 88 b1 6a e6 15 00 00 29 13 00 00 01 01 00 00 48 3f 00  | 2026-09-21 19:40:02
19:40:02.936 <- 13 12 88 b1 6a 96 03 00 00 40 0b 00 00 34 17 00 00 00 00 00  | 2026-09-21 19:40:02
19:40:02.966 <- 03 12 88 b1 6a e7 15 00 00 2a 13 00 00 01 01 00 00 48 3f 00  | 2026-09-21 19:40:02
19:40:02.966 <- 13 12 88 b1 6a 96 03 00 00 40 0b 00 00 34 17 00 00 00 00 00  | 2026-09-21 19:40:02
19:40:03.984 <- 03 12 88 b1 6a e8 15 00 00 2b 13 00 00 01 01 00 00 48 3f 00  | 2026-09-21 19:40:02
19:40:03.986 <- 13 12 88 b1 6a 96 03 00 00 40 0b 00 00 34 17 00 00 00 00 00  | 2026-09-21 19:40:02
19:40:04.674 <- 03 13 88 b1 6a e9 15 00 00 2b 13 00 00 01 01 00 00 48 3f 00  | 2026-09-21 19:40:03
19:40:04.675 <- 13 13 88 b1 6a 96 03 00 00 40 0b 00 00 34 17 00 00 00 00 00  | 2026-09-21 19:40:03
19:40:04.704 <- 03 14 88 b1 6a ea 15 00 00 2c 13 00 00 01 01 00 00 48 3f 00  | 2026-09-21 19:40:04
19:40:04.706 <- 13 14 88 b1 6a 96 03 00 00 40 0b 00 00 34 17 00 00 00 00 00  | 2026-09-21 19:40:04
19:40:05.724 <- 03 14 88 b1 6a eb 15 00 00 2d 13 00 00 01 01 00 00 48 3f 00  | 2026-09-21 19:40:04
19:40:05.725 <- 13 14 88 b1 6a 96 03 00 00 40 0b 00 00 34 17 00 00 00 00 00  | 2026-09-21 19:40:04
19:40:06.745 <- 03 15 88 b1 6a ec 15 00 00 2e 13 00 00 01 01 00 00 48 3f 00  | 2026-09-21 19:40:05
19:40:06.747 <- 13 15 88 b1 6a 96 03 00 00 40 0b 00 00 34 17 00 00 00 00 00  | 2026-09-21 19:40:05
19:40:07.435 <- 03 16 88 b1 6a ed 15 00 00 2f 13 00 00 01 01 00 00 48 3f 00  | 2026-09-21 19:40:06
19:40:07.437 <- 13 16 88 b1 6a 96 03 00 00 40 0b 00 00 34 17 00 00 00 00 00  | 2026-09-21 19:40:06
19:40:07.466 <- 03 16 88 b1 6a ee 15 00 00 30 13 00 00 01 01 00 00 48 3f 00  | 2026-09-21 19:40:06
19:40:07.466 <- 13 16 88 b1 6a 96 03 00 00 40 0b 00 00 34 17 00 00 00 00 00  | 2026-09-21 19:40:06
19:40:08.484 <- 03 17 88 b1 6a ef 15 00 00 31 13 00 00 01 01 00 00 48 3f 00  | 2026-09-21 19:40:07
19:40:08.544 <- 13 17 88 b1 6a 96 03 00 00 40 0b 00 00 34 17 00 00 00 00 00  | 2026-09-21 19:40:07
19:40:09.415 <- 03 18 88 b1 6a f0 15 00 00 32 13 00 00 01 01 00 00 48 3f 00  | 2026-09-21 19:40:08
19:40:09.416 <- 13 18 88 b1 6a 96 03 00 00 40 0b 00 00 34 17 00 00 00 00 00  | 2026-09-21 19:40:08
19:40:10.105 <- 03 18 88 b1 6a f1 15 00 00 32 13 00 00 02 01 00 00 48 3f 00  | 2026-09-21 19:40:08
19:40:10.106 <- 13 18 88 b1 6a 96 03 00 00 40 0b 00 00 34 17 00 00 00 00 00  | 2026-09-21 19:40:08
19:40:10.135 <- 03 19 88 b1 6a f2 15 00 00 33 13 00 00 02 01 00 00 48 3f 00  | 2026-09-21 19:40:09
19:40:10.135 <- 13 19 88 b1 6a 96 03 00 00 40 0b 00 00 34 17 00 00 00 00 00  | 2026-09-21 19:40:09
19:40:10.855 <- 06 02 00 00 00 00 00 00 00 00 00 00 00 00 00 00 00 00 00 00
19:40:10.856 <- 03 1a 88 b1 6a f3 15 00 00 34 13 00 00 02 01 00 00 48 3f 00  | 2026-09-21 19:40:10
19:40:10.856 <- 13 1a 88 b1 6a 96 03 00 00 40 0b 00 00 34 17 00 00 00 00 00  | 2026-09-21 19:40:10
19:40:11.335 <- 03 1a 88 b1 6a f4 15 00 00 35 13 00 00 02 01 00 00 48 3f 00  | 2026-09-21 19:40:10
19:40:11.337 <- 13 1a 88 b1 6a 96 03 00 00 40 0b 00 00 34 17 00 00 00 00 00  | 2026-09-21 19:40:10
19:40:12.355 <- 03 1b 88 b1 6a f5 15 00 00 36 13 00 00 02 01 00 00 48 3f 00  | 2026-09-21 19:40:11
19:40:12.357 <- 13 1b 88 b1 6a 96 03 00 00 40 0b 00 00 34 17 00 00 00 00 00  | 2026-09-21 19:40:11
19:40:12.386 <- 03 1b 88 b1 6a f6 15 00 00 37 13 00 00 02 01 00 00 48 3f 00  | 2026-09-21 19:40:11
19:40:12.386 <- 13 1b 88 b1 6a 97 03 00 00 40 0b 00 00 34 17 00 00 00 00 00  | 2026-09-21 19:40:11
19:40:13.404 <- 03 1c 88 b1 6a f7 15 00 00 38 13 00 00 02 01 00 00 48 3f 00  | 2026-09-21 19:40:12
19:40:13.406 <- 13 1c 88 b1 6a 98 03 00 00 40 0b 00 00 34 17 00 00 00 00 00  | 2026-09-21 19:40:12
19:40:14.094 <- 06 02 00 00 00 00 00 00 00 00 00 00 00 00 00 00 00 00 00 00
19:40:14.096 <- 03 1d 88 b1 6a f8 15 00 00 39 13 00 00 02 01 00 00 48 3f 00  | 2026-09-21 19:40:13
19:40:14.096 <- 13 1d 88 b1 6a 99 03 00 00 40 0b 00 00 34 17 00 00 00 00 00  | 2026-09-21 19:40:13
19:40:14.814 <- 03 1d 88 b1 6a f9 15 00 00 39 13 00 00 02 01 00 00 48 3f 00  | 2026-09-21 19:40:13
19:40:14.816 <- 13 1d 88 b1 6a 99 03 00 00 40 0b 00 00 34 17 00 00 00 00 00  | 2026-09-21 19:40:13
19:40:15.504 <- 03 1e 88 b1 6a fa 15 00 00 3a 13 00 00 02 01 00 00 48 3f 00  | 2026-09-21 19:40:14
19:40:15.506 <- 13 1e 88 b1 6a 99 03 00 00 40 0b 00 00 34 17 00 00 00 00 00  | 2026-09-21 19:40:14
19:40:15.624 <- 03 1f 88 b1 6a fb 15 00 00 3b 13 00 00 02 01 00 00 48 3f 00  | 2026-09-21 19:40:15
19:40:15.626 <- 13 1f 88 b1 6a 99 03 00 00 40 0b 00 00 34 17 00 00 00 00 00  | 2026-09-21 19:40:15
19:40:16.675 <- 03 20 88 b1 6a fc 15 00 00 3c 13 00 00 02 01 00 00 48 3f 00  | 2026-09-21 19:40:16
19:40:16.677 <- 13 20 88 b1 6a 99 03 00 00 40 0b 00 00 34 17 00 00 00 00 00  | 2026-09-21 19:40:16
19:40:17.034 <- 03 20 88 b1 6a fd 15 00 00 3d 13 00 00 02 01 00 00 48 3f 00  | 2026-09-21 19:40:16
19:40:17.036 <- 13 20 88 b1 6a 99 03 00 00 40 0b 00 00 34 17 00 00 00 00 00  | 2026-09-21 19:40:16
19:40:17.724 <- 03 20 88 b1 6a fe 15 00 00 3e 13 00 00 02 01 00 00 48 3f 00  | 2026-09-21 19:40:16
19:40:17.726 <- 13 20 88 b1 6a 99 03 00 00 40 0b 00 00 34 17 00 00 00 00 00  | 2026-09-21 19:40:16
19:40:17.754 <- 03 20 88 b1 6a ff 15 00 00 3f 13 00 00 02 01 00 00 48 3f 00  | 2026-09-21 19:40:16
19:40:17.756 <- 13 20 88 b1 6a 99 03 00 00 40 0b 00 00 34 17 00 00 00 00 00  | 2026-09-21 19:40:16
19:40:18.774 <- 03 21 88 b1 6a 00 16 00 00 40 13 00 00 02 01 00 00 48 3f 00  | 2026-09-21 19:40:17
19:40:18.776 <- 13 21 88 b1 6a 99 03 00 00 40 0b 00 00 34 17 00 00 00 00 00  | 2026-09-21 19:40:17
19:40:19.135 <- 03 22 88 b1 6a 01 16 00 00 40 13 00 00 02 01 00 00 48 3f 00  | 2026-09-21 19:40:18
19:40:19.136 <- 13 22 88 b1 6a 99 03 00 00 40 0b 00 00 34 17 00 00 00 00 00  | 2026-09-21 19:40:18
19:40:19.825 <- 03 23 88 b1 6a 02 16 00 00 41 13 00 00 02 01 00 00 48 3f 00  | 2026-09-21 19:40:19
19:40:19.827 <- 13 23 88 b1 6a 99 03 00 00 40 0b 00 00 34 17 00 00 00 00 00  | 2026-09-21 19:40:19
19:40:20.514 <- 03 23 88 b1 6a 03 16 00 00 42 13 00 00 02 01 00 00 48 3f 00  | 2026-09-21 19:40:19
19:40:20.516 <- 13 23 88 b1 6a 99 03 00 00 40 0b 00 00 34 17 00 00 00 00 00  | 2026-09-21 19:40:19
19:40:21.204 <- 03 24 88 b1 6a 04 16 00 00 43 13 00 00 02 01 00 00 48 3f 00  | 2026-09-21 19:40:20
19:40:21.206 <- 13 24 88 b1 6a 99 03 00 00 40 0b 00 00 34 17 00 00 00 00 00  | 2026-09-21 19:40:20
19:40:21.564 <- 03 24 88 b1 6a 05 16 00 00 44 13 00 00 02 01 00 00 48 3f 00  | 2026-09-21 19:40:20
19:40:21.566 <- 13 24 88 b1 6a 99 03 00 00 40 0b 00 00 34 17 00 00 00 00 00  | 2026-09-21 19:40:20
19:40:21.594 <- 03 25 88 b1 6a 06 16 00 00 45 13 00 00 02 01 00 00 48 3f 00  | 2026-09-21 19:40:21
19:40:21.596 <- 13 25 88 b1 6a 99 03 00 00 40 0b 00 00 34 17 00 00 00 00 00  | 2026-09-21 19:40:21
19:40:22.615 <- 03 25 88 b1 6a 07 16 00 00 46 13 00 00 03 01 00 00 48 3f 00  | 2026-09-21 19:40:21
19:40:22.617 <- 13 25 88 b1 6a 99 03 00 00 40 0b 00 00 34 17 00 00 00 00 00  | 2026-09-21 19:40:21
19:40:22.646 <- 03 25 88 b1 6a 08 16 00 00 47 13 00 00 03 01 00 00 48 3f 00  | 2026-09-21 19:40:21
19:40:22.646 <- 13 25 88 b1 6a 99 03 00 00 40 0b 00 00 34 17 00 00 00 00 00  | 2026-09-21 19:40:21
19:40:24.025 <- 03 27 88 b1 6a 09 16 00 00 47 13 00 00 03 01 00 00 48 3f 00  | 2026-09-21 19:40:23
19:40:24.026 <- 13 27 88 b1 6a 99 03 00 00 40 0b 00 00 34 17 00 00 00 00 00  | 2026-09-21 19:40:23
19:40:24.057 <- 06 02 00 00 00 00 00 00 00 00 00 00 00 00 00 00 00 00 00 00
19:40:24.057 <- 03 27 88 b1 6a 0a 16 00 00 48 13 00 00 03 01 00 00 48 3f 00  | 2026-09-21 19:40:23
19:40:24.057 <- 13 27 88 b1 6a 99 03 00 00 40 0b 00 00 34 17 00 00 00 00 00  | 2026-09-21 19:40:23
19:40:25.105 <- 03 28 88 b1 6a 0b 16 00 00 49 13 00 00 03 01 00 00 48 3f 00  | 2026-09-21 19:40:24
19:40:25.106 <- 13 28 88 b1 6a 99 03 00 00 40 0b 00 00 34 17 00 00 00 00 00  | 2026-09-21 19:40:24
19:40:25.106 <- 03 28 88 b1 6a 0c 16 00 00 4a 13 00 00 03 01 00 00 48 3f 00  | 2026-09-21 19:40:24
19:40:25.134 <- 13 28 88 b1 6a 99 03 00 00 40 0b 00 00 34 17 00 00 00 00 00  | 2026-09-21 19:40:24
19:40:26.154 <- 03 29 88 b1 6a 0d 16 00 00 4b 13 00 00 03 01 00 00 48 3f 00  | 2026-09-21 19:40:25
19:40:26.156 <- 13 29 88 b1 6a 99 03 00 00 40 0b 00 00 34 17 00 00 00 00 00  | 2026-09-21 19:40:25
19:40:26.845 <- 03 2a 88 b1 6a 0e 16 00 00 4c 13 00 00 03 01 00 00 48 3f 00  | 2026-09-21 19:40:26
19:40:26.847 <- 13 2a 88 b1 6a 99 03 00 00 40 0b 00 00 34 17 00 00 00 00 00  | 2026-09-21 19:40:26
19:40:26.877 <- 03 2a 88 b1 6a 0f 16 00 00 4d 13 00 00 03 01 00 00 48 3f 00  | 2026-09-21 19:40:26
19:40:26.877 <- 13 2a 88 b1 6a 99 03 00 00 40 0b 00 00 34 17 00 00 00 00 00  | 2026-09-21 19:40:26
19:40:28.225 <- 03 2b 88 b1 6a 10 16 00 00 4e 13 00 00 03 01 00 00 48 3f 00  | 2026-09-21 19:40:27
19:40:28.226 <- 13 2b 88 b1 6a 99 03 00 00 40 0b 00 00 34 17 00 00 00 00 00  | 2026-09-21 19:40:27
19:40:28.914 <- 03 2c 88 b1 6a 11 16 00 00 4e 13 00 00 03 01 00 00 48 3f 00  | 2026-09-21 19:40:28
19:40:28.916 <- 13 2c 88 b1 6a 99 03 00 00 40 0b 00 00 34 17 00 00 00 00 00  | 2026-09-21 19:40:28
19:40:29.935 <- 03 2c 88 b1 6a 12 16 00 00 4f 13 00 00 03 01 00 00 48 3f 00  | 2026-09-21 19:40:28
19:40:29.936 <- 13 2c 88 b1 6a 99 03 00 00 40 0b 00 00 34 17 00 00 00 00 00  | 2026-09-21 19:40:28
19:40:30.655 <- 03 2d 88 b1 6a 13 16 00 00 50 13 00 00 03 01 00 00 48 3f 00  | 2026-09-21 19:40:29
19:40:30.657 <- 13 2d 88 b1 6a 99 03 00 00 40 0b 00 00 34 17 00 00 00 00 00  | 2026-09-21 19:40:29
19:40:31.344 <- 03 2e 88 b1 6a 14 16 00 00 51 13 00 00 03 01 00 00 48 3f 00  | 2026-09-21 19:40:30
19:40:31.346 <- 13 2e 88 b1 6a 99 03 00 00 40 0b 00 00 34 17 00 00 00 00 00  | 2026-09-21 19:40:30
19:40:32.365 <- 03 2f 88 b1 6a 15 16 00 00 52 13 00 00 03 01 00 00 48 3f 00  | 2026-09-21 19:40:31
19:40:32.367 <- 13 2f 88 b1 6a 99 03 00 00 40 0b 00 00 34 17 00 00 00 00 00  | 2026-09-21 19:40:31
19:40:33.385 <- 03 30 88 b1 6a 16 16 00 00 53 13 00 00 03 01 00 00 48 3f 00  | 2026-09-21 19:40:32
19:40:33.387 <- 13 30 88 b1 6a 99 03 00 00 40 0b 00 00 34 17 00 00 00 00 00  | 2026-09-21 19:40:32
19:40:34.074 <- 03 31 88 b1 6a 17 16 00 00 54 13 00 00 03 01 00 00 48 3f 00  | 2026-09-21 19:40:33
19:40:34.076 <- 13 31 88 b1 6a 99 03 00 00 40 0b 00 00 34 17 00 00 00 00 00  | 2026-09-21 19:40:33
19:40:34.106 <- 03 31 88 b1 6a 18 16 00 00 55 13 00 00 03 01 00 00 48 3f 00  | 2026-09-21 19:40:33
19:40:34.107 <- 13 31 88 b1 6a 99 03 00 00 40 0b 00 00 34 17 00 00 00 00 00  | 2026-09-21 19:40:33
19:40:34.795 <- 06 02 00 00 00 00 00 00 00 00 00 00 00 00 00 00 00 00 00 00
19:40:34.797 <- 03 32 88 b1 6a 19 16 00 00 55 13 00 00 03 01 00 00 48 3f 00  | 2026-09-21 19:40:34
19:40:34.797 <- 13 32 88 b1 6a 99 03 00 00 40 0b 00 00 34 17 00 00 00 00 00  | 2026-09-21 19:40:34
19:40:40.975 <- 06 02 00 00 00 00 00 00 00 00 00 00 00 00 00 00 00 00 00 00
19:40:41.665 <- 06 02 00 00 00 00 00 00 00 00 00 00 00 00 00 00 00 00 00 00
19:40:42.685 <- 06 02 00 00 00 00 00 00 00 00 00 00 00 00 00 00 00 00 00 00
19:40:44.035 <- 06 02 00 00 00 00 00 00 00 00 00 00 00 00 00 00 00 00 00 00
19:40:45.385 <- 03 3c 88 b1 6a 2b 16 00 00 65 13 00 00 04 01 00 00 48 3f 00  | 2026-09-21 19:40:44
19:40:45.386 <- 13 3c 88 b1 6a ab 03 00 00 40 0b 00 00 34 17 00 00 00 00 00  | 2026-09-21 19:40:44
19:40:46.075 <- 03 3d 88 b1 6a 2c 16 00 00 66 13 00 00 04 01 00 00 48 3f 00  | 2026-09-21 19:40:45
19:40:46.077 <- 13 3d 88 b1 6a ac 03 00 00 40 0b 00 00 34 17 00 00 00 00 00  | 2026-09-21 19:40:45
19:40:51.595 <- 06 02 00 00 00 00 00 00 00 00 00 00 00 00 00 00 00 00 00 00
19:40:57.295 <- 03 48 88 b1 6a 3e 16 00 00 76 13 00 00 05 01 00 00 48 3f 00  | 2026-09-21 19:40:56
19:40:57.296 <- 13 48 88 b1 6a ac 03 00 00 40 0b 00 00 34 17 00 00 00 00 00  | 2026-09-21 19:40:56
19:40:57.324 <- 03 48 88 b1 6a 3f 16 00 00 77 13 00 00 05 01 00 00 48 3f 00  | 2026-09-21 19:40:56
19:40:57.326 <- 13 48 88 b1 6a ac 03 00 00 40 0b 00 00 34 17 00 00 00 00 00  | 2026-09-21 19:40:56
19:40:58.344 <- 03 49 88 b1 6a 40 16 00 00 78 13 00 00 05 01 00 00 48 3f 00  | 2026-09-21 19:40:57
19:40:58.347 <- 13 49 88 b1 6a ac 03 00 00 40 0b 00 00 34 17 00 00 00 00 00  | 2026-09-21 19:40:57
19:40:58.347 <- 06 02 00 00 00 00 00 00 00 00 00 00 00 00 00 00 00 00 00 00
19:40:58.434 <- 03 49 88 b1 6a 41 16 00 00 78 13 00 00 05 01 00 00 48 3f 00  | 2026-09-21 19:40:57
19:40:58.437 <- 13 49 88 b1 6a ac 03 00 00 40 0b 00 00 34 17 00 00 00 00 00  | 2026-09-21 19:40:57
19:40:58.825 <- 03 4a 88 b1 6a 42 16 00 00 79 13 00 00 05 01 00 00 48 3f 00  | 2026-09-21 19:40:58
19:40:58.826 <- 13 4a 88 b1 6a ac 03 00 00 40 0b 00 00 34 17 00 00 00 00 00  | 2026-09-21 19:40:58
19:40:59.364 <- 03 4a 88 b1 6a 43 16 00 00 7a 13 00 00 05 01 00 00 48 3f 00  | 2026-09-21 19:40:58
19:40:59.366 <- 13 4a 88 b1 6a ac 03 00 00 40 0b 00 00 34 17 00 00 00 00 00  | 2026-09-21 19:40:58
19:41:00.385 <- 03 4b 88 b1 6a 44 16 00 00 7b 13 00 00 05 01 00 00 48 3f 00  | 2026-09-21 19:40:59
19:41:00.386 <- 13 4b 88 b1 6a ac 03 00 00 40 0b 00 00 34 17 00 00 00 00 00  | 2026-09-21 19:40:59
19:41:01.105 <- 03 4c 88 b1 6a 45 16 00 00 7c 13 00 00 05 01 00 00 48 3f 00  | 2026-09-21 19:41:00
19:41:01.107 <- 13 4c 88 b1 6a ac 03 00 00 40 0b 00 00 34 17 00 00 00 00 00  | 2026-09-21 19:41:00
19:41:01.107 <- 03 4c 88 b1 6a 46 16 00 00 7d 13 00 00 05 01 00 00 48 3f 00  | 2026-09-21 19:41:00
19:41:01.137 <- 13 4c 88 b1 6a ac 03 00 00 40 0b 00 00 34 17 00 00 00 00 00  | 2026-09-21 19:41:00
19:41:01.824 <- 03 4d 88 b1 6a 47 16 00 00 7e 13 00 00 05 01 00 00 48 3f 00  | 2026-09-21 19:41:01
19:41:01.826 <- 13 4d 88 b1 6a ac 03 00 00 40 0b 00 00 34 17 00 00 00 00 00  | 2026-09-21 19:41:01
19:41:01.826 <- 03 4d 88 b1 6a 48 16 00 00 7f 13 00 00 06 01 00 00 48 3f 00  | 2026-09-21 19:41:01
19:41:01.854 <- 13 4d 88 b1 6a ac 03 00 00 40 0b 00 00 34 17 00 00 00 00 00  | 2026-09-21 19:41:01
19:41:01.915 <- 03 4d 88 b1 6a 49 16 00 00 7f 13 00 00 06 01 00 00 48 3f 00  | 2026-09-21 19:41:01
19:41:01.917 <- 13 4d 88 b1 6a ac 03 00 00 40 0b 00 00 34 17 00 00 00 00 00  | 2026-09-21 19:41:01
19:41:02.935 <- 06 02 00 00 00 00 00 00 00 00 00 00 00 00 00 00 00 00 00 00
19:41:02.936 <- 03 4d 88 b1 6a 4a 16 00 00 80 13 00 00 06 01 00 00 48 3f 00  | 2026-09-21 19:41:01
19:41:02.936 <- 13 4d 88 b1 6a ac 03 00 00 40 0b 00 00 34 17 00 00 00 00 00  | 2026-09-21 19:41:01
19:41:02.966 <- 03 4e 88 b1 6a 4b 16 00 00 81 13 00 00 06 01 00 00 48 3f 00  | 2026-09-21 19:41:02
19:41:02.966 <- 13 4e 88 b1 6a ac 03 00 00 40 0b 00 00 34 17 00 00 00 00 00  | 2026-09-21 19:41:02
19:41:03.325 <- 03 4e 88 b1 6a 4c 16 00 00 82 13 00 00 06 01 00 00 48 3f 00  | 2026-09-21 19:41:02
19:41:03.327 <- 13 4e 88 b1 6a ac 03 00 00 40 0b 00 00 34 17 00 00 00 00 00  | 2026-09-21 19:41:02
19:41:04.045 <- 03 4f 88 b1 6a 4d 16 00 00 83 13 00 00 06 01 00 00 48 3f 00  | 2026-09-21 19:41:03
19:41:04.047 <- 13 4f 88 b1 6a ac 03 00 00 40 0b 00 00 34 17 00 00 00 00 00  | 2026-09-21 19:41:03
19:41:04.047 <- 06 02 00 00 00 00 00 00 00 00 00 00 00 00 00 00 00 00 00 00
19:41:04.074 <- 03 4f 88 b1 6a 4e 16 00 00 84 13 00 00 06 01 00 00 48 3f 00  | 2026-09-21 19:41:03
19:41:04.077 <- 13 4f 88 b1 6a ac 03 00 00 40 0b 00 00 34 17 00 00 00 00 00  | 2026-09-21 19:41:03
19:41:04.107 <- 03 4f 88 b1 6a 4f 16 00 00 85 13 00 00 06 01 00 00 48 3f 00  | 2026-09-21 19:41:03
19:41:04.107 <- 13 4f 88 b1 6a ac 03 00 00 40 0b 00 00 34 17 00 00 00 00 00  | 2026-09-21 19:41:03
19:41:05.125 <- 03 50 88 b1 6a 50 16 00 00 86 13 00 00 06 01 00 00 48 3f 00  | 2026-09-21 19:41:04
19:41:05.127 <- 13 50 88 b1 6a ac 03 00 00 40 0b 00 00 34 17 00 00 00 00 00  | 2026-09-21 19:41:04
19:41:05.852 <- 03 50 88 b1 6a 51 16 00 00 86 13 00 00 06 01 00 00 48 3f 00  | 2026-09-21 19:41:04
19:41:05.852 <- 13 50 88 b1 6a ad 03 00 00 40 0b 00 00 34 17 00 00 00 00 00  | 2026-09-21 19:41:04
19:41:05.856 <- 06 02 00 00 00 00 00 00 00 00 00 00 00 00 00 00 00 00 00 00
19:41:05.876 <- 03 51 88 b1 6a 52 16 00 00 87 13 00 00 06 01 00 00 48 3f 00  | 2026-09-21 19:41:05
19:41:05.876 <- 13 51 88 b1 6a ae 03 00 00 40 0b 00 00 34 17 00 00 00 00 00  | 2026-09-21 19:41:05
19:41:07.555 <- 03 52 88 b1 6a 53 16 00 00 88 13 00 00 06 01 00 00 48 3f 00  | 2026-09-21 19:41:06
19:41:07.557 <- 13 52 88 b1 6a ae 03 00 00 40 0b 00 00 34 17 00 00 00 00 00  | 2026-09-21 19:41:06
19:41:07.587 <- 06 02 00 00 00 00 00 00 00 00 00 00 00 00 00 00 00 00 00 00
19:41:07.945 <- 03 52 88 b1 6a 54 16 00 00 89 13 00 00 06 01 00 00 48 3f 00  | 2026-09-21 19:41:06
19:41:07.946 <- 13 52 88 b1 6a ae 03 00 00 40 0b 00 00 34 17 00 00 00 00 00  | 2026-09-21 19:41:06
19:41:08.666 <- 03 54 88 b1 6a 55 16 00 00 8a 13 00 00 06 01 00 00 48 3f 00  | 2026-09-21 19:41:08
19:41:08.668 <- 13 54 88 b1 6a ae 03 00 00 40 0b 00 00 34 17 00 00 00 00 00  | 2026-09-21 19:41:08
19:41:08.668 <- 03 54 88 b1 6a 56 16 00 00 8b 13 00 00 06 01 00 00 48 3f 00  | 2026-09-21 19:41:08
19:41:08.697 <- 13 54 88 b1 6a ae 03 00 00 40 0b 00 00 34 17 00 00 00 00 00  | 2026-09-21 19:41:08
19:41:10.465 <- 06 02 00 00 00 00 00 00 00 00 00 00 00 00 00 00 00 00 00 00
19:41:11.815 <- 06 02 00 00 00 00 00 00 00 00 00 00 00 00 00 00 00 00 00 00
19:41:40.948 <- 06 02 00 00 00 00 00 00 00 00 00 00 00 00 00 00 00 00 00 00
19:41:43.165 <- 06 02 00 00 00 00 00 00 00 00 00 00 00 00 00 00 00 00 00 00
19:41:44.185 <- 06 02 00 00 00 00 00 00 00 00 00 00 00 00 00 00 00 00 00 00
19:41:45.535 <- 06 02 00 00 00 00 00 00 00 00 00 00 00 00 00 00 00 00 00 00
19:41:46.555 <- 06 02 00 00 00 00 00 00 00 00 00 00 00 00 00 00 00 00 00 00
19:41:47.575 <- 06 02 00 00 00 00 00 00 00 00 00 00 00 00 00 00 00 00 00 00
19:41:49.285 <- 06 02 00 00 00 00 00 00 00 00 00 00 00 00 00 00 00 00 00 00
19:41:50.635 <- 06 02 00 00 00 00 00 00 00 00 00 00 00 00 00 00 00 00 00 00
19:41:51.655 <- 06 02 00 00 00 00 00 00 00 00 00 00 00 00 00 00 00 00 00 00
19:41:53.337 <- 03 80 88 b1 6a 68 16 00 00 9b 13 00 00 07 01 00 00 48 3f 00  | 2026-09-21 19:41:52
19:41:53.337 <- 13 80 88 b1 6a ae 03 00 00 40 0b 00 00 34 17 00 00 00 00 00  | 2026-09-21 19:41:52
19:41:54.025 <- 03 80 88 b1 6a 69 16 00 00 9b 13 00 00 07 01 00 00 48 3f 00  | 2026-09-21 19:41:52
19:41:54.026 <- 13 80 88 b1 6a ae 03 00 00 40 0b 00 00 34 17 00 00 00 00 00  | 2026-09-21 19:41:52
19:41:55.045 <- 03 82 88 b1 6a 6a 16 00 00 9c 13 00 00 07 01 00 00 48 3f 00  | 2026-09-21 19:41:54
19:41:55.047 <- 13 82 88 b1 6a ae 03 00 00 40 0b 00 00 34 17 00 00 00 00 00  | 2026-09-21 19:41:54
19:41:55.735 <- 03 82 88 b1 6a 6b 16 00 00 9d 13 00 00 07 01 00 00 48 3f 00  | 2026-09-21 19:41:54
19:41:55.737 <- 13 82 88 b1 6a ae 03 00 00 40 0b 00 00 34 17 00 00 00 00 00  | 2026-09-21 19:41:54
19:41:56.425 <- 03 83 88 b1 6a 6c 16 00 00 9e 13 00 00 07 01 00 00 48 3f 00  | 2026-09-21 19:41:55
19:41:56.427 <- 13 83 88 b1 6a ae 03 00 00 40 0b 00 00 34 17 00 00 00 00 00  | 2026-09-21 19:41:55
19:41:57.115 <- 03 84 88 b1 6a 6d 16 00 00 9f 13 00 00 07 01 00 00 48 3f 00  | 2026-09-21 19:41:56
19:41:57.118 <- 13 84 88 b1 6a ae 03 00 00 40 0b 00 00 34 17 00 00 00 00 00  | 2026-09-21 19:41:56
19:41:57.147 <- 06 02 00 00 00 00 00 00 00 00 00 00 00 00 00 00 00 00 00 00
19:41:58.195 <- 03 85 88 b1 6a 6e 16 00 00 a0 13 00 00 07 01 00 00 48 3f 00  | 2026-09-21 19:41:57
19:41:58.196 <- 13 85 88 b1 6a ae 03 00 00 40 0b 00 00 34 17 00 00 00 00 00  | 2026-09-21 19:41:57
19:42:02.869 <- 06 02 00 00 00 00 00 00 00 00 00 00 00 00 00 00 00 00 00 00
19:42:04.195 <- 06 02 00 00 00 00 00 00 00 00 00 00 00 00 00 00 00 00 00 00
19:42:05.215 <- 06 02 00 00 00 00 00 00 00 00 00 00 00 00 00 00 00 00 00 00
19:42:06.565 <- 06 02 00 00 00 00 00 00 00 00 00 00 00 00 00 00 00 00 00 00
19:42:07.255 <- 06 02 00 00 00 00 00 00 00 00 00 00 00 00 00 00 00 00 00 00
19:42:11.216 <- 06 02 00 00 00 00 00 00 00 00 00 00 00 00 00 00 00 00 00 00
19:42:12.933 <- 06 02 00 00 00 00 00 00 00 00 00 00 00 00 00 00 00 00 00 00
19:42:16.619 <- 06 02 00 00 00 00 00 00 00 00 00 00 00 00 00 00 00 00 00 00
19:42:17.638 <- 06 02 00 00 00 00 00 00 00 00 00 00 00 00 00 00 00 00 00 00
19:42:19.829 <- 06 02 00 00 00 00 00 00 00 00 00 00 00 00 00 00 00 00 00 00
19:42:21.025 <- 06 02 00 00 00 00 00 00 00 00 00 00 00 00 00 00 00 00 00 00
19:42:22.705 <- 06 02 00 00 00 00 00 00 00 00 00 00 00 00 00 00 00 00 00 00
19:42:23.727 <- 06 02 00 00 00 00 00 00 00 00 00 00 00 00 00 00 00 00 00 00
19:42:25.075 <- 06 02 00 00 00 00 00 00 00 00 00 00 00 00 00 00 00 00 00 00
19:42:35.705 <- 06 02 00 00 00 00 00 00 00 00 00 00 00 00 00 00 00 00 00 00
19:42:46.505 <- 06 02 00 00 00 00 00 00 00 00 00 00 00 00 00 00 00 00 00 00
19:44:10.330 <- 06 02 00 00 00 00 00 00 00 00 00 00 00 00 00 00 00 00 00 00
19:44:18.775 <- 06 02 00 00 00 00 00 00 00 00 00 00 00 00 00 00 00 00 00 00
19:44:22.106 <- 06 02 00 00 00 00 00 00 00 00 00 00 00 00 00 00 00 00 00 00
19:44:48.224 <- 06 02 00 00 00 00 00 00 00 00 00 00 00 00 00 00 00 00 00 00
19:44:49.886 <- 06 02 00 00 00 00 00 00 00 00 00 00 00 00 00 00 00 00 00 00
19:44:57.835 <- 06 02 00 00 00 00 00 00 00 00 00 00 00 00 00 00 00 00 00 00
19:45:10.567 <- 06 02 00 00 00 00 00 00 00 00 00 00 00 00 00 00 00 00 00 00
19:45:11.604 <- 06 02 00 00 00 00 00 00 00 00 00 00 00 00 00 00 00 00 00 00
19:45:16.255 <- 06 02 00 00 00 00 00 00 00 00 00 00 00 00 00 00 00 00 00 00
19:45:37.319 <- 06 02 00 00 00 00 00 00 00 00 00 00 00 00 00 00 00 00 00 00
19:46:20.458 <- 06 02 00 00 00 00 00 00 00 00 00 00 00 00 00 00 00 00 00 00
19:46:24.441 <- 06 02 00 00 00 00 00 00 00 00 00 00 00 00 00 00 00 00 00 00
19:46:33.053 <- 06 02 00 00 00 00 00 00 00 00 00 00 00 00 00 00 00 00 00 00
19:46:42.201 <- 06 02 00 00 00 00 00 00 00 00 00 00 00 00 00 00 00 00 00 00
19:46:48.171 <- 06 02 00 00 00 00 00 00 00 00 00 00 00 00 00 00 00 00 00 00
19:47:01.535 <- 06 02 00 00 00 00 00 00 00 00 00 00 00 00 00 00 00 00 00 00
19:47:03.860 <- 06 02 00 00 00 00 00 00 00 00 00 00 00 00 00 00 00 00 00 00
19:47:07.851 <- 06 02 00 00 00 00 00 00 00 00 00 00 00 00 00 00 00 00 00 00
19:47:08.543 <- 06 02 00 00 00 00 00 00 00 00 00 00 00 00 00 00 00 00 00 00
19:47:10.553 <- 06 02 00 00 00 00 00 00 00 00 00 00 00 00 00 00 00 00 00 00
19:47:12.233 <- 06 02 00 00 00 00 00 00 00 00 00 00 00 00 00 00 00 00 00 00
19:47:14.903 <- 06 02 00 00 00 00 00 00 00 00 00 00 00 00 00 00 00 00 00 00
19:47:17.573 <- 06 02 00 00 00 00 00 00 00 00 00 00 00 00 00 00 00 00 00 00
19:47:22.880 <- 06 02 00 00 00 00 00 00 00 00 00 00 00 00 00 00 00 00 00 00
19:47:28.070 <- 06 02 00 00 00 00 00 00 00 00 00 00 00 00 00 00 00 00 00 00
19:47:49.257 <- 06 02 00 00 00 00 00 00 00 00 00 00 00 00 00 00 00 00 00 00
19:47:51.950 <- 06 02 00 00 00 00 00 00 00 00 00 00 00 00 00 00 00 00 00 00
19:47:57.772 <- 06 02 00 00 00 00 00 00 00 00 00 00 00 00 00 00 00 00 00 00
19:48:03.442 <- 06 02 00 00 00 00 00 00 00 00 00 00 00 00 00 00 00 00 00 00
19:48:06.772 <- 06 02 00 00 00 00 00 00 00 00 00 00 00 00 00 00 00 00 00 00
19:48:08.122 <- 06 02 00 00 00 00 00 00 00 00 00 00 00 00 00 00 00 00 00 00
19:48:09.802 <- 06 02 00 00 00 00 00 00 00 00 00 00 00 00 00 00 00 00 00 00
19:48:10.852 <- 06 02 00 00 00 00 00 00 00 00 00 00 00 00 00 00 00 00 00 00
19:48:11.543 <- 06 02 00 00 00 00 00 00 00 00 00 00 00 00 00 00 00 00 00 00
19:48:12.922 <- 06 02 00 00 00 00 00 00 00 00 00 00 00 00 00 00 00 00 00 00
19:48:14.273 <- 06 02 00 00 00 00 00 00 00 00 00 00 00 00 00 00 00 00 00 00
19:48:15.952 <- 06 02 00 00 00 00 00 00 00 00 00 00 00 00 00 00 00 00 00 00
19:48:19.280 <- 06 02 00 00 00 00 00 00 00 00 00 00 00 00 00 00 00 00 00 00
19:48:24.920 <- 06 02 00 00 00 00 00 00 00 00 00 00 00 00 00 00 00 00 00 00
19:48:27.139 <- 06 02 00 00 00 00 00 00 00 00 00 00 00 00 00 00 00 00 00 00
19:48:29.362 <- 06 02 00 00 00 00 00 00 00 00 00 00 00 00 00 00 00 00 00 00
19:48:32.359 <- 06 02 00 00 00 00 00 00 00 00 00 00 00 00 00 00 00 00 00 00
19:48:37.009 <- 06 02 00 00 00 00 00 00 00 00 00 00 00 00 00 00 00 00 00 00
19:48:39.349 <- 06 02 00 00 00 00 00 00 00 00 00 00 00 00 00 00 00 00 00 00
19:48:43.009 <- 06 02 00 00 00 00 00 00 00 00 00 00 00 00 00 00 00 00 00 00
19:49:08.189 <- 06 02 00 00 00 00 00 00 00 00 00 00 00 00 00 00 00 00 00 00
19:49:17.788 <- 06 02 00 00 00 00 00 00 00 00 00 00 00 00 00 00 00 00 00 00
19:49:26.599 <- 06 02 00 00 00 00 00 00 00 00 00 00 00 00 00 00 00 00 00 00
19:49:30.259 <- 06 02 00 00 00 00 00 00 00 00 00 00 00 00 00 00 00 00 00 00
19:49:35.899 <- 06 02 00 00 00 00 00 00 00 00 00 00 00 00 00 00 00 00 00 00
19:49:38.569 <- 06 02 00 00 00 00 00 00 00 00 00 00 00 00 00 00 00 00 00 00
19:49:39.259 <- 06 02 00 00 00 00 00 00 00 00 00 00 00 00 00 00 00 00 00 00
19:49:43.909 <- 06 02 00 00 00 00 00 00 00 00 00 00 00 00 00 00 00 00 00 00
19:49:47.572 <- 06 02 00 00 00 00 00 00 00 00 00 00 00 00 00 00 00 00 00 00
19:49:48.922 <- 06 02 00 00 00 00 00 00 00 00 00 00 00 00 00 00 00 00 00 00
19:49:54.229 <- 06 02 00 00 00 00 00 00 00 00 00 00 00 00 00 00 00 00 00 00
19:49:55.699 <- 06 02 00 00 00 00 00 00 00 00 00 00 00 00 00 00 00 00 00 00
19:49:57.409 <- 06 02 00 00 00 00 00 00 00 00 00 00 00 00 00 00 00 00 00 00
19:50:00.409 <- 06 02 00 00 00 00 00 00 00 00 00 00 00 00 00 00 00 00 00 00
19:50:01.459 <- 06 02 00 00 00 00 00 00 00 00 00 00 00 00 00 00 00 00 00 00
19:50:03.949 <- 06 02 00 00 00 00 00 00 00 00 00 00 00 00 00 00 00 00 00 00
19:50:05.959 <- 06 02 00 00 00 00 00 00 00 00 00 00 00 00 00 00 00 00 00 00
19:50:08.959 <- 06 02 00 00 00 00 00 00 00 00 00 00 00 00 00 00 00 00 00 00
19:50:14.599 <- 06 02 00 00 00 00 00 00 00 00 00 00 00 00 00 00 00 00 00 00
19:50:15.949 <- 06 02 00 00 00 00 00 00 00 00 00 00 00 00 00 00 00 00 00 00
19:50:17.299 <- 06 02 00 00 00 00 00 00 00 00 00 00 00 00 00 00 00 00 00 00
19:50:19.639 <- 06 02 00 00 00 00 00 00 00 00 00 00 00 00 00 00 00 00 00 00
19:50:22.339 <- 06 02 00 00 00 00 00 00 00 00 00 00 00 00 00 00 00 00 00 00
19:50:38.755 <- 06 02 00 00 00 00 00 00 00 00 00 00 00 00 00 00 00 00 00 00
19:50:39.768 <- 06 02 00 00 00 00 00 00 00 00 00 00 00 00 00 00 00 00 00 00
19:50:40.819 <- 06 02 00 00 00 00 00 00 00 00 00 00 00 00 00 00 00 00 00 00
19:51:02.516 <- 06 02 00 00 00 00 00 00 00 00 00 00 00 00 00 00 00 00 00 00
19:51:03.198 <- 06 02 00 00 00 00 00 00 00 00 00 00 00 00 00 00 00 00 00 00
19:51:04.548 <- 06 02 00 00 00 00 00 00 00 00 00 00 00 00 00 00 00 00 00 00
19:51:06.889 <- 06 02 00 00 00 00 00 00 00 00 00 00 00 00 00 00 00 00 00 00
19:51:17.514 <- 06 02 00 00 00 00 00 00 00 00 00 00 00 00 00 00 00 00 00 00
19:51:20.508 <- 06 02 00 00 00 00 00 00 00 00 00 00 00 00 00 00 00 00 00 00
19:51:22.908 <- 06 02 00 00 00 00 00 00 00 00 00 00 00 00 00 00 00 00 00 00
19:51:24.258 <- 06 02 00 00 00 00 00 00 00 00 00 00 00 00 00 00 00 00 00 00
19:51:27.258 <- 06 02 00 00 00 00 00 00 00 00 00 00 00 00 00 00 00 00 00 00
19:51:27.978 <- 06 02 00 00 00 00 00 00 00 00 00 00 00 00 00 00 00 00 00 00
19:51:31.608 <- 06 02 00 00 00 00 00 00 00 00 00 00 00 00 00 00 00 00 00 00
19:51:38.089 <- 06 02 00 00 00 00 00 00 00 00 00 00 00 00 00 00 00 00 00 00
19:51:41.118 <- 06 02 00 00 00 00 00 00 00 00 00 00 00 00 00 00 00 00 00 00
19:51:42.498 <- 06 02 00 00 00 00 00 00 00 00 00 00 00 00 00 00 00 00 00 00
19:51:44.178 <- 06 02 00 00 00 00 00 00 00 00 00 00 00 00 00 00 00 00 00 00
19:51:45.198 <- 06 02 00 00 00 00 00 00 00 00 00 00 00 00 00 00 00 00 00 00
19:51:46.218 <- 06 02 00 00 00 00 00 00 00 00 00 00 00 00 00 00 00 00 00 00
19:51:47.928 <- 06 02 00 00 00 00 00 00 00 00 00 00 00 00 00 00 00 00 00 00
19:51:49.338 <- 06 02 00 00 00 00 00 00 00 00 00 00 00 00 00 00 00 00 00 00
19:51:55.999 <- 06 02 00 00 00 00 00 00 00 00 00 00 00 00 00 00 00 00 00 00
19:51:58.968 <- 06 02 00 00 00 00 00 00 00 00 00 00 00 00 00 00 00 00 00 00
19:52:00.678 <- 06 02 00 00 00 00 00 00 00 00 00 00 00 00 00 00 00 00 00 00
19:52:04.338 <- 06 02 00 00 00 00 00 00 00 00 00 00 00 00 00 00 00 00 00 00
19:52:05.718 <- 03 e4 8a b1 6a 80 16 00 00 b0 13 00 00 08 01 00 00 48 3f 00  | 2026-09-21 19:52:04
19:52:05.719 <- 13 e4 8a b1 6a ae 03 00 00 b8 0b 00 00 e8 17 00 00 00 00 00  | 2026-09-21 19:52:04
19:52:06.408 <- 03 e5 8a b1 6a 81 16 00 00 b0 13 00 00 08 01 00 00 48 3f 00  | 2026-09-21 19:52:05
19:52:06.410 <- 13 e5 8a b1 6a ae 03 00 00 b8 0b 00 00 e8 17 00 00 00 00 00  | 2026-09-21 19:52:05
19:52:07.189 <- 03 e6 8a b1 6a 82 16 00 00 b1 13 00 00 08 01 00 00 48 3f 00  | 2026-09-21 19:52:06
19:52:07.190 <- 13 e6 8a b1 6a ae 03 00 00 b8 0b 00 00 e8 17 00 00 00 00 00  | 2026-09-21 19:52:06
19:52:07.190 <- 03 e6 8a b1 6a 83 16 00 00 b2 13 00 00 08 01 00 00 48 3f 00  | 2026-09-21 19:52:06
19:52:07.219 <- 13 e6 8a b1 6a ae 03 00 00 b8 0b 00 00 e8 17 00 00 00 00 00  | 2026-09-21 19:52:06
19:52:07.219 <- 06 02 00 00 00 00 00 00 00 00 00 00 00 00 00 00 00 00 00 00
19:52:07.219 <- 03 e6 8a b1 6a 84 16 00 00 b3 13 00 00 08 01 00 00 48 3f 00  | 2026-09-21 19:52:06
19:52:07.278 <- 13 e6 8a b1 6a ae 03 00 00 b8 0b 00 00 e8 17 00 00 00 00 00  | 2026-09-21 19:52:06
19:52:08.660 <- 03 e8 8a b1 6a 85 16 00 00 b4 13 00 00 08 01 00 00 48 3f 00  | 2026-09-21 19:52:08
19:52:08.660 <- 13 e8 8a b1 6a ae 03 00 00 b8 0b 00 00 e8 17 00 00 00 00 00  | 2026-09-21 19:52:08
19:52:08.660 <- 06 02 00 00 00 00 00 00 00 00 00 00 00 00 00 00 00 00 00 00
19:52:08.718 <- 03 e8 8a b1 6a 86 16 00 00 b5 13 00 00 08 01 00 00 48 3f 00  | 2026-09-21 19:52:08
19:52:08.719 <- 13 e8 8a b1 6a ae 03 00 00 b8 0b 00 00 e8 17 00 00 00 00 00  | 2026-09-21 19:52:08
19:52:09.408 <- 03 e8 8a b1 6a 87 16 00 00 b6 13 00 00 08 01 00 00 48 3f 00  | 2026-09-21 19:52:08
19:52:09.409 <- 13 e8 8a b1 6a ae 03 00 00 b8 0b 00 00 e8 17 00 00 00 00 00  | 2026-09-21 19:52:08
19:52:10.098 <- 03 e8 8a b1 6a 88 16 00 00 b7 13 00 00 08 01 00 00 48 3f 00  | 2026-09-21 19:52:08
19:52:10.100 <- 13 e8 8a b1 6a ae 03 00 00 b8 0b 00 00 e8 17 00 00 00 00 00  | 2026-09-21 19:52:08
19:52:10.878 <- 06 02 00 00 00 00 00 00 00 00 00 00 00 00 00 00 00 00 00 00
19:52:10.879 <- 03 ea 8a b1 6a 89 16 00 00 b7 13 00 00 09 01 00 00 48 3f 00  | 2026-09-21 19:52:10
19:52:10.879 <- 13 ea 8a b1 6a ae 03 00 00 b8 0b 00 00 e8 17 00 00 00 00 00  | 2026-09-21 19:52:10
19:52:10.908 <- 03 ea 8a b1 6a 8a 16 00 00 b8 13 00 00 09 01 00 00 48 3f 00  | 2026-09-21 19:52:10
19:52:10.909 <- 13 ea 8a b1 6a ae 03 00 00 b8 0b 00 00 e8 17 00 00 00 00 00  | 2026-09-21 19:52:10
19:52:11.928 <- 03 eb 8a b1 6a 8b 16 00 00 b9 13 00 00 09 01 00 00 48 3f 00  | 2026-09-21 19:52:11
19:52:11.958 <- 13 eb 8a b1 6a ae 03 00 00 b8 0b 00 00 e8 17 00 00 00 00 00  | 2026-09-21 19:52:11
19:52:12.648 <- 03 eb 8a b1 6a 8c 16 00 00 ba 13 00 00 09 01 00 00 48 3f 00  | 2026-09-21 19:52:11
19:52:12.651 <- 13 eb 8a b1 6a ae 03 00 00 b8 0b 00 00 e8 17 00 00 00 00 00  | 2026-09-21 19:52:11
19:52:12.680 <- 06 02 00 00 00 00 00 00 00 00 00 00 00 00 00 00 00 00 00 00
19:52:13.368 <- 03 ec 8a b1 6a 8d 16 00 00 bb 13 00 00 09 01 00 00 48 3f 00  | 2026-09-21 19:52:12
19:52:13.369 <- 13 ec 8a b1 6a ae 03 00 00 b8 0b 00 00 e8 17 00 00 00 00 00  | 2026-09-21 19:52:12
19:52:13.398 <- 03 ec 8a b1 6a 8e 16 00 00 bc 13 00 00 09 01 00 00 48 3f 00  | 2026-09-21 19:52:12
19:52:13.400 <- 13 ec 8a b1 6a ae 03 00 00 b8 0b 00 00 e8 17 00 00 00 00 00  | 2026-09-21 19:52:12
19:52:13.400 <- 03 ec 8a b1 6a 8f 16 00 00 bd 13 00 00 09 01 00 00 48 3f 00  | 2026-09-21 19:52:12
19:52:13.430 <- 13 ec 8a b1 6a ae 03 00 00 b8 0b 00 00 e8 17 00 00 00 00 00  | 2026-09-21 19:52:12
19:52:14.118 <- 03 ed 8a b1 6a 90 16 00 00 be 13 00 00 09 01 00 00 48 3f 00  | 2026-09-21 19:52:13
19:52:14.121 <- 13 ed 8a b1 6a ae 03 00 00 b8 0b 00 00 e8 17 00 00 00 00 00  | 2026-09-21 19:52:13
19:52:14.150 <- 06 02 00 00 00 00 00 00 00 00 00 00 00 00 00 00 00 00 00 00
19:52:14.150 <- 03 ed 8a b1 6a 91 16 00 00 be 13 00 00 09 01 00 00 48 3f 00  | 2026-09-21 19:52:13
19:52:14.150 <- 13 ed 8a b1 6a ae 03 00 00 b8 0b 00 00 e8 17 00 00 00 00 00  | 2026-09-21 19:52:13
19:52:15.858 <- 03 ee 8a b1 6a 92 16 00 00 bf 13 00 00 09 01 00 00 48 3f 00  | 2026-09-21 19:52:14
19:52:15.860 <- 13 ee 8a b1 6a ae 03 00 00 b8 0b 00 00 e8 17 00 00 00 00 00  | 2026-09-21 19:52:14
19:52:15.918 <- 03 ef 8a b1 6a 93 16 00 00 c0 13 00 00 09 01 00 00 48 3f 00  | 2026-09-21 19:52:15
19:52:15.921 <- 13 ef 8a b1 6a ae 03 00 00 b8 0b 00 00 e8 17 00 00 00 00 00  | 2026-09-21 19:52:15
19:52:16.608 <- 06 02 00 00 00 00 00 00 00 00 00 00 00 00 00 00 00 00 00 00
19:52:16.638 <- 03 f0 8a b1 6a 94 16 00 00 c1 13 00 00 09 01 00 00 48 3f 00  | 2026-09-21 19:52:16
19:52:16.640 <- 13 f0 8a b1 6a ae 03 00 00 b8 0b 00 00 e8 17 00 00 00 00 00  | 2026-09-21 19:52:16
19:52:17.331 <- 03 f0 8a b1 6a 95 16 00 00 c2 13 00 00 09 01 00 00 48 3f 00  | 2026-09-21 19:52:16
19:52:17.331 <- 13 f0 8a b1 6a ae 03 00 00 b8 0b 00 00 e8 17 00 00 00 00 00  | 2026-09-21 19:52:16
19:52:17.388 <- 06 02 00 00 00 00 00 00 00 00 00 00 00 00 00 00 00 00 00 00
19:52:17.390 <- 03 f0 8a b1 6a 96 16 00 00 c3 13 00 00 09 01 00 00 48 3f 00  | 2026-09-21 19:52:16
19:52:17.390 <- 13 f0 8a b1 6a ae 03 00 00 b8 0b 00 00 e8 17 00 00 00 00 00  | 2026-09-21 19:52:16
19:52:18.108 <- 03 f0 8a b1 6a 97 16 00 00 c4 13 00 00 09 01 00 00 48 3f 00  | 2026-09-21 19:52:16
19:52:18.109 <- 13 f0 8a b1 6a ae 03 00 00 b8 0b 00 00 e8 17 00 00 00 00 00  | 2026-09-21 19:52:16
19:52:18.468 <- 03 f1 8a b1 6a 98 16 00 00 c5 13 00 00 09 01 00 00 48 3f 00  | 2026-09-21 19:52:17
19:52:18.470 <- 13 f1 8a b1 6a ae 03 00 00 b8 0b 00 00 e8 17 00 00 00 00 00  | 2026-09-21 19:52:17
19:52:18.470 <- 06 02 00 00 00 00 00 00 00 00 00 00 00 00 00 00 00 00 00 00
19:52:18.500 <- 03 f1 8a b1 6a 99 16 00 00 c5 13 00 00 09 01 00 00 48 3f 00  | 2026-09-21 19:52:17
19:52:18.500 <- 13 f1 8a b1 6a ae 03 00 00 b8 0b 00 00 e8 17 00 00 00 00 00  | 2026-09-21 19:52:17
19:52:19.848 <- 06 02 00 00 00 00 00 00 00 00 00 00 00 00 00 00 00 00 00 00
19:52:19.850 <- 03 f3 8a b1 6a 9a 16 00 00 c6 13 00 00 09 01 00 00 48 3f 00  | 2026-09-21 19:52:19
19:52:19.850 <- 13 f3 8a b1 6a ae 03 00 00 b8 0b 00 00 e8 17 00 00 00 00 00  | 2026-09-21 19:52:19
19:52:19.938 <- 03 f3 8a b1 6a 9b 16 00 00 c7 13 00 00 09 01 00 00 48 3f 00  | 2026-09-21 19:52:19
19:52:19.939 <- 13 f3 8a b1 6a ae 03 00 00 b8 0b 00 00 e8 17 00 00 00 00 00  | 2026-09-21 19:52:19
19:52:22.278 <- 06 02 00 00 00 00 00 00 00 00 00 00 00 00 00 00 00 00 00 00
19:52:23.960 <- 06 02 00 00 00 00 00 00 00 00 00 00 00 00 00 00 00 00 00 00
19:52:32.328 <- 06 02 00 00 00 00 00 00 00 00 00 00 00 00 00 00 00 00 00 00
19:52:33.738 <- 06 02 00 00 00 00 00 00 00 00 00 00 00 00 00 00 00 00 00 00
19:52:36.378 <- 06 02 00 00 00 00 00 00 00 00 00 00 00 00 00 00 00 00 00 00
19:52:37.758 <- 06 02 00 00 00 00 00 00 00 00 00 00 00 00 00 00 00 00 00 00
19:52:39.108 <- 06 02 00 00 00 00 00 00 00 00 00 00 00 00 00 00 00 00 00 00
19:52:39.888 <- 06 02 00 00 00 00 00 00 00 00 00 00 00 00 00 00 00 00 00 00
19:52:40.938 <- 06 02 00 00 00 00 00 00 00 00 00 00 00 00 00 00 00 00 00 00
19:52:43.278 <- 06 02 00 00 00 00 00 00 00 00 00 00 00 00 00 00 00 00 00 00
19:52:44.298 <- 06 02 00 00 00 00 00 00 00 00 00 00 00 00 00 00 00 00 00 00
19:52:45.978 <- 06 02 00 00 00 00 00 00 00 00 00 00 00 00 00 00 00 00 00 00
19:52:48.318 <- 06 02 00 00 00 00 00 00 00 00 00 00 00 00 00 00 00 00 00 00
19:52:56.628 <- 06 02 00 00 00 00 00 00 00 00 00 00 00 00 00 00 00 00 00 00
19:52:59.298 <- 06 02 00 00 00 00 00 00 00 00 00 00 00 00 00 00 00 00 00 00
19:53:09.895 <- 06 02 00 00 00 00 00 00 00 00 00 00 00 00 00 00 00 00 00 00
19:53:12.632 <- 06 02 00 00 00 00 00 00 00 00 00 00 00 00 00 00 00 00 00 00
19:53:13.248 <- 06 02 00 00 00 00 00 00 00 00 00 00 00 00 00 00 00 00 00 00
19:53:16.968 <- 06 02 00 00 00 00 00 00 00 00 00 00 00 00 00 00 00 00 00 00
19:53:17.988 <- 06 02 00 00 00 00 00 00 00 00 00 00 00 00 00 00 00 00 00 00
19:53:19.008 <- 06 02 00 00 00 00 00 00 00 00 00 00 00 00 00 00 00 00 00 00
19:53:19.698 <- 06 02 00 00 00 00 00 00 00 00 00 00 00 00 00 00 00 00 00 00
19:53:22.250 <- 06 02 00 00 00 00 00 00 00 00 00 00 00 00 00 00 00 00 00 00
19:53:27.288 -> 13 00 00 00 00 00 00 00 00 00 00 00 00 00 00 00 00 00 00 00
19:53:27.320 <- 06 02 00 00 00 00 00 00 00 00 00 00 00 00 00 00 00 00 00 00
19:53:27.320 <- 13 00 00 00 00 00 00 00 00 00 00 00 00 00 00 00 00 00 00 00
19:53:28.038 -> 10 00 00 00 00 00 00 00 00 00 00 00 00 00 00 00 00 00 00 00  | запрос дня 0
19:53:28.040 <- 11 2c 9a b0 6a 28 28 28 28 28 28 28 28 28 28 28 28 28 28 28  | 2026-09-21 02:45:00
19:53:28.068 <- 11 b0 9d b0 6a 28 28 28 28 28 28 28 28 28 28 28 28 28 28 28  | 2026-09-21 03:00:00
19:53:28.070 <- 11 34 a1 b0 6a 28 28 28 28 28 28 28 28 28 28 28 28 28 28 28  | 2026-09-21 03:15:00
19:53:28.429 <- 11 b8 a4 b0 6a 28 28 28 28 28 28 28 28 28 28 28 28 28 28 28  | 2026-09-21 03:30:00
19:53:28.430 <- 11 3c a8 b0 6a 63 63 63 63 63 63 63 63 63 63 63 63 63 63 63  | 2026-09-21 03:45:00
19:53:28.789 <- 11 c0 ab b0 6a 63 63 63 63 63 63 63 63 63 63 63 63 63 63 63  | 2026-09-21 04:00:00
19:53:28.790 <- 11 44 af b0 6a 63 63 63 63 63 63 63 63 63 63 63 63 63 63 63  | 2026-09-21 04:15:00
19:53:29.149 <- 11 c8 b2 b0 6a 63 63 63 63 63 63 63 63 63 63 63 63 63 63 63  | 2026-09-21 04:30:00
19:53:29.151 <- 11 4c b6 b0 6a 28 28 28 28 28 28 28 28 28 28 28 28 28 28 28  | 2026-09-21 04:45:00
19:53:29.509 <- 11 d0 b9 b0 6a 28 28 28 28 28 28 28 28 28 28 28 28 28 28 28  | 2026-09-21 05:00:00
19:53:29.510 <- 11 5c c4 b0 6a 28 28 28 28 28 28 28 28 28 28 28 28 28 28 28  | 2026-09-21 05:45:00
19:53:29.868 <- 11 e0 c7 b0 6a 28 28 28 28 28 28 28 28 28 28 28 28 28 28 28  | 2026-09-21 06:00:00
19:53:29.870 <- 11 64 cb b0 6a 63 63 63 63 63 63 63 63 63 63 63 63 63 63 63  | 2026-09-21 06:15:00
19:53:30.229 <- 11 e8 ce b0 6a 63 63 63 63 63 63 63 63 63 63 63 63 63 63 63  | 2026-09-21 06:30:00
19:53:30.230 <- 11 6c d2 b0 6a 63 63 63 63 63 63 63 63 63 63 63 63 63 63 63  | 2026-09-21 06:45:00
19:53:30.589 <- 11 f0 d5 b0 6a 28 28 28 28 28 28 28 28 28 28 28 28 28 28 28  | 2026-09-21 07:00:00
19:53:30.590 <- 11 74 d9 b0 6a 28 28 28 28 28 28 28 28 28 28 28 28 28 28 28  | 2026-09-21 07:15:00
19:53:30.949 <- 11 f8 dc b0 6a 28 28 28 28 28 28 28 28 28 28 28 28 28 28 28  | 2026-09-21 07:30:00
19:53:30.950 <- 10 00 e4 b0 6a 00 00 00 00 00 19 17 59 10 00 3f 00 00 00 00  | 2026-09-21 08:00:00
19:53:31.309 <- 10 08 eb b0 6a 00 32 4c 56 5e 64 22 57 00 23 17 12 7a 70 71  | 2026-09-21 08:30:00
19:53:31.311 <- 10 8c ee b0 6a 43 62 75 58 00 00 00 00 00 68 00 1d 00 00 00  | 2026-09-21 08:45:00
19:53:31.670 <- 10 28 07 b1 6a 16 48 2b 00 00 00 48 5b 00 00 00 00 00 00 00  | 2026-09-21 10:30:00
19:53:31.670 <- 10 ac 0a b1 6a 00 00 00 00 00 00 00 00 00 00 00 00 00 19 00  | 2026-09-21 10:45:00
19:53:32.029 <- 10 30 0e b1 6a 00 00 00 00 00 00 00 16 1b 00 00 00 00 19 00  | 2026-09-21 11:00:00
19:53:32.031 <- 10 38 15 b1 6a 00 00 00 00 00 00 1a 12 36 00 00 00 00 00 00  | 2026-09-21 11:30:00
19:53:32.389 <- 10 40 1c b1 6a 00 00 00 29 00 00 23 00 00 00 00 00 00 00 00  | 2026-09-21 12:00:00
19:53:32.390 <- 10 c4 1f b1 6a 00 00 00 00 00 00 00 00 25 04 00 00 1b 00 00  | 2026-09-21 12:15:00
19:53:32.748 <- 10 48 23 b1 6a 00 00 00 00 00 00 00 00 00 00 18 00 00 00 00  | 2026-09-21 12:30:00
19:53:32.750 <- 10 cc 26 b1 6a 30 19 49 00 00 00 00 00 00 00 00 00 22 00 00  | 2026-09-21 12:45:00
19:53:33.109 <- 10 58 31 b1 6a 00 00 00 00 00 00 00 00 00 00 00 00 18 22 00  | 2026-09-21 13:30:00
19:53:33.110 <- 10 f4 49 b1 6a 00 00 00 00 00 00 00 00 00 00 00 18 19 05 00  | 2026-09-21 15:15:00
19:53:33.471 <- 10 78 4d b1 6a 00 00 00 00 00 00 00 00 00 00 00 34 00 00 00  | 2026-09-21 15:30:00
19:53:33.471 <- 10 fc 50 b1 6a 00 54 06 00 53 00 00 00 00 00 22 00 4e 00 00  | 2026-09-21 15:45:00
19:53:33.828 <- 10 80 54 b1 6a 15 00 00 00 00 00 00 00 00 00 00 00 00 00 00  | 2026-09-21 16:00:00
19:53:33.829 <- 10 04 58 b1 6a 00 00 19 00 1b 35 00 00 1e 1b 00 00 00 00 00  | 2026-09-21 16:15:00
19:53:34.188 <- 10 24 74 b1 6a 00 00 00 00 00 00 00 00 00 38 1b 42 24 00 42  | 2026-09-21 18:15:00
19:53:34.190 <- 10 a8 77 b1 6a 44 78 70 2c 03 39 00 00 00 75 58 00 00 00 00  | 2026-09-21 18:30:00
19:53:34.549 <- 10 2c 7b b1 6a 3a 00 5c 55 37 2e 2d 66 60 4f a7 19 73 0e 35  | 2026-09-21 18:45:00
19:53:34.550 <- 10 b0 7e b1 6a 15 12 17 00 00 00 00 00 00 00 00 00 47 59 0b  | 2026-09-21 19:00:00
19:53:34.908 <- 10 34 82 b1 6a 00 00 7a 60 32 00 00 00 00 00 00 00 00 00 00  | 2026-09-21 19:15:00
19:53:34.909 <- 10 b8 85 b1 6a 00 00 00 00 00 00 00 00 00 3d 64 2a 00 00 00  | 2026-09-21 19:30:00
19:53:35.269 <- 10 3c 89 b1 6a 00 00 00 00 00 00 00 2d 00 00 00 00 00 00 00  | 2026-09-21 19:45:00
19:53:35.270 <- 10 7c c1 b1 6a 00 00 00 00 00 00 00 00 00 00 00 00 00 00 00  | 2026-09-21 23:45:00
19:53:35.628 -> 16 00 00 00 00 00 00 00 00 00 00 00 00 00 00 00 00 00 00 00  | запрос дня 0
19:53:35.988 <- 16 f0 80 73 b0 6a 35 00 00 00 00 00 00 00 00 00 00 00 00 00  | f0 2026-09-21 00:00:00
19:53:35.990 <- 16 aa 01 80 73 b0 6a 01 00 00 00 00 00 00 00 00 00 00 00 00  | aa 
19:53:36.020 <- 16 a0 80 73 b0 6a 00 00 4d 4d 4d 4d 4d 4d 4d 4d 4d 4d 4d 4d  | a0 2026-09-21 00:00:00
19:53:36.050 <- 16 aa 02 c8 76 b0 6a 01 00 00 00 00 00 00 00 00 00 00 00 00  | aa 
19:53:36.050 <- 16 a0 c8 76 b0 6a 00 00 46 46 46 46 46 46 46 46 46 46 46 46  | a0 2026-09-21 00:14:00
19:53:36.078 <- 16 aa 03 10 7a b0 6a 02 00 00 00 00 00 00 00 00 00 00 00 00  | aa 
19:53:36.108 <- 16 a0 10 7a b0 6a 00 00 58 58 58 58 58 58 58 58 58 58 58 58  | a0 2026-09-21 00:28:00
19:53:36.109 <- 16 a0 88 7a b0 6a 01 00 4a 4a 4a 4a 4a 4a 4a 4a 4a 4a 4a 4a  | a0 2026-09-21 00:30:00
19:53:36.138 <- 16 aa 04 d0 7d b0 6a 01 00 00 00 00 00 00 00 00 00 00 00 00  | aa 
19:53:36.167 <- 16 a0 d0 7d b0 6a 00 00 4c 4c 4c 4c 4c 4c 4c 4c 4c 4c 4c 4c  | a0 2026-09-21 00:44:00
19:53:36.170 <- 16 aa 05 18 81 b0 6a 02 00 00 00 00 00 00 00 00 00 00 00 00  | aa 
19:53:36.200 <- 16 a0 18 81 b0 6a 00 00 51 51 51 51 51 51 51 51 51 51 51 51  | a0 2026-09-21 00:58:00
19:53:36.201 <- 16 a0 90 81 b0 6a 01 00 46 46 46 46 46 46 46 46 46 46 46 46  | a0 2026-09-21 01:00:00
19:53:36.559 <- 16 aa 06 d8 84 b0 6a 01 00 00 00 00 00 00 00 00 00 00 00 00  | aa 
19:53:36.561 <- 16 a0 d8 84 b0 6a 00 00 60 60 60 60 60 60 60 60 60 60 60 60  | a0 2026-09-21 01:14:00
19:53:36.590 <- 16 aa 07 20 88 b0 6a 02 00 00 00 00 00 00 00 00 00 00 00 00  | aa 
19:53:36.620 <- 16 a0 20 88 b0 6a 00 00 45 45 45 45 45 45 45 45 45 45 45 45  | a0 2026-09-21 01:28:00
19:53:36.620 <- 16 a0 98 88 b0 6a 01 00 44 44 44 44 44 44 44 44 44 44 44 44  | a0 2026-09-21 01:30:00
19:53:36.650 <- 16 aa 08 e0 8b b0 6a 01 00 00 00 00 00 00 00 00 00 00 00 00  | aa 
19:53:36.650 <- 16 a0 e0 8b b0 6a 00 00 47 47 47 47 47 47 47 47 47 47 47 47  | a0 2026-09-21 01:44:00
19:53:36.680 <- 16 aa 09 28 8f b0 6a 02 00 00 00 00 00 00 00 00 00 00 00 00  | aa 
19:53:36.680 <- 16 a0 28 8f b0 6a 00 00 41 41 41 41 41 41 41 41 41 41 41 41  | a0 2026-09-21 01:58:00
19:53:36.680 <- 16 a0 a0 8f b0 6a 01 00 46 46 46 46 46 46 46 46 46 46 46 46  | a0 2026-09-21 02:00:00
19:53:36.710 <- 16 aa 0a e8 92 b0 6a 01 00 00 00 00 00 00 00 00 00 00 00 00  | aa 
19:53:36.740 <- 16 a0 e8 92 b0 6a 00 00 3c 3c 3c 3c 3c 3c 3c 3c 3c 3c 3c 3c  | a0 2026-09-21 02:14:00
19:53:36.740 <- 16 aa 0b 30 96 b0 6a 02 00 00 00 00 00 00 00 00 00 00 00 00  | aa 
19:53:36.768 <- 16 a0 30 96 b0 6a 00 00 46 46 46 46 46 46 46 46 4f 46 46 46  | a0 2026-09-21 02:28:00
19:53:36.769 <- 16 a0 a8 96 b0 6a 01 00 4f 4f 4d 4f 4f 4f 4f 4f 4f 4f 4f 4f  | a0 2026-09-21 02:30:00
19:53:36.800 <- 16 aa 0c f0 99 b0 6a 01 00 00 00 00 00 00 00 00 00 00 00 00  | aa 
19:53:36.832 <- 16 a0 f0 99 b0 6a 00 00 3e 3e 3e 3e 3e 3e 3e 3e 3e 3e 3e 3e  | a0 2026-09-21 02:44:00
19:53:36.832 <- 16 aa 0d 38 9d b0 6a 02 00 00 00 00 00 00 00 00 00 00 00 00  | aa 
19:53:36.860 <- 16 a0 38 9d b0 6a 00 00 3f 3f 3f 3f 3f 3f 3f 43 3f 3f 3f 3f  | a0 2026-09-21 02:58:00
19:53:36.890 <- 16 a0 b0 9d b0 6a 01 00 40 40 40 40 40 40 40 40 40 40 40 40  | a0 2026-09-21 03:00:00
19:53:36.890 <- 16 aa 0e f8 a0 b0 6a 01 00 00 00 00 00 00 00 00 00 00 00 00  | aa 
19:53:36.920 <- 16 a0 f8 a0 b0 6a 00 00 44 44 44 44 44 44 44 44 44 44 44 44  | a0 2026-09-21 03:14:00
19:53:36.920 <- 16 aa 0f 40 a4 b0 6a 02 00 00 00 00 00 00 00 00 00 00 00 00  | aa 
19:53:36.950 <- 16 a0 40 a4 b0 6a 00 00 43 43 43 43 43 43 43 43 43 43 43 43  | a0 2026-09-21 03:28:00
19:53:36.950 <- 16 a0 b8 a4 b0 6a 01 00 4f 4f 4f 4f 4f 4f 4f 4f 4f 4f 4f 4f  | a0 2026-09-21 03:30:00
19:53:36.980 <- 16 aa 10 00 a8 b0 6a 01 00 00 00 00 00 00 00 00 00 00 00 00  | aa 
19:53:36.980 <- 16 a0 00 a8 b0 6a 00 00 3d 3d 3d 3d 3d 3d 3d 3d 3d 3d 3d 3d  | a0 2026-09-21 03:44:00
19:53:37.010 <- 16 aa 11 48 ab b0 6a 02 00 00 00 00 00 00 00 00 00 00 00 00  | aa 
19:53:37.010 <- 16 a0 48 ab b0 6a 00 00 3f 3f 3f 3f 3f 3f 3f 3f 3f 3f 3f 3f  | a0 2026-09-21 03:58:00
19:53:37.369 <- 16 a0 c0 ab b0 6a 01 00 3e 3e 3e 3e 3e 3e 3e 3e 3e 3e 3e 3e  | a0 2026-09-21 04:00:00
19:53:37.370 <- 16 aa 12 08 af b0 6a 01 00 00 00 00 00 00 00 00 00 00 00 00  | aa 
19:53:37.398 <- 16 a0 08 af b0 6a 00 00 3a 3a 3a 3a 3a 3a 3a 3a 3a 3a 3a 3a  | a0 2026-09-21 04:14:00
19:53:37.429 <- 16 aa 13 50 b2 b0 6a 02 00 00 00 00 00 00 00 00 00 00 00 00  | aa 
19:53:37.430 <- 16 a0 50 b2 b0 6a 00 00 3f 3f 3f 3f 3f 3f 3f 3f 3f 3f 3f 3f  | a0 2026-09-21 04:28:00
19:53:37.461 <- 16 a0 c8 b2 b0 6a 01 00 3e 3e 3e 3e 3e 3e 3e 3e 3e 3e 3e 3e  | a0 2026-09-21 04:30:00
19:53:37.489 <- 16 aa 14 10 b6 b0 6a 01 00 00 00 00 00 00 00 00 00 00 00 00  | aa 
19:53:37.489 <- 16 a0 10 b6 b0 6a 00 00 40 40 40 40 40 40 40 40 40 40 40 40  | a0 2026-09-21 04:44:00
19:53:37.518 <- 16 aa 15 58 b9 b0 6a 02 00 00 00 00 00 00 00 00 00 00 00 00  | aa 
19:53:37.520 <- 16 a0 58 b9 b0 6a 00 00 3c 3c 3c 3c 3c 3c 3c 3c 3c 3c 3c 3c  | a0 2026-09-21 04:58:00
19:53:37.551 <- 16 a0 d0 b9 b0 6a 01 00 39 39 39 39 39 39 39 39 39 39 39 39  | a0 2026-09-21 05:00:00
19:53:37.551 <- 16 aa 16 18 bd b0 6a 01 00 00 00 00 00 00 00 00 00 00 00 00  | aa 
19:53:37.909 <- 16 a0 18 bd b0 6a 00 00 3d 3d 3d 3d 3d 3d 3d 3d 3d 3d 3d 3d  | a0 2026-09-21 05:14:00
19:53:37.910 <- 16 aa 17 d8 c0 b0 6a 01 00 00 00 00 00 00 00 00 00 00 00 00  | aa 
19:53:38.268 <- 16 a0 d8 c0 b0 6a 00 00 4f 4f 4f 4f 4f 4f 4f 4f 4f 4f 4f 4f  | a0 2026-09-21 05:30:00
19:53:38.272 <- 16 aa 18 20 c4 b0 6a 01 00 00 00 00 00 00 00 00 00 00 00 00  | aa 
19:53:38.629 <- 16 a0 20 c4 b0 6a 00 00 49 49 49 49 49 49 49 49 49 49 49 49  | a0 2026-09-21 05:44:00
19:53:38.630 <- 16 aa 19 68 c7 b0 6a 02 00 00 00 00 00 00 00 00 00 00 00 00  | aa 
19:53:38.989 <- 16 a0 68 c7 b0 6a 00 00 40 40 40 40 40 40 40 40 44 40 40 40  | a0 2026-09-21 05:58:00
19:53:38.991 <- 16 a0 e0 c7 b0 6a 01 00 41 41 41 41 41 41 41 41 41 41 41 41  | a0 2026-09-21 06:00:00
19:53:39.349 <- 16 aa 1a 70 ce b0 6a 02 00 00 00 00 00 00 00 00 00 00 00 00  | aa 
19:53:39.350 <- 16 a0 70 ce b0 6a 00 00 39 39 39 39 39 39 39 39 39 39 39 39  | a0 2026-09-21 06:28:00
19:53:39.381 <- 16 a0 e8 ce b0 6a 01 00 37 37 37 37 37 37 37 37 37 37 37 37  | a0 2026-09-21 06:30:00
19:53:39.411 <- 16 aa 1b 30 d2 b0 6a 01 00 00 00 00 00 00 00 00 00 00 00 00  | aa 
19:53:39.411 <- 16 a0 30 d2 b0 6a 00 00 3d 3d 3d 3d 3d 3d 3d 3d 3d 3d 3d 3d  | a0 2026-09-21 06:44:00
19:53:39.440 <- 16 aa 1c 78 d5 b0 6a 02 00 00 00 00 00 00 00 00 00 00 00 00  | aa 
19:53:39.470 <- 16 a0 78 d5 b0 6a 00 00 3d 3d 3d 3d 3d 3d 3d 3d 3d 3d 3d 3d  | a0 2026-09-21 06:58:00
19:53:39.470 <- 16 a0 f0 d5 b0 6a 01 00 3c 3c 3c 3c 3c 3c 3c 3c 3c 3c 3c 3c  | a0 2026-09-21 07:00:00
19:53:39.499 <- 16 aa 1d 38 d9 b0 6a 01 00 00 00 00 00 00 00 00 00 00 00 00  | aa 
19:53:39.501 <- 16 a0 38 d9 b0 6a 00 00 49 49 49 49 49 49 49 49 49 49 49 49  | a0 2026-09-21 07:14:00
19:53:39.858 <- 16 aa 1e 80 dc b0 6a 02 00 00 00 00 00 00 00 00 00 00 00 00  | aa 
19:53:39.860 <- 16 a0 80 dc b0 6a 00 00 49 49 49 49 49 49 49 49 49 49 49 49  | a0 2026-09-21 07:28:00
19:53:39.888 <- 16 a0 f8 dc b0 6a 01 00 37 37 37 37 37 37 37 37 37 37 37 37  | a0 2026-09-21 07:30:00
19:53:39.918 <- 16 aa 1f 40 e0 b0 6a 01 00 00 00 00 00 00 00 00 00 00 00 00  | aa 
19:53:39.920 <- 16 a0 40 e0 b0 6a 00 00 3a 3a 3a 3a 3a 3a 3a 3a 3a 3a 3a 3a  | a0 2026-09-21 07:44:00
19:53:39.951 <- 16 aa 20 00 e4 b0 6a 01 00 00 00 00 00 00 00 00 00 00 00 00  | aa 
19:53:39.980 <- 16 a0 00 e4 b0 6a 00 00 4c 4c 4c 4c 4c 4c 4c 4c 4c 4c 4c 4c  | a0 2026-09-21 08:00:00
19:53:39.981 <- 16 aa 21 50 ee b0 6a 01 00 00 00 00 00 00 00 00 00 00 00 00  | aa 
19:53:40.011 <- 16 a0 50 ee b0 6a 00 00 61 61 61 61 61 61 61 61 61 61 61 61  | a0 2026-09-21 08:44:00
19:53:40.011 <- 16 aa 22 98 f1 b0 6a 02 00 00 00 00 00 00 00 00 00 00 00 00  | aa 
19:53:40.369 <- 16 a0 98 f1 b0 6a 00 00 4c 4c 4c 4c 4c 4c 4c 4c 4c 4c 4c 4c  | a0 2026-09-21 08:58:00
19:53:40.370 <- 16 a0 10 f2 b0 6a 01 00 4d 4d 4d 4d 4d 4d 4d 4d 4d 4d 4d 4d  | a0 2026-09-21 09:00:00
19:53:40.401 <- 16 aa 23 58 f5 b0 6a 01 00 00 00 00 00 00 00 00 00 00 00 00  | aa 
19:53:40.401 <- 16 a0 58 f5 b0 6a 00 00 48 48 48 48 48 48 48 48 48 48 48 48  | a0 2026-09-21 09:14:00
19:53:40.758 <- 16 aa 24 a0 f8 b0 6a 02 00 00 00 00 00 00 00 00 00 00 00 00  | aa 
19:53:40.760 <- 16 a0 a0 f8 b0 6a 00 00 43 43 43 43 43 43 43 43 43 43 43 43  | a0 2026-09-21 09:28:00
19:53:40.819 <- 16 a0 18 f9 b0 6a 01 00 4b 4b 4b 4b 4b 4b 4b 4b 4b 4b 4b 4b  | a0 2026-09-21 09:30:00
19:53:40.820 <- 16 aa 25 60 fc b0 6a 01 00 00 00 00 00 00 00 00 00 00 00 00  | aa 
19:53:40.820 <- 16 a0 60 fc b0 6a 00 00 4f 4f 4f 4f 4f 4f 4f 4f 4f 4f 4f 4f  | a0 2026-09-21 09:44:00
19:53:40.848 <- 16 aa 26 a8 ff b0 6a 02 00 00 00 00 00 00 00 00 00 00 00 00  | aa 
19:53:40.850 <- 16 a0 a8 ff b0 6a 00 00 53 53 53 53 53 53 53 53 53 53 53 53  | a0 2026-09-21 09:58:00
19:53:40.880 <- 16 a0 20 00 b1 6a 01 00 46 46 46 46 46 46 46 46 46 46 46 46  | a0 2026-09-21 10:00:00
19:53:40.881 <- 16 aa 27 b0 06 b1 6a 01 00 00 00 00 00 00 00 00 00 00 00 00  | aa 
19:53:40.911 <- 16 a0 b0 06 b1 6a 00 00 55 55 55 55 55 55 55 55 55 55 55 55  | a0 2026-09-21 10:28:00
19:53:40.941 <- 16 aa 28 b8 0d b1 6a 01 00 00 00 00 00 00 00 00 00 00 00 00  | aa 
19:53:40.941 <- 16 a0 b8 0d b1 6a 00 00 49 49 49 49 49 49 49 49 49 49 49 49  | a0 2026-09-21 10:58:00
19:53:40.971 <- 16 aa 29 c0 14 b1 6a 01 00 00 00 00 00 00 00 00 00 00 00 00  | aa 
19:53:40.999 <- 16 a0 c0 14 b1 6a 00 00 35 35 35 35 35 35 35 35 35 35 35 35  | a0 2026-09-21 11:28:00
19:53:40.999 <- 16 aa 2a c8 1b b1 6a 01 00 00 00 00 00 00 00 00 00 00 00 00  | aa 
19:53:41.028 <- 16 a0 c8 1b b1 6a 00 00 3e 3e 3e 3e 3e 3e 3e 3e 3e 3e 3e 3e  | a0 2026-09-21 11:58:00
19:53:41.059 <- 16 aa 2b d0 22 b1 6a 01 00 00 00 00 00 00 00 00 00 00 00 00  | aa 
19:53:41.060 <- 16 a0 d0 22 b1 6a 00 00 4a 4a 4a 4a 4a 4a 4a 4a 4a 4a 4a 4a  | a0 2026-09-21 12:28:00
19:53:41.088 <- 16 aa 2c d8 29 b1 6a 01 00 00 00 00 00 00 00 00 00 00 00 00  | aa 
19:53:41.090 <- 16 a0 d8 29 b1 6a 00 00 3b 3b 3b 3b 3b 3b 3b 3b 3b 3b 3b 3b  | a0 2026-09-21 12:58:00
19:53:41.120 <- 16 aa 2d e0 30 b1 6a 01 00 00 00 00 00 00 00 00 00 00 00 00  | aa 
19:53:41.121 <- 16 a0 e0 30 b1 6a 00 00 52 52 52 52 52 52 52 52 52 52 52 52  | a0 2026-09-21 13:28:00
19:53:41.150 <- 16 aa 2e f0 3e b1 6a 01 00 00 00 00 00 00 00 00 00 00 00 00  | aa 
19:53:41.150 <- 16 a0 f0 3e b1 6a 00 00 49 49 49 49 49 49 49 49 49 49 49 49  | a0 2026-09-21 14:28:00
19:53:41.178 <- 16 aa 2f f8 45 b1 6a 01 00 00 00 00 00 00 00 00 00 00 00 00  | aa 
19:53:41.180 <- 16 a0 f8 45 b1 6a 00 00 50 50 50 50 50 50 50 50 50 50 50 50  | a0 2026-09-21 14:58:00
19:53:41.211 <- 16 aa 30 10 5b b1 6a 02 00 00 00 00 00 00 00 00 00 00 00 00  | aa 
19:53:41.211 <- 16 a0 10 5b b1 6a 00 00 4f 4f 4f 4f 4f 4f 4f 4f 4f 4f 4f 4f  | a0 2026-09-21 16:28:00
19:53:41.241 <- 16 a0 88 5b b1 6a 01 00 54 54 54 54 54 54 54 54 54 54 54 54  | a0 2026-09-21 16:30:00
19:53:41.241 <- 16 aa 31 18 62 b1 6a 01 00 00 00 00 00 00 00 00 00 00 00 00  | aa 
19:53:41.270 <- 16 a0 18 62 b1 6a 00 00 3f 3f 3f 3f 3f 3f 3f 3f 3f 3f 3f 3f  | a0 2026-09-21 16:58:00
19:53:41.270 <- 16 aa 32 20 69 b1 6a 01 00 00 00 00 00 00 00 00 00 00 00 00  | aa 
19:53:41.298 <- 16 a0 20 69 b1 6a 00 00 48 48 48 48 48 48 48 48 48 48 48 48  | a0 2026-09-21 17:28:00
19:53:41.301 <- 16 aa 33 28 70 b1 6a 01 00 00 00 00 00 00 00 00 00 00 00 00  | aa 
19:53:41.331 <- 16 a0 28 70 b1 6a 00 00 50 50 50 50 50 50 50 50 50 50 50 50  | a0 2026-09-21 17:58:00
19:53:41.331 <- 16 aa 34 30 77 b1 6a 01 00 00 00 00 00 00 00 00 00 00 00 00  | aa 
19:53:41.360 <- 16 a0 30 77 b1 6a 00 00 3e 3e 3e 3e 3e 3e 3e 3e 3e 3e 3e 3e  | a0 2026-09-21 18:28:00
19:53:41.361 <- 16 aa 35 40 85 b1 6a 01 00 00 00 00 00 00 00 00 00 00 00 00  | aa 
19:53:41.390 <- 16 a0 40 85 b1 6a 00 00 4f 4f 4f 4f 4f 4f 4f 4f 4f 4f 4f 4f  | a0 2026-09-21 19:28:00
19:53:42.078 -> 55 00 00 00 00 00 00 00 00 00 00 00 00 00 00 00 00 00 00 00  | запрос дня 0
19:53:42.108 <- 55 04 77 b0 6a 72 48 16 40 54 72 48 16 40 54 72 48 16 40 54  | 2026-09-21 00:15:00
19:53:42.138 <- 55 0c 7e b0 6a 6f 48 0e 40 54 6f 48 0e 40 54 6f 48 0e 40 54  | 2026-09-21 00:45:00
19:53:42.169 <- 55 14 85 b0 6a 71 4a 05 36 54 71 4a 05 36 54 71 4a 05 36 54  | 2026-09-21 01:15:00
19:53:42.170 <- 55 1c 8c b0 6a 76 4a 05 32 50 76 4a 05 32 50 76 4a 05 32 50  | 2026-09-21 01:45:00
19:53:42.529 <- 55 2c 9a b0 6a 76 47 01 44 53 76 47 01 44 53 76 47 01 44 53  | 2026-09-21 02:45:00
19:53:42.531 <- 55 34 a1 b0 6a 72 44 05 37 50 72 44 05 37 50 72 44 05 37 50  | 2026-09-21 03:15:00
19:53:42.648 <- 55 3c a8 b0 6a 6e 4a 05 32 50 6e 4a 05 32 50 6e 4a 05 32 50  | 2026-09-21 03:45:00
19:53:42.650 <- 55 44 af b0 6a 71 46 05 40 54 71 46 05 40 54 71 46 05 40 54  | 2026-09-21 04:15:00
19:53:43.010 <- 55 4c b6 b0 6a 74 48 05 38 51 74 48 05 38 51 74 48 05 38 51  | 2026-09-21 04:45:00
19:53:43.010 <- 55 5c c4 b0 6a 6e 46 04 32 50 6e 46 04 32 50 6e 46 04 32 50  | 2026-09-21 05:45:00
19:53:43.369 <- 55 64 cb b0 6a 77 4a 05 3a 53 77 4a 05 3a 53 77 4a 05 3a 53  | 2026-09-21 06:15:00
19:53:43.370 <- 55 6c d2 b0 6a 6e 49 05 3c 50 6e 49 05 3c 50 6e 49 05 3c 50  | 2026-09-21 06:45:00
19:53:43.728 <- 55 74 d9 b0 6a 6e 48 00 3e 52 6e 48 00 3e 52 6e 48 00 3e 52  | 2026-09-21 07:15:00
19:53:43.730 <- 55 8c ee b0 6a 73 45 35 49 53 73 45 35 49 53 73 45 35 49 53  | 2026-09-21 08:45:00
19:53:44.088 <- 55 94 f5 b0 6a 6f 47 27 49 52 6f 47 27 49 52 6f 47 27 49 52  | 2026-09-21 09:15:00
19:53:44.090 <- 55 9c fc b0 6a 73 45 31 47 51 73 45 31 47 51 73 45 31 47 51  | 2026-09-21 09:45:00
19:53:44.448 <- 55 a4 03 b1 6a 6d 44 2d 33 51 6d 44 2d 33 51 6d 44 2d 33 51  | 2026-09-21 10:15:00
19:53:44.450 <- 55 ac 0a b1 6a 75 4a 34 3b 54 75 4a 34 3b 54 75 4a 34 3b 54  | 2026-09-21 10:45:00
19:53:44.808 <- 55 b4 11 b1 6a 77 47 15 3a 53 77 47 15 3a 53 77 47 15 3a 53  | 2026-09-21 11:15:00
19:53:44.810 <- 55 bc 18 b1 6a 73 47 25 37 50 73 47 25 37 50 73 47 25 37 50  | 2026-09-21 11:45:00
19:53:45.169 <- 55 c4 1f b1 6a 70 49 30 40 54 70 49 30 40 54 70 49 30 40 54  | 2026-09-21 12:15:00
19:53:45.170 <- 55 cc 26 b1 6a 75 46 1a 4d 52 75 46 1a 4d 52 75 46 1a 4d 52  | 2026-09-21 12:45:00
19:53:45.348 <- 55 d4 2d b1 6a 6d 48 2a 46 50 6d 48 2a 46 50 6d 48 2a 46 50  | 2026-09-21 13:15:00
19:53:45.350 <- 55 e4 3b b1 6a 71 44 30 41 50 71 44 30 41 50 71 44 30 41 50  | 2026-09-21 14:15:00
19:53:45.709 <- 55 ec 42 b1 6a 71 44 37 41 50 71 44 37 41 50 71 44 37 41 50  | 2026-09-21 14:45:00
19:53:45.711 <- 55 04 58 b1 6a 72 44 37 42 51 72 44 37 42 51 72 44 37 42 51  | 2026-09-21 16:15:00
19:53:46.069 <- 55 0c 5f b1 6a 6e 47 21 3c 50 6e 47 21 3c 50 6e 47 21 3c 50  | 2026-09-21 16:45:00
19:53:46.071 <- 03 49 8b b1 6a ad 16 00 00 d7 13 00 00 0a 01 00 00 48 3f 00  | 2026-09-21 19:53:45
19:53:46.071 <- 13 49 8b b1 6a ae 03 00 00 b8 0b 00 00 e8 17 00 00 00 00 00  | 2026-09-21 19:53:45
19:53:46.788 <- 03 49 8b b1 6a ae 16 00 00 d8 13 00 00 0a 01 00 00 48 3f 00  | 2026-09-21 19:53:45
19:53:46.790 <- 13 49 8b b1 6a ae 03 00 00 b8 0b 00 00 e8 17 00 00 00 00 00  | 2026-09-21 19:53:45
19:53:46.818 <- 03 4a 8b b1 6a af 16 00 00 d9 13 00 00 0a 01 00 00 48 3f 00  | 2026-09-21 19:53:46
19:53:46.820 <- 13 4a 8b b1 6a ae 03 00 00 b8 0b 00 00 e8 17 00 00 00 00 00  | 2026-09-21 19:53:46
19:53:47.688 <- 03 4b 8b b1 6a b0 16 00 00 da 13 00 00 0a 01 00 00 48 3f 00  | 2026-09-21 19:53:47
19:53:47.690 <- 13 4b 8b b1 6a ae 03 00 00 b8 0b 00 00 e8 17 00 00 00 00 00  | 2026-09-21 19:53:47
19:53:48.378 <- 03 4b 8b b1 6a b1 16 00 00 da 13 00 00 0a 01 00 00 48 3f 00  | 2026-09-21 19:53:47
19:53:48.380 <- 13 4b 8b b1 6a ae 03 00 00 b8 0b 00 00 e8 17 00 00 00 00 00  | 2026-09-21 19:53:47
19:53:48.739 <- 03 4b 8b b1 6a b2 16 00 00 db 13 00 00 0a 01 00 00 48 3f 00  | 2026-09-21 19:53:47
19:53:48.741 <- 13 4b 8b b1 6a ae 03 00 00 b8 0b 00 00 e8 17 00 00 00 00 00  | 2026-09-21 19:53:47
19:53:49.428 <- 03 4c 8b b1 6a b3 16 00 00 dc 13 00 00 0a 01 00 00 48 3f 00  | 2026-09-21 19:53:48
19:53:49.430 <- 13 4c 8b b1 6a ae 03 00 00 b8 0b 00 00 e8 17 00 00 00 00 00  | 2026-09-21 19:53:48
19:53:49.458 <- 03 4d 8b b1 6a b4 16 00 00 dd 13 00 00 0a 01 00 00 48 3f 00  | 2026-09-21 19:53:49
19:53:49.460 <- 13 4d 8b b1 6a ae 03 00 00 b8 0b 00 00 e8 17 00 00 00 00 00  | 2026-09-21 19:53:49
19:53:50.478 <- 03 4d 8b b1 6a b5 16 00 00 de 13 00 00 0b 01 00 00 48 3f 00  | 2026-09-21 19:53:49
19:53:50.480 <- 13 4d 8b b1 6a ae 03 00 00 b8 0b 00 00 e8 17 00 00 00 00 00  | 2026-09-21 19:53:49
19:53:51.168 <- 03 4e 8b b1 6a b6 16 00 00 df 13 00 00 0b 01 00 00 48 3f 00  | 2026-09-21 19:53:50
19:53:51.170 <- 13 4e 8b b1 6a ae 03 00 00 b8 0b 00 00 e8 17 00 00 00 00 00  | 2026-09-21 19:53:50
19:53:51.528 -> 40 00 00 00 00 00 00 00 00 00 00 00 00 00 00 00 00 00 00 00  | запрос дня 0
19:53:51.530 <- 03 4f 8b b1 6a b7 16 00 00 e0 13 00 00 0b 01 00 00 48 3f 00  | 2026-09-21 19:53:51
19:53:51.560 <- 13 4f 8b b1 6a ae 03 00 00 b8 0b 00 00 e8 17 00 00 00 00 00  | 2026-09-21 19:53:51
19:53:52.248 <- 03 4f 8b b1 6a b8 16 00 00 e1 13 00 00 0b 01 00 00 48 3f 00  | 2026-09-21 19:53:51
19:53:52.250 <- 13 4f 8b b1 6a ae 03 00 00 b8 0b 00 00 e8 17 00 00 00 00 00  | 2026-09-21 19:53:51
19:53:52.281 <- 03 4f 8b b1 6a b9 16 00 00 e1 13 00 00 0b 01 00 00 48 3f 00  | 2026-09-21 19:53:51
19:53:52.281 <- 13 4f 8b b1 6a ae 03 00 00 b8 0b 00 00 e8 17 00 00 00 00 00  | 2026-09-21 19:53:51
19:53:53.299 <- 03 50 8b b1 6a ba 16 00 00 e2 13 00 00 0b 01 00 00 48 3f 00  | 2026-09-21 19:53:52
19:53:53.300 <- 13 50 8b b1 6a ae 03 00 00 b8 0b 00 00 e8 17 00 00 00 00 00  | 2026-09-21 19:53:52
19:53:53.658 <- 03 50 8b b1 6a bb 16 00 00 e3 13 00 00 0b 01 00 00 48 3f 00  | 2026-09-21 19:53:52
19:53:53.660 <- 13 50 8b b1 6a ae 03 00 00 b8 0b 00 00 e8 17 00 00 00 00 00  | 2026-09-21 19:53:52
19:53:54.349 <- 03 51 8b b1 6a bc 16 00 00 e4 13 00 00 0b 01 00 00 48 3f 00  | 2026-09-21 19:53:53
19:53:54.351 <- 13 51 8b b1 6a ae 03 00 00 b8 0b 00 00 e8 17 00 00 00 00 00  | 2026-09-21 19:53:53
19:53:55.039 <- 03 51 8b b1 6a bd 16 00 00 e5 13 00 00 0b 01 00 00 48 3f 00  | 2026-09-21 19:53:53
19:53:55.040 <- 13 51 8b b1 6a ae 03 00 00 b8 0b 00 00 e8 17 00 00 00 00 00  | 2026-09-21 19:53:53
19:53:55.070 <- 03 52 8b b1 6a be 16 00 00 e6 13 00 00 0b 01 00 00 48 3f 00  | 2026-09-21 19:53:54
19:53:55.070 <- 13 52 8b b1 6a ae 03 00 00 b8 0b 00 00 e8 17 00 00 00 00 00  | 2026-09-21 19:53:54
19:53:56.088 <- 03 53 8b b1 6a bf 16 00 00 e7 13 00 00 0b 01 00 00 48 3f 00  | 2026-09-21 19:53:55
19:53:56.090 <- 13 53 8b b1 6a ae 03 00 00 b8 0b 00 00 e8 17 00 00 00 00 00  | 2026-09-21 19:53:55
19:53:56.118 <- 03 53 8b b1 6a c0 16 00 00 e8 13 00 00 0b 01 00 00 48 3f 00  | 2026-09-21 19:53:55
19:53:56.120 <- 13 53 8b b1 6a ae 03 00 00 b8 0b 00 00 e8 17 00 00 00 00 00  | 2026-09-21 19:53:55
19:53:57.139 <- 03 54 8b b1 6a c1 16 00 00 e8 13 00 00 0b 01 00 00 48 3f 00  | 2026-09-21 19:53:56
19:53:57.141 <- 13 54 8b b1 6a ae 03 00 00 b8 0b 00 00 e8 17 00 00 00 00 00  | 2026-09-21 19:53:56
19:53:57.829 <- 03 54 8b b1 6a c2 16 00 00 e9 13 00 00 0b 01 00 00 48 3f 00  | 2026-09-21 19:53:56
19:53:57.831 <- 13 54 8b b1 6a ae 03 00 00 b8 0b 00 00 e8 17 00 00 00 00 00  | 2026-09-21 19:53:56
19:53:57.860 <- 03 55 8b b1 6a c3 16 00 00 ea 13 00 00 0b 01 00 00 48 3f 00  | 2026-09-21 19:53:57
19:53:57.860 <- 13 55 8b b1 6a ae 03 00 00 b8 0b 00 00 e8 17 00 00 00 00 00  | 2026-09-21 19:53:57
19:53:58.878 <- 03 56 8b b1 6a c4 16 00 00 eb 13 00 00 0b 01 00 00 48 3f 00  | 2026-09-21 19:53:58
19:53:58.881 <- 13 56 8b b1 6a ae 03 00 00 b8 0b 00 00 e8 17 00 00 00 00 00  | 2026-09-21 19:53:58
19:53:58.910 <- 03 56 8b b1 6a c5 16 00 00 ec 13 00 00 0b 01 00 00 48 3f 00  | 2026-09-21 19:53:58
19:53:58.910 <- 13 56 8b b1 6a ae 03 00 00 b8 0b 00 00 e8 17 00 00 00 00 00  | 2026-09-21 19:53:58
19:53:59.928 <- 03 56 8b b1 6a c6 16 00 00 ed 13 00 00 0b 01 00 00 48 3f 00  | 2026-09-21 19:53:58
19:53:59.931 <- 13 56 8b b1 6a ae 03 00 00 b8 0b 00 00 e8 17 00 00 00 00 00  | 2026-09-21 19:53:58
19:53:59.958 <- 03 57 8b b1 6a c7 16 00 00 ee 13 00 00 0b 01 00 00 48 3f 00  | 2026-09-21 19:53:59
19:53:59.960 <- 13 57 8b b1 6a ae 03 00 00 b8 0b 00 00 e8 17 00 00 00 00 00  | 2026-09-21 19:53:59
19:54:00.979 <- 03 58 8b b1 6a c8 16 00 00 ef 13 00 00 0b 01 00 00 48 3f 00  | 2026-09-21 19:54:00
19:54:00.980 <- 13 58 8b b1 6a ae 03 00 00 b8 0b 00 00 e8 17 00 00 00 00 00  | 2026-09-21 19:54:00
19:54:01.669 <- 03 58 8b b1 6a c9 16 00 00 ef 13 00 00 0b 01 00 00 48 3f 00  | 2026-09-21 19:54:00
19:54:01.670 <- 13 58 8b b1 6a ae 03 00 00 b8 0b 00 00 e8 17 00 00 00 00 00  | 2026-09-21 19:54:00
19:54:02.358 <- 03 59 8b b1 6a ca 16 00 00 f0 13 00 00 0b 01 00 00 48 3f 00  | 2026-09-21 19:54:01
19:54:02.360 <- 13 59 8b b1 6a ae 03 00 00 b8 0b 00 00 e8 17 00 00 00 00 00  | 2026-09-21 19:54:01
19:54:02.388 <- 03 59 8b b1 6a cb 16 00 00 f1 13 00 00 0c 01 00 00 48 3f 00  | 2026-09-21 19:54:01
19:54:02.390 <- 13 59 8b b1 6a ae 03 00 00 b8 0b 00 00 e8 17 00 00 00 00 00  | 2026-09-21 19:54:01
19:54:03.409 -> 40 00 00 00 00 00 00 00 00 00 00 00 00 00 00 00 00 00 00 00  | запрос дня 0
19:54:03.410 <- 03 5a 8b b1 6a cc 16 00 00 f2 13 00 00 0c 01 00 00 48 3f 00  | 2026-09-21 19:54:02
19:54:03.440 <- 13 5a 8b b1 6a ae 03 00 00 b8 0b 00 00 e8 17 00 00 00 00 00  | 2026-09-21 19:54:02
19:54:03.799 <- 03 5a 8b b1 6a cd 16 00 00 f3 13 00 00 0c 01 00 00 48 3f 00  | 2026-09-21 19:54:02
19:54:03.801 <- 13 5a 8b b1 6a ae 03 00 00 b8 0b 00 00 e8 17 00 00 00 00 00  | 2026-09-21 19:54:02
19:54:04.489 <- 03 5b 8b b1 6a ce 16 00 00 f4 13 00 00 0c 01 00 00 48 3f 00  | 2026-09-21 19:54:03
19:54:04.491 <- 13 5b 8b b1 6a ae 03 00 00 b8 0b 00 00 e8 17 00 00 00 00 00  | 2026-09-21 19:54:03
19:54:04.520 <- 03 5b 8b b1 6a cf 16 00 00 f5 13 00 00 0c 01 00 00 48 3f 00  | 2026-09-21 19:54:03
19:54:04.520 <- 13 5b 8b b1 6a ae 03 00 00 b8 0b 00 00 e8 17 00 00 00 00 00  | 2026-09-21 19:54:03
19:54:05.539 <- 03 5d 8b b1 6a d0 16 00 00 f6 13 00 00 0c 01 00 00 48 3f 00  | 2026-09-21 19:54:05
19:54:05.541 <- 13 5d 8b b1 6a ae 03 00 00 b8 0b 00 00 e8 17 00 00 00 00 00  | 2026-09-21 19:54:05
19:54:05.570 <- 06 02 00 00 00 00 00 00 00 00 00 00 00 00 00 00 00 00 00 00
19:54:05.988 <- 03 5d 8b b1 6a d1 16 00 00 f6 13 00 00 0c 01 00 00 48 3f 00  | 2026-09-21 19:54:05
19:54:05.990 <- 13 5d 8b b1 6a ae 03 00 00 b8 0b 00 00 e8 17 00 00 00 00 00  | 2026-09-21 19:54:05
19:54:07.038 <- 03 5e 8b b1 6a d2 16 00 00 f7 13 00 00 0c 01 00 00 48 3f 00  | 2026-09-21 19:54:06
19:54:07.040 <- 13 5e 8b b1 6a af 03 00 00 b8 0b 00 00 e8 17 00 00 00 00 00  | 2026-09-21 19:54:06
19:54:07.040 <- 06 02 00 00 00 00 00 00 00 00 00 00 00 00 00 00 00 00 00 00
19:54:07.098 <- 03 5e 8b b1 6a d3 16 00 00 f8 13 00 00 0c 01 00 00 48 3f 00  | 2026-09-21 19:54:06
19:54:07.100 <- 13 5e 8b b1 6a b0 03 00 00 b8 0b 00 00 e8 17 00 00 00 00 00  | 2026-09-21 19:54:06
19:54:07.789 <- 03 5f 8b b1 6a d4 16 00 00 f9 13 00 00 0c 01 00 00 48 3f 00  | 2026-09-21 19:54:07
19:54:07.791 <- 13 5f 8b b1 6a b1 03 00 00 b8 0b 00 00 e8 17 00 00 00 00 00  | 2026-09-21 19:54:07
19:54:07.820 <- 03 5f 8b b1 6a d5 16 00 00 fa 13 00 00 0c 01 00 00 48 3f 00  | 2026-09-21 19:54:07
19:54:07.820 <- 13 5f 8b b1 6a b2 03 00 00 b8 0b 00 00 e8 17 00 00 00 00 00  | 2026-09-21 19:54:07
19:54:08.508 <- 06 02 00 00 00 00 00 00 00 00 00 00 00 00 00 00 00 00 00 00
19:54:08.510 <- 03 5f 8b b1 6a d6 16 00 00 fb 13 00 00 0c 01 00 00 48 3f 00  | 2026-09-21 19:54:07
19:54:08.540 <- 13 5f 8b b1 6a b2 03 00 00 b8 0b 00 00 e8 17 00 00 00 00 00  | 2026-09-21 19:54:07
19:54:09.228 <- 03 60 8b b1 6a d7 16 00 00 fc 13 00 00 0c 01 00 00 48 3f 00  | 2026-09-21 19:54:08
19:54:09.230 <- 13 60 8b b1 6a b2 03 00 00 b8 0b 00 00 e8 17 00 00 00 00 00  | 2026-09-21 19:54:08
19:54:09.260 <- 06 02 00 00 00 00 00 00 00 00 00 00 00 00 00 00 00 00 00 00
19:54:09.260 <- 03 60 8b b1 6a d8 16 00 00 fd 13 00 00 0c 01 00 00 48 3f 00  | 2026-09-21 19:54:08
19:54:09.260 <- 13 60 8b b1 6a b2 03 00 00 b8 0b 00 00 e8 17 00 00 00 00 00  | 2026-09-21 19:54:08
19:54:09.679 <- 03 61 8b b1 6a d9 16 00 00 fd 13 00 00 0c 01 00 00 48 3f 00  | 2026-09-21 19:54:09
19:54:09.681 <- 13 61 8b b1 6a b2 03 00 00 b8 0b 00 00 e8 17 00 00 00 00 00  | 2026-09-21 19:54:09
19:54:10.398 <- 03 61 8b b1 6a da 16 00 00 fe 13 00 00 0c 01 00 00 48 3f 00  | 2026-09-21 19:54:09
19:54:10.400 <- 13 61 8b b1 6a b2 03 00 00 b8 0b 00 00 e8 17 00 00 00 00 00  | 2026-09-21 19:54:09
19:54:10.428 <- 06 02 00 00 00 00 00 00 00 00 00 00 00 00 00 00 00 00 00 00
19:54:11.119 <- 03 61 8b b1 6a db 16 00 00 ff 13 00 00 0c 01 00 00 48 3f 00  | 2026-09-21 19:54:09
19:54:11.120 <- 13 61 8b b1 6a b2 03 00 00 b8 0b 00 00 e8 17 00 00 00 00 00  | 2026-09-21 19:54:09
19:54:11.148 <- 03 62 8b b1 6a dc 16 00 00 00 14 00 00 0c 01 00 00 48 3f 00  | 2026-09-21 19:54:10
19:54:11.150 <- 13 62 8b b1 6a b2 03 00 00 b8 0b 00 00 e8 17 00 00 00 00 00  | 2026-09-21 19:54:10
19:54:12.229 <- 03 63 8b b1 6a dd 16 00 00 01 14 00 00 0c 01 00 00 48 3f 00  | 2026-09-21 19:54:11
19:54:12.230 <- 13 63 8b b1 6a b2 03 00 00 b8 0b 00 00 e8 17 00 00 00 00 00  | 2026-09-21 19:54:11
19:54:12.258 <- 03 63 8b b1 6a de 16 00 00 02 14 00 00 0c 01 00 00 48 3f 00  | 2026-09-21 19:54:11
19:54:12.260 <- 13 63 8b b1 6a b3 03 00 00 b8 0b 00 00 e8 17 00 00 00 00 00  | 2026-09-21 19:54:11
19:54:13.279 <- 03 64 8b b1 6a df 16 00 00 03 14 00 00 0c 01 00 00 48 3f 00  | 2026-09-21 19:54:12
19:54:13.280 <- 13 64 8b b1 6a b4 03 00 00 b8 0b 00 00 e8 17 00 00 00 00 00  | 2026-09-21 19:54:12
19:54:13.309 <- 03 64 8b b1 6a e0 16 00 00 04 14 00 00 0d 01 00 00 48 3f 00  | 2026-09-21 19:54:12
19:54:13.309 <- 13 64 8b b1 6a b5 03 00 00 b8 0b 00 00 e8 17 00 00 00 00 00  | 2026-09-21 19:54:12
19:54:14.328 <- 03 65 8b b1 6a e1 16 00 00 04 14 00 00 0d 01 00 00 48 3f 00  | 2026-09-21 19:54:13
19:54:14.329 <- 13 65 8b b1 6a b6 03 00 00 b8 0b 00 00 e8 17 00 00 00 00 00  | 2026-09-21 19:54:13
19:54:15.018 <- 03 66 8b b1 6a e2 16 00 00 05 14 00 00 0d 01 00 00 48 3f 00  | 2026-09-21 19:54:14
19:54:15.020 <- 13 66 8b b1 6a b6 03 00 00 b8 0b 00 00 e8 17 00 00 00 00 00  | 2026-09-21 19:54:14
19:54:15.050 <- 03 66 8b b1 6a e3 16 00 00 06 14 00 00 0d 01 00 00 48 3f 00  | 2026-09-21 19:54:14
19:54:15.050 <- 13 66 8b b1 6a b6 03 00 00 b8 0b 00 00 e8 17 00 00 00 00 00  | 2026-09-21 19:54:14
19:54:16.069 <- 03 67 8b b1 6a e4 16 00 00 07 14 00 00 0d 01 00 00 48 3f 00  | 2026-09-21 19:54:15
19:54:16.071 <- 13 67 8b b1 6a b6 03 00 00 b8 0b 00 00 e8 17 00 00 00 00 00  | 2026-09-21 19:54:15
19:54:16.788 <- 03 67 8b b1 6a e5 16 00 00 08 14 00 00 0d 01 00 00 48 3f 00  | 2026-09-21 19:54:15
19:54:16.790 <- 13 67 8b b1 6a b6 03 00 00 b8 0b 00 00 e8 17 00 00 00 00 00  | 2026-09-21 19:54:15
19:54:17.479 <- 03 68 8b b1 6a e6 16 00 00 09 14 00 00 0d 01 00 00 48 3f 00  | 2026-09-21 19:54:16
19:54:17.480 <- 13 68 8b b1 6a b6 03 00 00 b8 0b 00 00 e8 17 00 00 00 00 00  | 2026-09-21 19:54:16
19:54:17.480 <- 03 69 8b b1 6a e7 16 00 00 0a 14 00 00 0d 01 00 00 48 3f 00  | 2026-09-21 19:54:17
19:54:17.511 <- 13 69 8b b1 6a b6 03 00 00 b8 0b 00 00 e8 17 00 00 00 00 00  | 2026-09-21 19:54:17
19:54:18.529 <- 03 69 8b b1 6a e8 16 00 00 0b 14 00 00 0d 01 00 00 48 3f 00  | 2026-09-21 19:54:17
19:54:18.531 <- 13 69 8b b1 6a b6 03 00 00 b8 0b 00 00 e8 17 00 00 00 00 00  | 2026-09-21 19:54:17
19:54:18.560 <- 03 69 8b b1 6a e9 16 00 00 0b 14 00 00 0d 01 00 00 48 3f 00  | 2026-09-21 19:54:17
19:54:18.560 <- 13 69 8b b1 6a b6 03 00 00 b8 0b 00 00 e8 17 00 00 00 00 00  | 2026-09-21 19:54:17
19:54:19.581 <- 03 6a 8b b1 6a ea 16 00 00 0c 14 00 00 0d 01 00 00 48 3f 00  | 2026-09-21 19:54:18
19:54:19.581 <- 13 6a 8b b1 6a b6 03 00 00 b8 0b 00 00 e8 17 00 00 00 00 00  | 2026-09-21 19:54:18
19:54:19.611 <- 03 6b 8b b1 6a eb 16 00 00 0d 14 00 00 0d 01 00 00 48 3f 00  | 2026-09-21 19:54:19
19:54:19.611 <- 13 6b 8b b1 6a b6 03 00 00 b8 0b 00 00 e8 17 00 00 00 00 00  | 2026-09-21 19:54:19
19:54:20.629 <- 03 6b 8b b1 6a ec 16 00 00 0e 14 00 00 0d 01 00 00 48 3f 00  | 2026-09-21 19:54:19
19:54:20.632 -> 03 00 00 00 00 00 00 00 00 00 00 00 00 00 00 00 00 00 00 00
19:54:20.632 <- 13 6b 8b b1 6a b6 03 00 00 b8 0b 00 00 e8 17 00 00 00 00 00  | 2026-09-21 19:54:19
19:54:20.689 <- 03 6b 8b b1 6a ec 16 00 00 0e 14 00 00 0d 01 00 00 48 3f 00  | 2026-09-21 19:54:19
19:54:20.690 <- 13 6b 8b b1 6a b6 03 00 00 b8 0b 00 00 e8 17 00 00 00 00 00  | 2026-09-21 19:54:19
19:54:20.721 <- 03 6b 8b b1 6a ed 16 00 00 0f 14 00 00 0d 01 00 00 48 3f 00  | 2026-09-21 19:54:19
19:54:20.721 <- 13 6b 8b b1 6a b6 03 00 00 b8 0b 00 00 e8 17 00 00 00 00 00  | 2026-09-21 19:54:19
19:54:20.751 -> 0b 00 00 00 00 00 00 00 00 00 00 00 00 00 00 00 00 00 00 00
19:54:20.782 <- 0b 09 00 00 00 00 00 00 00 00 00 00 00 00 00 00 00 00 00 00  | байт1 = 9
19:54:21.798 <- 03 6d 8b b1 6a ee 16 00 00 10 14 00 00 0d 01 00 00 48 3f 00  | 2026-09-21 19:54:21
19:54:21.799 <- 13 6d 8b b1 6a b6 03 00 00 b8 0b 00 00 e8 17 00 00 00 00 00  | 2026-09-21 19:54:21
19:54:21.828 <- 03 6d 8b b1 6a ef 16 00 00 11 14 00 00 0d 01 00 00 48 3f 00  | 2026-09-21 19:54:21
19:54:21.830 <- 13 6d 8b b1 6a b6 03 00 00 b8 0b 00 00 e8 17 00 00 00 00 00  | 2026-09-21 19:54:21
19:54:22.848 <- 03 6d 8b b1 6a f0 16 00 00 12 14 00 00 0d 01 00 00 48 3f 00  | 2026-09-21 19:54:21
19:54:22.849 <- 13 6d 8b b1 6a b6 03 00 00 b8 0b 00 00 e8 17 00 00 00 00 00  | 2026-09-21 19:54:21
19:54:23.538 <- 03 6e 8b b1 6a f1 16 00 00 12 14 00 00 0d 01 00 00 48 3f 00  | 2026-09-21 19:54:22
19:54:23.540 <- 13 6e 8b b1 6a b6 03 00 00 b8 0b 00 00 e8 17 00 00 00 00 00  | 2026-09-21 19:54:22
19:54:23.568 <- 03 6f 8b b1 6a f2 16 00 00 13 14 00 00 0d 01 00 00 48 3f 00  | 2026-09-21 19:54:23
19:54:23.569 <- 13 6f 8b b1 6a b6 03 00 00 b8 0b 00 00 e8 17 00 00 00 00 00  | 2026-09-21 19:54:23
19:54:24.591 <- 03 6f 8b b1 6a f3 16 00 00 14 14 00 00 0d 01 00 00 48 3f 00  | 2026-09-21 19:54:23
19:54:24.591 <- 13 6f 8b b1 6a b6 03 00 00 b8 0b 00 00 e8 17 00 00 00 00 00  | 2026-09-21 19:54:23
19:54:24.979 <- 03 70 8b b1 6a f4 16 00 00 15 14 00 00 0d 01 00 00 48 3f 00  | 2026-09-21 19:54:24
19:54:24.980 <- 13 70 8b b1 6a b6 03 00 00 b8 0b 00 00 e8 17 00 00 00 00 00  | 2026-09-21 19:54:24
19:54:25.821 <- 03 71 8b b1 6a f5 16 00 00 16 14 00 00 0d 01 00 00 48 3f 00  | 2026-09-21 19:54:25
19:54:25.821 <- 13 71 8b b1 6a b6 03 00 00 b8 0b 00 00 e8 17 00 00 00 00 00  | 2026-09-21 19:54:25
19:54:26.509 <- 03 71 8b b1 6a f6 16 00 00 17 14 00 00 0e 01 00 00 48 3f 00  | 2026-09-21 19:54:25
19:54:26.510 <- 13 71 8b b1 6a b6 03 00 00 b8 0b 00 00 e8 17 00 00 00 00 00  | 2026-09-21 19:54:25
19:54:27.199 <- 03 72 8b b1 6a f7 16 00 00 18 14 00 00 0e 01 00 00 48 3f 00  | 2026-09-21 19:54:26
19:54:27.200 <- 13 72 8b b1 6a b6 03 00 00 b8 0b 00 00 e8 17 00 00 00 00 00  | 2026-09-21 19:54:26
19:54:27.888 <- 03 73 8b b1 6a f8 16 00 00 19 14 00 00 0e 01 00 00 48 3f 00  | 2026-09-21 19:54:27
19:54:27.890 <- 13 73 8b b1 6a b6 03 00 00 b8 0b 00 00 e8 17 00 00 00 00 00  | 2026-09-21 19:54:27
19:54:28.249 <- 03 73 8b b1 6a f9 16 00 00 19 14 00 00 0e 01 00 00 48 3f 00  | 2026-09-21 19:54:27
19:54:28.250 <- 13 73 8b b1 6a b6 03 00 00 b8 0b 00 00 e8 17 00 00 00 00 00  | 2026-09-21 19:54:27
19:54:28.939 <- 03 73 8b b1 6a fa 16 00 00 1a 14 00 00 0e 01 00 00 48 3f 00  | 2026-09-21 19:54:27
19:54:28.939 <- 13 73 8b b1 6a b6 03 00 00 b8 0b 00 00 e8 17 00 00 00 00 00  | 2026-09-21 19:54:27
19:54:29.959 <- 03 75 8b b1 6a fb 16 00 00 1b 14 00 00 0e 01 00 00 48 3f 00  | 2026-09-21 19:54:29
19:54:29.960 <- 13 75 8b b1 6a b6 03 00 00 b8 0b 00 00 e8 17 00 00 00 00 00  | 2026-09-21 19:54:29
19:54:30.649 <- 03 75 8b b1 6a fc 16 00 00 1c 14 00 00 0e 01 00 00 48 3f 00  | 2026-09-21 19:54:29
19:54:30.650 <- 13 75 8b b1 6a b6 03 00 00 b8 0b 00 00 e8 17 00 00 00 00 00  | 2026-09-21 19:54:29
19:54:31.339 <- 03 76 8b b1 6a fd 16 00 00 1d 14 00 00 0e 01 00 00 48 3f 00  | 2026-09-21 19:54:30
19:54:31.340 <- 13 76 8b b1 6a b6 03 00 00 b8 0b 00 00 e8 17 00 00 00 00 00  | 2026-09-21 19:54:30
19:54:32.028 <- 03 77 8b b1 6a fe 16 00 00 1e 14 00 00 0e 01 00 00 48 3f 00  | 2026-09-21 19:54:31
19:54:32.029 <- 13 77 8b b1 6a b6 03 00 00 b8 0b 00 00 e8 17 00 00 00 00 00  | 2026-09-21 19:54:31
19:54:32.929 <- 03 77 8b b1 6a ff 16 00 00 1f 14 00 00 0e 01 00 00 48 3f 00  | 2026-09-21 19:54:31
19:54:32.930 <- 13 77 8b b1 6a b6 03 00 00 b8 0b 00 00 e8 17 00 00 00 00 00  | 2026-09-21 19:54:31
19:54:33.289 <- 03 78 8b b1 6a 00 17 00 00 20 14 00 00 0e 01 00 00 48 3f 00  | 2026-09-21 19:54:32
19:54:33.290 <- 13 78 8b b1 6a b6 03 00 00 b8 0b 00 00 e8 17 00 00 00 00 00  | 2026-09-21 19:54:32
19:54:33.321 <- 03 78 8b b1 6a 01 17 00 00 20 14 00 00 0e 01 00 00 48 3f 00  | 2026-09-21 19:54:32
19:54:33.321 <- 13 78 8b b1 6a b6 03 00 00 b8 0b 00 00 e8 17 00 00 00 00 00  | 2026-09-21 19:54:32
19:54:34.009 <- 03 79 8b b1 6a 02 17 00 00 21 14 00 00 0e 01 00 00 48 3f 00  | 2026-09-21 19:54:33
19:54:34.010 <- 13 79 8b b1 6a b6 03 00 00 b8 0b 00 00 e8 17 00 00 00 00 00  | 2026-09-21 19:54:33
19:54:34.040 <- 03 79 8b b1 6a 03 17 00 00 22 14 00 00 0e 01 00 00 48 3f 00  | 2026-09-21 19:54:33
19:54:34.040 <- 13 79 8b b1 6a b6 03 00 00 b8 0b 00 00 e8 17 00 00 00 00 00  | 2026-09-21 19:54:33
19:54:34.729 <- 03 79 8b b1 6a 04 17 00 00 23 14 00 00 0e 01 00 00 48 3f 00  | 2026-09-21 19:54:33
19:54:34.730 <- 13 79 8b b1 6a b6 03 00 00 b8 0b 00 00 e8 17 00 00 00 00 00  | 2026-09-21 19:54:33
19:54:34.760 <- 06 02 00 00 00 00 00 00 00 00 00 00 00 00 00 00 00 00 00 00
19:54:35.808 <- 03 7a 8b b1 6a 05 17 00 00 24 14 00 00 0e 01 00 00 48 3f 00  | 2026-09-21 19:54:34
19:54:35.809 <- 13 7a 8b b1 6a b6 03 00 00 b8 0b 00 00 e8 17 00 00 00 00 00  | 2026-09-21 19:54:34
19:54:35.810 <- 03 7b 8b b1 6a 06 17 00 00 25 14 00 00 0e 01 00 00 48 3f 00  | 2026-09-21 19:54:35
19:54:35.838 <- 13 7b 8b b1 6a b6 03 00 00 b8 0b 00 00 e8 17 00 00 00 00 00  | 2026-09-21 19:54:35
19:54:36.528 <- 03 7c 8b b1 6a 07 17 00 00 26 14 00 00 0e 01 00 00 48 3f 00  | 2026-09-21 19:54:36
19:54:36.529 <- 13 7c 8b b1 6a b6 03 00 00 b8 0b 00 00 e8 17 00 00 00 00 00  | 2026-09-21 19:54:36
19:54:37.549 <- 03 7c 8b b1 6a 08 17 00 00 27 14 00 00 0e 01 00 00 48 3f 00  | 2026-09-21 19:54:36
19:54:37.550 <- 13 7c 8b b1 6a b6 03 00 00 b8 0b 00 00 e8 17 00 00 00 00 00  | 2026-09-21 19:54:36
19:54:37.581 <- 03 7c 8b b1 6a 09 17 00 00 27 14 00 00 0e 01 00 00 48 3f 00  | 2026-09-21 19:54:36
19:54:37.581 <- 13 7c 8b b1 6a b6 03 00 00 b8 0b 00 00 e8 17 00 00 00 00 00  | 2026-09-21 19:54:36
19:54:38.599 <- 03 7d 8b b1 6a 0a 17 00 00 28 14 00 00 0e 01 00 00 48 3f 00  | 2026-09-21 19:54:37
19:54:38.600 <- 13 7d 8b b1 6a b6 03 00 00 b8 0b 00 00 e8 17 00 00 00 00 00  | 2026-09-21 19:54:37
19:54:39.289 <- 03 7e 8b b1 6a 0b 17 00 00 29 14 00 00 0e 01 00 00 48 3f 00  | 2026-09-21 19:54:38
19:54:39.290 <- 13 7e 8b b1 6a b6 03 00 00 b8 0b 00 00 e8 17 00 00 00 00 00  | 2026-09-21 19:54:38
19:54:39.979 <- 03 7e 8b b1 6a 0c 17 00 00 2a 14 00 00 0f 01 00 00 48 3f 00  | 2026-09-21 19:54:38
19:54:39.980 <- 13 7e 8b b1 6a b6 03 00 00 b8 0b 00 00 e8 17 00 00 00 00 00  | 2026-09-21 19:54:38
19:54:40.668 <- 03 7f 8b b1 6a 0d 17 00 00 2b 14 00 00 0f 01 00 00 48 3f 00  | 2026-09-21 19:54:39
19:54:40.669 <- 13 7f 8b b1 6a b6 03 00 00 b8 0b 00 00 e8 17 00 00 00 00 00  | 2026-09-21 19:54:39
19:54:41.359 <- 03 80 8b b1 6a 0e 17 00 00 2c 14 00 00 0f 01 00 00 48 3f 00  | 2026-09-21 19:54:40
19:54:41.360 <- 13 80 8b b1 6a b6 03 00 00 b8 0b 00 00 e8 17 00 00 00 00 00  | 2026-09-21 19:54:40
19:54:41.391 <- 03 80 8b b1 6a 0f 17 00 00 2d 14 00 00 0f 01 00 00 48 3f 00  | 2026-09-21 19:54:40
19:54:41.391 <- 13 80 8b b1 6a b6 03 00 00 b8 0b 00 00 e8 17 00 00 00 00 00  | 2026-09-21 19:54:40
19:54:42.078 <- 06 02 00 00 00 00 00 00 00 00 00 00 00 00 00 00 00 00 00 00
19:54:42.081 <- 03 81 8b b1 6a 10 17 00 00 2e 14 00 00 0f 01 00 00 48 3f 00  | 2026-09-21 19:54:41
19:54:42.081 <- 13 81 8b b1 6a b6 03 00 00 b8 0b 00 00 e8 17 00 00 00 00 00  | 2026-09-21 19:54:41
19:54:42.138 <- 03 81 8b b1 6a 11 17 00 00 2e 14 00 00 0f 01 00 00 48 3f 00  | 2026-09-21 19:54:41
19:54:42.141 <- 13 81 8b b1 6a b6 03 00 00 b8 0b 00 00 e8 17 00 00 00 00 00  | 2026-09-21 19:54:41
19:54:43.490 <- 03 82 8b b1 6a 12 17 00 00 2f 14 00 00 0f 01 00 00 48 3f 00  | 2026-09-21 19:54:42
19:54:43.490 <- 13 82 8b b1 6a b6 03 00 00 b8 0b 00 00 e8 17 00 00 00 00 00  | 2026-09-21 19:54:42
19:54:44.509 <- 03 83 8b b1 6a 13 17 00 00 30 14 00 00 0f 01 00 00 48 3f 00  | 2026-09-21 19:54:43
19:54:44.510 <- 13 83 8b b1 6a b6 03 00 00 b8 0b 00 00 e8 17 00 00 00 00 00  | 2026-09-21 19:54:43
19:54:45.528 <- 03 84 8b b1 6a 14 17 00 00 31 14 00 00 0f 01 00 00 48 3f 00  | 2026-09-21 19:54:44
19:54:45.530 <- 13 84 8b b1 6a b6 03 00 00 b8 0b 00 00 e8 17 00 00 00 00 00  | 2026-09-21 19:54:44
19:54:46.218 <- 03 85 8b b1 6a 15 17 00 00 32 14 00 00 0f 01 00 00 48 3f 00  | 2026-09-21 19:54:45
19:54:46.248 <- 13 85 8b b1 6a b6 03 00 00 b8 0b 00 00 e8 17 00 00 00 00 00  | 2026-09-21 19:54:45
19:54:46.938 <- 03 85 8b b1 6a 16 17 00 00 33 14 00 00 0f 01 00 00 48 3f 00  | 2026-09-21 19:54:45
19:54:46.940 <- 13 85 8b b1 6a b6 03 00 00 b8 0b 00 00 e8 17 00 00 00 00 00  | 2026-09-21 19:54:45
19:54:46.970 <- 03 86 8b b1 6a 17 17 00 00 34 14 00 00 0f 01 00 00 48 3f 00  | 2026-09-21 19:54:46
19:54:46.970 <- 13 86 8b b1 6a b6 03 00 00 b8 0b 00 00 e8 17 00 00 00 00 00  | 2026-09-21 19:54:46
19:54:47.658 <- 06 02 00 00 00 00 00 00 00 00 00 00 00 00 00 00 00 00 00 00
19:54:47.660 <- 03 87 8b b1 6a 18 17 00 00 35 14 00 00 0f 01 00 00 48 3f 00  | 2026-09-21 19:54:47
19:54:47.660 <- 13 87 8b b1 6a b6 03 00 00 b8 0b 00 00 e8 17 00 00 00 00 00  | 2026-09-21 19:54:47
19:54:48.528 <- 03 87 8b b1 6a 19 17 00 00 35 14 00 00 0f 01 00 00 48 3f 00  | 2026-09-21 19:54:47
19:54:48.529 <- 13 87 8b b1 6a b6 03 00 00 b8 0b 00 00 e8 17 00 00 00 00 00  | 2026-09-21 19:54:47
19:54:49.218 <- 03 88 8b b1 6a 1a 17 00 00 36 14 00 00 0f 01 00 00 48 3f 00  | 2026-09-21 19:54:48
19:54:49.220 <- 13 88 8b b1 6a b6 03 00 00 b8 0b 00 00 e8 17 00 00 00 00 00  | 2026-09-21 19:54:48
19:54:49.579 <- 03 88 8b b1 6a 1b 17 00 00 37 14 00 00 0f 01 00 00 48 3f 00  | 2026-09-21 19:54:48
19:54:49.580 <- 13 88 8b b1 6a b6 03 00 00 b8 0b 00 00 e8 17 00 00 00 00 00  | 2026-09-21 19:54:48
19:54:50.269 <- 03 89 8b b1 6a 1c 17 00 00 38 14 00 00 0f 01 00 00 48 3f 00  | 2026-09-21 19:54:49
19:54:50.271 <- 13 89 8b b1 6a b6 03 00 00 b8 0b 00 00 e8 17 00 00 00 00 00  | 2026-09-21 19:54:49
19:54:50.271 <- 06 02 00 00 00 00 00 00 00 00 00 00 00 00 00 00 00 00 00 00
19:54:50.332 <- 03 89 8b b1 6a 1d 17 00 00 39 14 00 00 0f 01 00 00 48 3f 00  | 2026-09-21 19:54:49
19:54:50.332 <- 13 89 8b b1 6a b6 03 00 00 b8 0b 00 00 e8 17 00 00 00 00 00  | 2026-09-21 19:54:49
19:54:50.779 <- 03 89 8b b1 6a 1e 17 00 00 3a 14 00 00 0f 01 00 00 48 3f 00  | 2026-09-21 19:54:49
19:54:50.808 <- 13 89 8b b1 6a b6 03 00 00 b8 0b 00 00 e8 17 00 00 00 00 00  | 2026-09-21 19:54:49
19:54:51.498 <- 06 02 00 00 00 00 00 00 00 00 00 00 00 00 00 00 00 00 00 00
19:54:51.528 <- 03 8b 8b b1 6a 1f 17 00 00 3b 14 00 00 0f 01 00 00 48 3f 00  | 2026-09-21 19:54:51
19:54:51.530 <- 13 8b 8b b1 6a b6 03 00 00 b8 0b 00 00 e8 17 00 00 00 00 00  | 2026-09-21 19:54:51
19:54:51.888 <- 03 8b 8b b1 6a 20 17 00 00 3c 14 00 00 0f 01 00 00 48 3f 00  | 2026-09-21 19:54:51
19:54:51.890 <- 13 8b 8b b1 6a b6 03 00 00 b8 0b 00 00 e8 17 00 00 00 00 00  | 2026-09-21 19:54:51
19:54:52.909 <- 03 8b 8b b1 6a 21 17 00 00 3c 14 00 00 0f 01 00 00 48 3f 00  | 2026-09-21 19:54:51
19:54:52.910 <- 13 8b 8b b1 6a b6 03 00 00 b8 0b 00 00 e8 17 00 00 00 00 00  | 2026-09-21 19:54:51
19:54:52.941 <- 06 02 00 00 00 00 00 00 00 00 00 00 00 00 00 00 00 00 00 00
19:54:52.941 <- 03 8c 8b b1 6a 22 17 00 00 3d 14 00 00 10 01 00 00 48 3f 00  | 2026-09-21 19:54:52
19:54:52.941 <- 13 8c 8b b1 6a b6 03 00 00 b8 0b 00 00 e8 17 00 00 00 00 00  | 2026-09-21 19:54:52
19:54:53.989 <- 03 8d 8b b1 6a 23 17 00 00 3e 14 00 00 10 01 00 00 48 3f 00  | 2026-09-21 19:54:53
19:54:53.991 <- 13 8d 8b b1 6a b6 03 00 00 b8 0b 00 00 e8 17 00 00 00 00 00  | 2026-09-21 19:54:53
19:54:54.678 <- 06 02 00 00 00 00 00 00 00 00 00 00 00 00 00 00 00 00 00 00
19:54:54.708 <- 03 8d 8b b1 6a 24 17 00 00 3f 14 00 00 10 01 00 00 48 3f 00  | 2026-09-21 19:54:53
19:54:54.711 <- 13 8d 8b b1 6a b6 03 00 00 b8 0b 00 00 e8 17 00 00 00 00 00  | 2026-09-21 19:54:53
19:54:55.401 <- 03 8e 8b b1 6a 25 17 00 00 40 14 00 00 10 01 00 00 48 3f 00  | 2026-09-21 19:54:54
19:54:55.401 <- 13 8e 8b b1 6a b6 03 00 00 b8 0b 00 00 e8 17 00 00 00 00 00  | 2026-09-21 19:54:54
19:54:55.758 <- 06 02 00 00 00 00 00 00 00 00 00 00 00 00 00 00 00 00 00 00
19:54:55.760 <- 03 8e 8b b1 6a 26 17 00 00 41 14 00 00 10 01 00 00 48 3f 00  | 2026-09-21 19:54:54
19:54:55.760 <- 13 8e 8b b1 6a b6 03 00 00 b8 0b 00 00 e8 17 00 00 00 00 00  | 2026-09-21 19:54:54
19:54:55.818 <- 03 8f 8b b1 6a 27 17 00 00 42 14 00 00 10 01 00 00 48 3f 00  | 2026-09-21 19:54:55
19:54:55.819 <- 13 8f 8b b1 6a b7 03 00 00 b8 0b 00 00 e8 17 00 00 00 00 00  | 2026-09-21 19:54:55
19:54:58.728 <- 06 02 00 00 00 00 00 00 00 00 00 00 00 00 00 00 00 00 00 00
19:55:04.548 <- 06 02 00 00 00 00 00 00 00 00 00 00 00 00 00 00 00 00 00 00
19:55:05.568 <- 06 02 00 00 00 00 00 00 00 00 00 00 00 00 00 00 00 00 00 00
19:55:08.238 <- 06 02 00 00 00 00 00 00 00 00 00 00 00 00 00 00 00 00 00 00
19:55:14.868 <- 06 02 00 00 00 00 00 00 00 00 00 00 00 00 00 00 00 00 00 00
19:55:20.059 <- 06 02 00 00 00 00 00 00 00 00 00 00 00 00 00 00 00 00 00 00
19:55:22.758 <- 06 02 00 00 00 00 00 00 00 00 00 00 00 00 00 00 00 00 00 00
19:55:24.888 <- 06 02 00 00 00 00 00 00 00 00 00 00 00 00 00 00 00 00 00 00
19:55:27.259 <- 06 02 00 00 00 00 00 00 00 00 00 00 00 00 00 00 00 00 00 00
19:55:28.335 <- 06 02 00 00 00 00 00 00 00 00 00 00 00 00 00 00 00 00 00 00
19:55:30.740 <- 06 02 00 00 00 00 00 00 00 00 00 00 00 00 00 00 00 00 00 00
19:55:32.178 <- 06 02 00 00 00 00 00 00 00 00 00 00 00 00 00 00 00 00 00 00
19:55:34.009 <- 06 02 00 00 00 00 00 00 00 00 00 00 00 00 00 00 00 00 00 00
19:55:35.359 <- 06 02 00 00 00 00 00 00 00 00 00 00 00 00 00 00 00
